"d_codigo","d_asenta","d_tipo_asenta","d_mnpio","d_estado"
"83000","Hermosillo Centro","Colonia","Hermosillo","Sonora"
"83010","5 de Mayo","Colonia","Hermosillo","Sonora"
"83010","Country Club","Colonia","Hermosillo","Sonora"
"83010","Lomas Pitic","Colonia","Hermosillo","Sonora"
"83010","Mediterráneo Residencial","Colonia","Hermosillo","Sonora"
"83010","Campestre Residencial","Colonia","Hermosillo","Sonora"
"83010","Cerrada el Encanto","Fraccionamiento","Hermosillo","Sonora"
"83010","Los Igualados","Colonia","Hermosillo","Sonora"
"83010","Los Altos Residencial","Fraccionamiento","Hermosillo","Sonora"
"83010","Country Club Residencial","Fraccionamiento","Hermosillo","Sonora"
"83013","PEMEX","Colonia","Hermosillo","Sonora"
"83013","Ferrocarrilera","Colonia","Hermosillo","Sonora"
"83015","Rinconada de Nuevo León","Colonia","Hermosillo","Sonora"
"83016","Cruz Gálvez","Colonia","Hermosillo","Sonora"
"83020","Las Amapolas","Colonia","Hermosillo","Sonora"
"83029","La Metalera","Colonia","Hermosillo","Sonora"
"83030","Cañada de los Negros","Colonia","Hermosillo","Sonora"
"83040","Coloso","Colonia","Hermosillo","Sonora"
"83040","El Mariachi","Colonia","Hermosillo","Sonora"
"83050","El Ranchito","Colonia","Hermosillo","Sonora"
"83050","Rinconada de la Cruz","Colonia","Hermosillo","Sonora"
"83050","Bella Vista","Colonia","Hermosillo","Sonora"
"83060","Los Naranjos","Colonia","Hermosillo","Sonora"
"83067","Universidad","Colonia","Hermosillo","Sonora"
"83068","Revolución II","Colonia","Hermosillo","Sonora"
"83068","Los Sauces","Colonia","Hermosillo","Sonora"
"83070","Del Razo","Colonia","Hermosillo","Sonora"
"83070","San Juan","Colonia","Hermosillo","Sonora"
"83070","Cerrada Norwalk","Colonia","Hermosillo","Sonora"
"83078","Revolución I","Colonia","Hermosillo","Sonora"
"83079","Casa Blanca","Colonia","Hermosillo","Sonora"
"83079","Cerro de la Campana","Colonia","Hermosillo","Sonora"
"83079","Villa del Pitic","Colonia","Hermosillo","Sonora"
"83079","Privada Casa Blanca","Fraccionamiento","Hermosillo","Sonora"
"83079","Chino Abelardo","Colonia","Hermosillo","Sonora"
"83080","La Matanza","Colonia","Hermosillo","Sonora"
"83089","Las Pilas","Colonia","Hermosillo","Sonora"
"83090","Hacienda de la Flor","Colonia","Hermosillo","Sonora"
"83100","Apolo","Colonia","Hermosillo","Sonora"
"83100","Atardeceres","Colonia","Hermosillo","Sonora"
"83100","Ley 57","Colonia","Hermosillo","Sonora"
"83100","Popular","Colonia","Hermosillo","Sonora"
"83100","Prados del Sol","Colonia","Hermosillo","Sonora"
"83100","Misión del Real","Fraccionamiento","Hermosillo","Sonora"
"83100","Misión del Sol","Fraccionamiento","Hermosillo","Sonora"
"83100","San Diego","Fraccionamiento","Hermosillo","Sonora"
"83100","Prados de Bugambilias","Colonia","Hermosillo","Sonora"
"83100","Misión San Ignacio","Fraccionamiento","Hermosillo","Sonora"
"83100","Residencial Kino","Colonia","Hermosillo","Sonora"
"83100","Cerrada del Carmen","Colonia","Hermosillo","Sonora"
"83100","Privada Córdoba","Colonia","Hermosillo","Sonora"
"83100","Privada Robles","Colonia","Hermosillo","Sonora"
"83100","15 ""A""","Colonia","Hermosillo","Sonora"
"83103","CNOP","Colonia","Hermosillo","Sonora"
"83103","Lomas de Madrid","Colonia","Hermosillo","Sonora"
"83104","López Portillo","Colonia","Hermosillo","Sonora"
"83104","Altos de Aragón","Fraccionamiento","Hermosillo","Sonora"
"83104","Alta Firenze Residencial","Fraccionamiento","Hermosillo","Sonora"
"83104","Alta Firenze Norte","Fraccionamiento","Hermosillo","Sonora"
"83104","Valle de Santa Mónica","Colonia","Hermosillo","Sonora"
"83104","San Lorenzo","Fraccionamiento","Hermosillo","Sonora"
"83104","Lomas de Linda Vista","Colonia","Hermosillo","Sonora"
"83104","Margaritas Olivos","Colonia","Hermosillo","Sonora"
"83104","Firenze Residencial","Fraccionamiento","Hermosillo","Sonora"
"83104","Alborada","Colonia","Hermosillo","Sonora"
"83104","Palermo Sección Veneto","Fraccionamiento","Hermosillo","Sonora"
"83104","Palermo Sección Partanna","Fraccionamiento","Hermosillo","Sonora"
"83104","Palermo Sección Ferrara","Fraccionamiento","Hermosillo","Sonora"
"83105","Jacinto López","Colonia","Hermosillo","Sonora"
"83105","Residencial la Cima","Fraccionamiento","Hermosillo","Sonora"
"83105","Residencial la Cima II","Fraccionamiento","Hermosillo","Sonora"
"83105","Granada","Fraccionamiento","Hermosillo","Sonora"
"83105","Guayacán","Colonia","Hermosillo","Sonora"
"83105","Caperuzo","Fraccionamiento","Hermosillo","Sonora"
"83105","4 de Marzo","Colonia","Hermosillo","Sonora"
"83105","El Cortijo","Fraccionamiento","Hermosillo","Sonora"
"83105","Haciendas Residencial","Fraccionamiento","Hermosillo","Sonora"
"83105","La Caridad","Fraccionamiento","Hermosillo","Sonora"
"83105","Nuevo Horizonte","Fraccionamiento","Hermosillo","Sonora"
"83105","Paseo de las Palmas","Fraccionamiento","Hermosillo","Sonora"
"83105","Villas del Palmar","Colonia","Hermosillo","Sonora"
"83105","Rincón Agradable","Colonia","Hermosillo","Sonora"
"83105","San Sebastián","Colonia","Hermosillo","Sonora"
"83105","Cerrada de la Capilla","Fraccionamiento","Hermosillo","Sonora"
"83105","Cortijo Periodista","Fraccionamiento","Hermosillo","Sonora"
"83105","Retorno de la Misión","Fraccionamiento","Hermosillo","Sonora"
"83105","Cerrada la Caridad","Fraccionamiento","Hermosillo","Sonora"
"83105","Lomas del Norte","Fraccionamiento","Hermosillo","Sonora"
"83106","Insurgentes","Colonia","Hermosillo","Sonora"
"83106","Monterosa Hábitat Residencial","Fraccionamiento","Hermosillo","Sonora"
"83106","Cárdeno Residencial","Fraccionamiento","Hermosillo","Sonora"
"83106","Vista Azul","Fraccionamiento","Hermosillo","Sonora"
"83106","La Mirada Residencial","Fraccionamiento","Hermosillo","Sonora"
"83106","Alto Valle","Fraccionamiento","Hermosillo","Sonora"
"83106","Los Ángeles","Fraccionamiento","Hermosillo","Sonora"
"83106","Rincón de Palmas","Fraccionamiento","Hermosillo","Sonora"
"83106","Villa Colonial","Colonia","Hermosillo","Sonora"
"83106","Villa Dorada","Fraccionamiento","Hermosillo","Sonora"
"83106","Villas de Cortés","Colonia","Hermosillo","Sonora"
"83106","Villa Guadalupe","Colonia","Hermosillo","Sonora"
"83106","Villa Sonora","Colonia","Hermosillo","Sonora"
"83106","Villas del Cortijo","Colonia","Hermosillo","Sonora"
"83106","Heberto Castillo","Colonia","Hermosillo","Sonora"
"83106","Villa del Rey","Colonia","Hermosillo","Sonora"
"83106","Privadas del Mirador","Fraccionamiento","Hermosillo","Sonora"
"83106","Privada Mixcoac","Fraccionamiento","Hermosillo","Sonora"
"83106","Las Vistas","Colonia","Hermosillo","Sonora"
"83106","Cerrada Coronado","Fraccionamiento","Hermosillo","Sonora"
"83106","Misión de Andalucía Residencial","Fraccionamiento","Hermosillo","Sonora"
"83106","Banus","Fraccionamiento","Hermosillo","Sonora"
"83106","Andalucía Residencial","Fraccionamiento","Hermosillo","Sonora"
"83106","Antara Residencial","Fraccionamiento","Hermosillo","Sonora"
"83106","Villa Colonial II","Colonia","Hermosillo","Sonora"
"83107","Altaria Residencial","Fraccionamiento","Hermosillo","Sonora"
"83107","Bilbao","Fraccionamiento","Hermosillo","Sonora"
"83107","Paseo del Cid Residencial","Fraccionamiento","Hermosillo","Sonora"
"83107","Montalbán Residencial","Fraccionamiento","Hermosillo","Sonora"
"83107","Catania Residencial","Fraccionamiento","Hermosillo","Sonora"
"83107","La Caridad","Fraccionamiento","Hermosillo","Sonora"
"83107","Canteras Residencial","Fraccionamiento","Hermosillo","Sonora"
"83107","Altaria Norte","Fraccionamiento","Hermosillo","Sonora"
"83107","Urbi Villa del Cedro","Fraccionamiento","Hermosillo","Sonora"
"83107","Urbi Alameda los Fresnos Residencial","Fraccionamiento","Hermosillo","Sonora"
"83107","Bella Vista","Ranchería","Hermosillo","Sonora"
"83107","La Reforma","Ranchería","Hermosillo","Sonora"
"83108","Puerta Norte","Fraccionamiento","Hermosillo","Sonora"
"83108","Pomona Residencial","Fraccionamiento","Hermosillo","Sonora"
"83108","Verandah","Fraccionamiento","Hermosillo","Sonora"
"83110","Benito Juárez","Colonia","Hermosillo","Sonora"
"83110","Mártires de Cananea","Colonia","Hermosillo","Sonora"
"83113","Jardines","Colonia","Hermosillo","Sonora"
"83113","Conjunto Arizona","Fraccionamiento","Hermosillo","Sonora"
"83114","Eusebio Kino","Colonia","Hermosillo","Sonora"
"83114","Velas Residencial","Fraccionamiento","Hermosillo","Sonora"
"83114","San Luis Rey","Fraccionamiento","Hermosillo","Sonora"
"83114","Santa Bárbara","Colonia","Hermosillo","Sonora"
"83114","Villas Residencial","Colonia","Hermosillo","Sonora"
"83114","Milán Residencial","Fraccionamiento","Hermosillo","Sonora"
"83114","Villa California Residencial","Fraccionamiento","Hermosillo","Sonora"
"83114","Lomas de Reforma","Fraccionamiento","Hermosillo","Sonora"
"83114","Aranjuez Residencial","Fraccionamiento","Hermosillo","Sonora"
"83115","Carmen Serdán","Colonia","Hermosillo","Sonora"
"83115","El Cortijo UNISON","Colonia","Hermosillo","Sonora"
"83116","Primero Hermosillo","Colonia","Hermosillo","Sonora"
"83116","Montesinos","Fraccionamiento","Hermosillo","Sonora"
"83116","Norberto Ortega","Colonia","Hermosillo","Sonora"
"83116","Real del Cobre","Fraccionamiento","Hermosillo","Sonora"
"83116","Solidaridad","Colonia","Hermosillo","Sonora"
"83116","Manuel Gómez Morín","Colonia","Hermosillo","Sonora"
"83116","Nueva Victoria","Colonia","Hermosillo","Sonora"
"83116","Valle del Portal","Fraccionamiento","Hermosillo","Sonora"
"83116","Real del Cardo","Fraccionamiento","Hermosillo","Sonora"
"83116","La Campiña","Fraccionamiento","Hermosillo","Sonora"
"83116","Villa Merlot Residencial","Fraccionamiento","Hermosillo","Sonora"
"83116","Tierra Colorada","Fraccionamiento","Hermosillo","Sonora"
"83116","Miguel Ángel Jiménez","Colonia","Hermosillo","Sonora"
"83116","Francisco Romero","Colonia","Hermosillo","Sonora"
"83116","Unión de Ladrilleros Manuel Dorado","Ranchería","Hermosillo","Sonora"
"83117","Miguel Hidalgo","Colonia","Hermosillo","Sonora"
"83117","Alondras Residencial","Fraccionamiento","Hermosillo","Sonora"
"83117","Monarca Residencial","Fraccionamiento","Hermosillo","Sonora"
"83117","Villa Bonita","Colonia","Hermosillo","Sonora"
"83117","Villas de San Lorenzo","Fraccionamiento","Hermosillo","Sonora"
"83117","Valladolid Residencial","Fraccionamiento","Hermosillo","Sonora"
"83117","El Encanto","Colonia","Hermosillo","Sonora"
"83117","Los Manantiales","Colonia","Hermosillo","Sonora"
"83117","Pilares","Fraccionamiento","Hermosillo","Sonora"
"83117","Privadas del Bosque","Colonia","Hermosillo","Sonora"
"83117","Tubac","Fraccionamiento","Hermosillo","Sonora"
"83117","Pueblo Bonito","Fraccionamiento","Hermosillo","Sonora"
"83117","Pueblo del Oro","Fraccionamiento","Hermosillo","Sonora"
"83117","Opatas","Colonia","Hermosillo","Sonora"
"83117","Cerrada Pimas","Colonia","Hermosillo","Sonora"
"83117","Cerrada Diamante","Fraccionamiento","Hermosillo","Sonora"
"83117","Palo Fierro","Fraccionamiento","Hermosillo","Sonora"
"83117","Torreplata Residencial","Fraccionamiento","Hermosillo","Sonora"
"83117","Romanza Residencial","Fraccionamiento","Hermosillo","Sonora"
"83117","Pueblitos Cerrada Kikapu","Fraccionamiento","Hermosillo","Sonora"
"83117","Pueblitos Cerrada Kukapa","Fraccionamiento","Hermosillo","Sonora"
"83117","Pueblitos Cerrada Papagos","Fraccionamiento","Hermosillo","Sonora"
"83117","Pueblitos Cerrada Guarijios","Fraccionamiento","Hermosillo","Sonora"
"83117","Privadas del Sauce","Fraccionamiento","Hermosillo","Sonora"
"83117","Los Pinos Residencial","Fraccionamiento","Hermosillo","Sonora"
"83117","Bicentenario Residencial","Fraccionamiento","Hermosillo","Sonora"
"83117","Portal de Romanza Residencial","Fraccionamiento","Hermosillo","Sonora"
"83117","Villas de Romanza","Fraccionamiento","Hermosillo","Sonora"
"83117","Miguel Valencia","Colonia","Hermosillo","Sonora"
"83118","Parque Industrial de Hermosillo Norte","Zona industrial","Hermosillo","Sonora"
"83118","Parque Central","Fraccionamiento","Hermosillo","Sonora"
"83118","Natura","Fraccionamiento","Hermosillo","Sonora"
"83118","Torralba Residencial","Fraccionamiento","Hermosillo","Sonora"
"83118","Privadas del Rey","Fraccionamiento","Hermosillo","Sonora"
"83118","Jardín Real Residencial","Fraccionamiento","Hermosillo","Sonora"
"83118","Monteregio Residencial","Fraccionamiento","Hermosillo","Sonora"
"83118","Cerro Colorado","Fraccionamiento","Hermosillo","Sonora"
"83118","Torre de Piedra","Fraccionamiento","Hermosillo","Sonora"
"83118","Cantabria","Fraccionamiento","Hermosillo","Sonora"
"83118","Privadas Santa Clara","Fraccionamiento","Hermosillo","Sonora"
"83118","Salvatierra","Colonia","Hermosillo","Sonora"
"83118","Real de Palmas","Fraccionamiento","Hermosillo","Sonora"
"83118","Valle Natura","Fraccionamiento","Hermosillo","Sonora"
"83118","Málaga","Fraccionamiento","Hermosillo","Sonora"
"83118","Navarra","Fraccionamiento","Hermosillo","Sonora"
"83118","Parque Industrial del Desierto","Zona industrial","Hermosillo","Sonora"
"83118","Nuevo Desierto","Colonia","Hermosillo","Sonora"
"83118","Arándanos Residencial","Fraccionamiento","Hermosillo","Sonora"
"83118","Villa del Real","Fraccionamiento","Hermosillo","Sonora"
"83118","Tumacacori","Fraccionamiento","Hermosillo","Sonora"
"83118","La Lengueta","Colonia","Hermosillo","Sonora"
"83118","Miniparque Industrial","Zona industrial","Hermosillo","Sonora"
"83118","Privadas del Real","Fraccionamiento","Hermosillo","Sonora"
"83118","Pueblo Alegre","Fraccionamiento","Hermosillo","Sonora"
"83118","Pueblo Escondido","Fraccionamiento","Hermosillo","Sonora"
"83118","Jorge Valdéz Muñoz","Fraccionamiento","Hermosillo","Sonora"
"83118","Privada San Germán","Fraccionamiento","Hermosillo","Sonora"
"83118","Pueblo del Sol","Fraccionamiento","Hermosillo","Sonora"
"83118","Villa Verde","Fraccionamiento","Hermosillo","Sonora"
"83118","Pueblo del Ángel","Fraccionamiento","Hermosillo","Sonora"
"83118","Pueblitos Sección los Álamos","Fraccionamiento","Hermosillo","Sonora"
"83118","Villas de Turin","Fraccionamiento","Hermosillo","Sonora"
"83118","Laura Alicia Frías de López Nogales","Colonia","Hermosillo","Sonora"
"83118","Tierra Nueva","Fraccionamiento","Hermosillo","Sonora"
"83118","Casalta Residencial","Fraccionamiento","Hermosillo","Sonora"
"83118","Córdoba Residencial","Fraccionamiento","Hermosillo","Sonora"
"83118","Paseos del Pedregal","Fraccionamiento","Hermosillo","Sonora"
"83118","Fuente de Piedra","Fraccionamiento","Hermosillo","Sonora"
"83118","Puerta del Rey","Fraccionamiento","Hermosillo","Sonora"
"83120","Las Isabeles","Colonia","Hermosillo","Sonora"
"83120","Progresista","Colonia","Hermosillo","Sonora"
"83120","Unión de Colonos","Colonia","Hermosillo","Sonora"
"83120","Machi López","Colonia","Hermosillo","Sonora"
"83120","Misión del Arco","Fraccionamiento","Hermosillo","Sonora"
"83120","Misioneros","Colonia","Hermosillo","Sonora"
"83120","Plaza Real","Fraccionamiento","Hermosillo","Sonora"
"83120","Virreyes","Colonia","Hermosillo","Sonora"
"83120","H Ayuntamiento","Colonia","Hermosillo","Sonora"
"83120","Los Viñedos","Colonia","Hermosillo","Sonora"
"83125","Villa Fontana","Colonia","Hermosillo","Sonora"
"83125","Plaza Grande","Fraccionamiento","Hermosillo","Sonora"
"83125","Misión San Jerónimo","Fraccionamiento","Hermosillo","Sonora"
"83126","Conquistadores","Colonia","Hermosillo","Sonora"
"83126","Cerro Colorado","Fraccionamiento","Hermosillo","Sonora"
"83126","Nueva Castilla","Colonia","Hermosillo","Sonora"
"83128","San Javier","Colonia","Hermosillo","Sonora"
"83130","Libertad","Colonia","Hermosillo","Sonora"
"83130","Santa Isabel","Colonia","Hermosillo","Sonora"
"83136","Choyal","Colonia","Hermosillo","Sonora"
"83136","Puesta del Sol","Colonia","Hermosillo","Sonora"
"83137","Las Flores","Colonia","Hermosillo","Sonora"
"83137","Cuartel Zona","Colonia","Hermosillo","Sonora"
"83138","Luis Encinas","Colonia","Hermosillo","Sonora"
"83138","Santa María","Colonia","Hermosillo","Sonora"
"83138","Bellavista","Fraccionamiento","Hermosillo","Sonora"
"83138","Sonomex","Colonia","Hermosillo","Sonora"
"83139","ISSSTESON Norte","Colonia","Hermosillo","Sonora"
"83139","Las Torres","Colonia","Hermosillo","Sonora"
"83140","Bugambilia","Colonia","Hermosillo","Sonora"
"83140","Jesús García","Colonia","Hermosillo","Sonora"
"83140","Los Rosales","Colonia","Hermosillo","Sonora"
"83140","Plaza Inn","Fraccionamiento","Hermosillo","Sonora"
"83143","Ibiza Residencial","Fraccionamiento","Hermosillo","Sonora"
"83143","Residencial la Cañada","Fraccionamiento","Hermosillo","Sonora"
"83143","Andares","Fraccionamiento","Hermosillo","Sonora"
"83143","Cerrada Cucurpe","Fraccionamiento","Hermosillo","Sonora"
"83143","Cumbres Residencial","Fraccionamiento","Hermosillo","Sonora"
"83143","Cucurpe II","Fraccionamiento","Hermosillo","Sonora"
"83143","Del Pedregal Privadas Residenciales","Fraccionamiento","Hermosillo","Sonora"
"83144","Sacramento Residencial","Colonia","Hermosillo","Sonora"
"83145","Colinas","Colonia","Hermosillo","Sonora"
"83145","Catalinas Residencial","Fraccionamiento","Hermosillo","Sonora"
"83145","Zona Militar Cuartel XV","Zona militar","Hermosillo","Sonora"
"83145","Terrazas Del Mirador","Fraccionamiento","Hermosillo","Sonora"
"83145","Santa Lucía","Fraccionamiento","Hermosillo","Sonora"
"83145","Privada Victoria","Colonia","Hermosillo","Sonora"
"83145","Vista del Sol Residencial","Fraccionamiento","Hermosillo","Sonora"
"83146","Los Sabinos","Colonia","Hermosillo","Sonora"
"83146","La Rioja Norte","Fraccionamiento","Hermosillo","Sonora"
"83146","La Paloma Residencial I","Fraccionamiento","Hermosillo","Sonora"
"83146","Cumbres Residencial III","Colonia","Hermosillo","Sonora"
"83146","Quinta la Paloma","Fraccionamiento","Hermosillo","Sonora"
"83146","Puerta de Hierro","Fraccionamiento","Hermosillo","Sonora"
"83146","La Paloma Residencial II","Fraccionamiento","Hermosillo","Sonora"
"83146","Colinas de San Javier","Fraccionamiento","Hermosillo","Sonora"
"83147","Cuatro Olivos","Colonia","Hermosillo","Sonora"
"83147","Paseo de las Margaritas","Fraccionamiento","Hermosillo","Sonora"
"83147","Rosario Ibarra de Piedra","Colonia","Hermosillo","Sonora"
"83147","Sierra Blanca","Fraccionamiento","Hermosillo","Sonora"
"83147","Sierra Vista","Fraccionamiento","Hermosillo","Sonora"
"83148","Bachoco","Colonia","Hermosillo","Sonora"
"83148","Colina Blanca","Colonia","Hermosillo","Sonora"
"83148","Torre Santa Mónica","Condominio","Hermosillo","Sonora"
"83148","Residencial Bretaña","Fraccionamiento","Hermosillo","Sonora"
"83148","El Dorado","Fraccionamiento","Hermosillo","Sonora"
"83148","Pueblo Alto Residencial","Fraccionamiento","Hermosillo","Sonora"
"83148","La Ventana","Fraccionamiento","Hermosillo","Sonora"
"83148","Loreto","Colonia","Hermosillo","Sonora"
"83148","Arcadia","Colonia","Hermosillo","Sonora"
"83148","Portón del Arco","Colonia","Hermosillo","Sonora"
"83148","Paseo de la Colina","Fraccionamiento","Hermosillo","Sonora"
"83148","Villa Toscana Residencial","Fraccionamiento","Hermosillo","Sonora"
"83148","Tosali Residencial","Fraccionamiento","Hermosillo","Sonora"
"83149","Francisco Villa","Colonia","Hermosillo","Sonora"
"83150","Constitución","Colonia","Hermosillo","Sonora"
"83150","Loma Linda","Colonia","Hermosillo","Sonora"
"83150","Pitic","Colonia","Hermosillo","Sonora"
"83156","Periodista","Colonia","Hermosillo","Sonora"
"83156","Caserío Solar","Colonia","Hermosillo","Sonora"
"83157","ISSSTE Federal","Colonia","Hermosillo","Sonora"
"83159","Lomas Altas","Colonia","Hermosillo","Sonora"
"83159","La Jolla Villa Turquesa","Fraccionamiento","Hermosillo","Sonora"
"83159","La Jolla Villa de las Perlas","Fraccionamiento","Hermosillo","Sonora"
"83159","La Jolla Villa de los Diamantes","Fraccionamiento","Hermosillo","Sonora"
"83159","La Jolla Villa de los Zafiros","Fraccionamiento","Hermosillo","Sonora"
"83159","La Jolla Villa de las Esmeraldas","Fraccionamiento","Hermosillo","Sonora"
"83159","Las Lomas del Pitic","Fraccionamiento","Hermosillo","Sonora"
"83159","Cuartel Pitic","Colonia","Hermosillo","Sonora"
"83160","San Luis","Colonia","Hermosillo","Sonora"
"83160","Parque Industrial Pimex","Colonia","Hermosillo","Sonora"
"83165","La Ponderosa","Colonia","Hermosillo","Sonora"
"83165","Café Combate","Colonia","Hermosillo","Sonora"
"83165","Guadalupe","Rancho","Hermosillo","Sonora"
"83166","Santerra","Fraccionamiento","Hermosillo","Sonora"
"83166","Rancho San Ignacio","Fraccionamiento","Hermosillo","Sonora"
"83166","Ventura Residential Club","Fraccionamiento","Hermosillo","Sonora"
"83166","Hacienda Residencial Condominal","Fraccionamiento","Hermosillo","Sonora"
"83166","Block Mexicano de Tacupeto","Equipamiento","Hermosillo","Sonora"
"83166","La Escopeta (Los Guayacanes)","Ranchería","Hermosillo","Sonora"
"83166","Postería DARESA","Equipamiento","Hermosillo","Sonora"
"83166","Sociedad Cooperativa Veinticuatro de Febrero","Ranchería","Hermosillo","Sonora"
"83166","Valenzuela Hermanos","Ranchería","Hermosillo","Sonora"
"83170","Adolfo López Mateos","Colonia","Hermosillo","Sonora"
"83170","Álvaro Obregón","Colonia","Hermosillo","Sonora"
"83170","Mirasoles","Colonia","Hermosillo","Sonora"
"83170","Antonio Parada Cano","Colonia","Hermosillo","Sonora"
"83170","22 de Septiembre","Colonia","Hermosillo","Sonora"
"83170","Nueva España","Fraccionamiento","Hermosillo","Sonora"
"83170","Privada de los Azulejos","Colonia","Hermosillo","Sonora"
"83170","Internacional","Colonia","Hermosillo","Sonora"
"83170","Nueva Palmira Residencial","Fraccionamiento","Hermosillo","Sonora"
"83170","Las Plazas","Colonia","Hermosillo","Sonora"
"83170","San Bernardino","Colonia","Hermosillo","Sonora"
"83171","Sahuaro Indeco","Colonia","Hermosillo","Sonora"
"83173","Albaterra","Fraccionamiento","Hermosillo","Sonora"
"83173","Las Cuevitas","Colonia","Hermosillo","Sonora"
"83173","Humberto Gutiérrez Corona","Colonia","Hermosillo","Sonora"
"83173","Cajeme","Colonia","Hermosillo","Sonora"
"83173","Tarento","Fraccionamiento","Hermosillo","Sonora"
"83173","Capadocia","Fraccionamiento","Hermosillo","Sonora"
"83173","Las Cuevas","Colonia","Hermosillo","Sonora"
"83173","Villas del Colorado","Colonia","Hermosillo","Sonora"
"83173","La Antorcha Campesina","Colonia","Hermosillo","Sonora"
"83174","Sonacer","Colonia","Hermosillo","Sonora"
"83174","San Isidro","Colonia","Hermosillo","Sonora"
"83174","Rancho Bonito Residencial","Colonia","Hermosillo","Sonora"
"83174","Parque Industrial Labor","Zona industrial","Hermosillo","Sonora"
"83174","El Llanito","Colonia","Hermosillo","Sonora"
"83175","Jerez del Valle","Colonia","Hermosillo","Sonora"
"83175","Topacio Residencial","Fraccionamiento","Hermosillo","Sonora"
"83175","Murano Residencial","Fraccionamiento","Hermosillo","Sonora"
"83175","Parque Industrial Latitud","Zona industrial","Hermosillo","Sonora"
"83175","Kinetec","Zona industrial","Hermosillo","Sonora"
"83175","Hacienda del Sol","Fraccionamiento","Hermosillo","Sonora"
"83175","Valle Dorado","Fraccionamiento","Hermosillo","Sonora"
"83175","Nuevo Sahuaro","Colonia","Hermosillo","Sonora"
"83175","Casa Bonita","Fraccionamiento","Hermosillo","Sonora"
"83175","Villa Mercedes","Fraccionamiento","Hermosillo","Sonora"
"83175","Los Arroyos","Fraccionamiento","Hermosillo","Sonora"
"83175","La Choya","Fraccionamiento","Hermosillo","Sonora"
"83175","Río de Plata","Fraccionamiento","Hermosillo","Sonora"
"83175","Casa Bonita II","Fraccionamiento","Hermosillo","Sonora"
"83175","El Esplendor","Fraccionamiento","Hermosillo","Sonora"
"83175","La Choya II Sección","Fraccionamiento","Hermosillo","Sonora"
"83176","Parque Industrial","Zona industrial","Hermosillo","Sonora"
"83177","Stanza Solare Residencial","Fraccionamiento","Hermosillo","Sonora"
"83177","Las Veredas","Fraccionamiento","Hermosillo","Sonora"
"83177","California","Fraccionamiento","Hermosillo","Sonora"
"83177","Salamanca Residencial","Fraccionamiento","Hermosillo","Sonora"
"83177","Santa Martha","Fraccionamiento","Hermosillo","Sonora"
"83177","Alcázar","Fraccionamiento","Hermosillo","Sonora"
"83177","Luis Donaldo Colosio","Colonia","Hermosillo","Sonora"
"83177","San Bosco","Fraccionamiento","Hermosillo","Sonora"
"83177","San Francisco","Fraccionamiento","Hermosillo","Sonora"
"83177","Puerta Real Residencial","Fraccionamiento","Hermosillo","Sonora"
"83177","Benei Residencial","Fraccionamiento","Hermosillo","Sonora"
"83177","Palma Dorada Residencial","Fraccionamiento","Hermosillo","Sonora"
"83177","San Juan Bosco II","Fraccionamiento","Hermosillo","Sonora"
"83177","Misión de los Lirios","Fraccionamiento","Hermosillo","Sonora"
"83177","San Marcos","Fraccionamiento","Hermosillo","Sonora"
"83177","Los Apaches","Ranchería","Hermosillo","Sonora"
"83177","Acacia Residencial","Fraccionamiento","Hermosillo","Sonora"
"83178","Camino Real","Colonia","Hermosillo","Sonora"
"83178","Misión","Colonia","Hermosillo","Sonora"
"83178","Bosco Residencial","Fraccionamiento","Hermosillo","Sonora"
"83178","Sahuaro","Colonia","Hermosillo","Sonora"
"83178","Bella Vista","Fraccionamiento","Hermosillo","Sonora"
"83178","Buena Vista","Fraccionamiento","Hermosillo","Sonora"
"83178","Buenaventura","Fraccionamiento","Hermosillo","Sonora"
"83178","Camino Real Norte","Colonia","Hermosillo","Sonora"
"83178","Sahuaro Final","Colonia","Hermosillo","Sonora"
"83179","Unión de Ladrilleros","Colonia","Hermosillo","Sonora"
"83179","Buenos Aires","Fraccionamiento","Hermosillo","Sonora"
"83179","Dunas","Fraccionamiento","Hermosillo","Sonora"
"83179","Del Bosque","Fraccionamiento","Hermosillo","Sonora"
"83179","Floresta Villa Ceiba","Fraccionamiento","Hermosillo","Sonora"
"83179","Sol Aguilar","Colonia","Hermosillo","Sonora"
"83179","FONAPO","Colonia","Hermosillo","Sonora"
"83179","Floresta Villa Fresnos","Fraccionamiento","Hermosillo","Sonora"
"83179","Condominio San Pablo","Colonia","Hermosillo","Sonora"
"83179","Ampliación Ladrilleras","Colonia","Hermosillo","Sonora"
"83179","El Mirador (Invasión)","Colonia","Hermosillo","Sonora"
"83179","El Chaparral (Invasión)","Colonia","Hermosillo","Sonora"
"83179","Villa Sauces","Fraccionamiento","Hermosillo","Sonora"
"83179","Dunas II","Fraccionamiento","Hermosillo","Sonora"
"83179","Floresta Villa Ciruelos","Fraccionamiento","Hermosillo","Sonora"
"83179","Floresta Villa Cipreces","Fraccionamiento","Hermosillo","Sonora"
"83179","Floresta Villa Almendras","Fraccionamiento","Hermosillo","Sonora"
"83179","Oasis Lantana","Fraccionamiento","Hermosillo","Sonora"
"83180","Balderrama","Colonia","Hermosillo","Sonora"
"83180","Olivares","Colonia","Hermosillo","Sonora"
"83188","Pimentel","Colonia","Hermosillo","Sonora"
"83190","Modelo","Colonia","Hermosillo","Sonora"
"83190","San Benito","Colonia","Hermosillo","Sonora"
"83200","Rincón de La Herradura","Colonia","Hermosillo","Sonora"
"83200","Racquet Club I Sección Sur","Colonia","Hermosillo","Sonora"
"83200","Valle Verde","Colonia","Hermosillo","Sonora"
"83200","Villa Satélite","Colonia","Hermosillo","Sonora"
"83200","Racquet Club II Sección Norte","Colonia","Hermosillo","Sonora"
"83200","Plaza de Las Franquicias","Zona comercial","Hermosillo","Sonora"
"83204","Alameda","Colonia","Hermosillo","Sonora"
"83204","Torreón","Colonia","Hermosillo","Sonora"
"83204","Los Canarios","Colonia","Hermosillo","Sonora"
"83205","Valle Grande","Colonia","Hermosillo","Sonora"
"83206","Valle del Sol","Colonia","Hermosillo","Sonora"
"83207","Valle Escondido","Colonia","Hermosillo","Sonora"
"83208","La Huerta","Colonia","Hermosillo","Sonora"
"83209","Valle Hermoso","Colonia","Hermosillo","Sonora"
"83210","El Llano","Colonia","Hermosillo","Sonora"
"83210","Siena Residencial","Fraccionamiento","Hermosillo","Sonora"
"83210","Parque Industrial Dynatech","Zona industrial","Hermosillo","Sonora"
"83214","Quinta Emilia","Colonia","Hermosillo","Sonora"
"83220","La Manga","Colonia","Hermosillo","Sonora"
"83220","Real de Sevilla Club Residencial","Fraccionamiento","Hermosillo","Sonora"
"83220","La Coruña Residencial","Fraccionamiento","Hermosillo","Sonora"
"83220","La Coruña Residencial Almar","Fraccionamiento","Hermosillo","Sonora"
"83220","La Coruña Residencial Portonovo","Fraccionamiento","Hermosillo","Sonora"
"83220","Valle de Napa","Fraccionamiento","Hermosillo","Sonora"
"83220","Vivento","Fraccionamiento","Hermosillo","Sonora"
"83220","Brianzas","Fraccionamiento","Hermosillo","Sonora"
"83220","Real del Llano","Colonia","Hermosillo","Sonora"
"83220","Villas del Mediterráneo Residencial","Fraccionamiento","Hermosillo","Sonora"
"83220","Campo Grande Residencial","Fraccionamiento","Hermosillo","Sonora"
"83220","Cuadra los Locos","Ranchería","Hermosillo","Sonora"
"83220","Francisco Javier Fiel","Ranchería","Hermosillo","Sonora"
"83220","Los Castillo","Ranchería","Hermosillo","Sonora"
"83223","Obispos Residencial","Fraccionamiento","Hermosillo","Sonora"
"83223","San Andrés Residencial","Fraccionamiento","Hermosillo","Sonora"
"83224","Real de Castilla","Fraccionamiento","Hermosillo","Sonora"
"83224","Privada Dalí","Fraccionamiento","Hermosillo","Sonora"
"83224","La Encantada Privada Alebrijes","Fraccionamiento","Hermosillo","Sonora"
"83224","Villa de Parras Residencial","Fraccionamiento","Hermosillo","Sonora"
"83224","Real de Montejo","Colonia","Hermosillo","Sonora"
"83224","Obispos Residencial II","Fraccionamiento","Hermosillo","Sonora"
"83224","Real de Quiroga","Fraccionamiento","Hermosillo","Sonora"
"83224","Salvatierra Residencial","Fraccionamiento","Hermosillo","Sonora"
"83224","Parque Versalles","Fraccionamiento","Hermosillo","Sonora"
"83224","Paseo de las Misiones Residencial","Fraccionamiento","Hermosillo","Sonora"
"83224","Compostela Residencial","Colonia","Hermosillo","Sonora"
"83224","La Encantada Privada Tesoros","Fraccionamiento","Hermosillo","Sonora"
"83224","La Encantada Privada Azulejos","Fraccionamiento","Hermosillo","Sonora"
"83224","La Encantada Privada Leyendas","Fraccionamiento","Hermosillo","Sonora"
"83224","La Rioja","Fraccionamiento","Hermosillo","Sonora"
"83224","El Conquistador Residencial","Fraccionamiento","Hermosillo","Sonora"
"83224","Los Santos Residencial","Colonia","Hermosillo","Sonora"
"83225","Alcinos","Fraccionamiento","Hermosillo","Sonora"
"83225","Cuadra América","Ranchería","Hermosillo","Sonora"
"83225","El Chino","Ranchería","Hermosillo","Sonora"
"83225","Electro Sistemas Mexicanos","Equipamiento","Hermosillo","Sonora"
"83225","Familia Huerta","Ranchería","Hermosillo","Sonora"
"83225","Familia Madrid","Ranchería","Hermosillo","Sonora"
"83225","Grúas Cajeme","Ranchería","Hermosillo","Sonora"
"83225","La Reyna","Ranchería","Hermosillo","Sonora"
"83225","Campo Abierto (Luis Medina Ramonet)","Ranchería","Hermosillo","Sonora"
"83225","Santa Anita","Ranchería","Hermosillo","Sonora"
"83229","Hermosillo (General Ignacio Pesqueira García)","Aeropuerto","Hermosillo","Sonora"
"83230","Altozano","Fraccionamiento","Hermosillo","Sonora"
"83230","Basalto","Fraccionamiento","Hermosillo","Sonora"
"83240","Fuentes del Mezquital","Colonia","Hermosillo","Sonora"
"83240","Las Quintas","Colonia","Hermosillo","Sonora"
"83240","Tejares","Condominio","Hermosillo","Sonora"
"83240","Cerrada de Minas","Fraccionamiento","Hermosillo","Sonora"
"83240","Alcalá Residencial","Fraccionamiento","Hermosillo","Sonora"
"83240","Valle Bonito","Colonia","Hermosillo","Sonora"
"83240","Villa Sol","Colonia","Hermosillo","Sonora"
"83240","Villa Florencia","Fraccionamiento","Hermosillo","Sonora"
"83240","Valle del Lago Residencial","Fraccionamiento","Hermosillo","Sonora"
"83240","Portal del Lago","Fraccionamiento","Hermosillo","Sonora"
"83243","Corceles Residencial","Fraccionamiento","Hermosillo","Sonora"
"83243","Alta Riviera Residencial","Fraccionamiento","Hermosillo","Sonora"
"83243","Castello Residencial","Fraccionamiento","Hermosillo","Sonora"
"83243","Rivello Residencial","Fraccionamiento","Hermosillo","Sonora"
"83243","El Secreto","Fraccionamiento","Hermosillo","Sonora"
"83243","Bonaterra Residencial","Fraccionamiento","Hermosillo","Sonora"
"83243","Rivello III","Fraccionamiento","Hermosillo","Sonora"
"83243","Rosetta","Fraccionamiento","Hermosillo","Sonora"
"83243","Ocotillo","Fraccionamiento","Hermosillo","Sonora"
"83243","Alvento","Fraccionamiento","Hermosillo","Sonora"
"83243","Olivar","Fraccionamiento","Hermosillo","Sonora"
"83243","Villa de los Corceles","Fraccionamiento","Hermosillo","Sonora"
"83243","Las Provincias","Fraccionamiento","Hermosillo","Sonora"
"83243","El Chanate","Ranchería","Hermosillo","Sonora"
"83243","La Yeya","Ranchería","Hermosillo","Sonora"
"83243","Hotel Spa Temazcalli Eco","Equipamiento","Hermosillo","Sonora"
"83243","Santa Cecilia (Licona)","Ranchería","Hermosillo","Sonora"
"83244","Concordia Residencial","Fraccionamiento","Hermosillo","Sonora"
"83244","Concordia Armonia","Fraccionamiento","Hermosillo","Sonora"
"83244","Los Choros (Predio Veintiuno)","Ejido","Hermosillo","Sonora"
"83244","Maclasa (CAMSA)","Ranchería","Hermosillo","Sonora"
"83245","Punta de Lago","Fraccionamiento","Hermosillo","Sonora"
"83245","Los Lagos","Fraccionamiento","Hermosillo","Sonora"
"83245","Nueva Galicia","Colonia","Hermosillo","Sonora"
"83246","Mezquital del Oro","Colonia","Hermosillo","Sonora"
"83246","Paseo del Sol","Colonia","Hermosillo","Sonora"
"83246","Casa Grande Residencial I","Fraccionamiento","Hermosillo","Sonora"
"83246","Casa Grande Residencial II","Fraccionamiento","Hermosillo","Sonora"
"83246","Casa Grande Residencial III","Fraccionamiento","Hermosillo","Sonora"
"83246","Condominio Hacienda Real","Fraccionamiento","Hermosillo","Sonora"
"83247","Flamingos","Fraccionamiento","Hermosillo","Sonora"
"83247","Los Portales","Fraccionamiento","Hermosillo","Sonora"
"83247","Llano Verde","Fraccionamiento","Hermosillo","Sonora"
"83247","Vista del Lago","Fraccionamiento","Hermosillo","Sonora"
"83247","Puerta Grande","Fraccionamiento","Hermosillo","Sonora"
"83247","Oficinas Federales","Colonia","Hermosillo","Sonora"
"83247","Cataviña Residencial","Fraccionamiento","Hermosillo","Sonora"
"83248","Residencial de Anza","Colonia","Hermosillo","Sonora"
"83249","Santa Fe","Colonia","Hermosillo","Sonora"
"83249","Torre KYO Navarrete","Condominio","Hermosillo","Sonora"
"83249","Villa Universitaria","Fraccionamiento","Hermosillo","Sonora"
"83249","Campanario","Fraccionamiento","Hermosillo","Sonora"
"83249","Capistrano Residencial","Fraccionamiento","Hermosillo","Sonora"
"83249","Staus","Fraccionamiento","Hermosillo","Sonora"
"83249","Seminario Residencial","Colonia","Hermosillo","Sonora"
"83249","Nazareo Residencial","Colonia","Hermosillo","Sonora"
"83249","Coronado Residencial","Fraccionamiento","Hermosillo","Sonora"
"83249","Residencial Navarrete","Fraccionamiento","Hermosillo","Sonora"
"83249","Montebello Residencial","Fraccionamiento","Hermosillo","Sonora"
"83249","Alta California Residencial","Fraccionamiento","Hermosillo","Sonora"
"83249","Terra Blanca Residencial","Fraccionamiento","Hermosillo","Sonora"
"83249","Seminario Mayor","Equipamiento","Hermosillo","Sonora"
"83250","Las Granjas","Colonia","Hermosillo","Sonora"
"83250","Los Arcos","Colonia","Hermosillo","Sonora"
"83250","Palmar del Sol","Colonia","Hermosillo","Sonora"
"83250","Real del Arco","Colonia","Hermosillo","Sonora"
"83250","Metrocentro","Zona comercial","Hermosillo","Sonora"
"83250","El Recodo","Colonia","Hermosillo","Sonora"
"83260","Centenario","Colonia","Hermosillo","Sonora"
"83260","Prados del Centenario","Colonia","Hermosillo","Sonora"
"83260","San Antonio","Colonia","Hermosillo","Sonora"
"83260","Fuentes del Centenario","Colonia","Hermosillo","Sonora"
"83260","ISSSTESON Centenario","Colonia","Hermosillo","Sonora"
"83270","El Malecón","Colonia","Hermosillo","Sonora"
"83270","La Mosca","Colonia","Hermosillo","Sonora"
"83270","Las Palmas","Colonia","Hermosillo","Sonora"
"83270","Proyecto Río Sonora","Zona industrial","Hermosillo","Sonora"
"83278","ISSSTESON Lux","Colonia","Hermosillo","Sonora"
"83280","Cerro de la Cruz","Colonia","Hermosillo","Sonora"
"83280","El Jito","Colonia","Hermosillo","Sonora"
"83280","Emiliano Zapata","Colonia","Hermosillo","Sonora"
"83280","Palo Verde","Colonia","Hermosillo","Sonora"
"83280","Tiro Al Blanco","Colonia","Hermosillo","Sonora"
"83280","Villa de Seris","Colonia","Hermosillo","Sonora"
"83280","Villa Hermosa","Colonia","Hermosillo","Sonora"
"83280","La Candelaria","Fraccionamiento","Hermosillo","Sonora"
"83280","Finca Santa María","Fraccionamiento","Hermosillo","Sonora"
"83280","Villa Sureña","Colonia","Hermosillo","Sonora"
"83280","El Mezquite","Colonia","Hermosillo","Sonora"
"83280","Solidaridad Vildosola","Colonia","Hermosillo","Sonora"
"83280","Colegio de Bachilleres","Equipamiento","Hermosillo","Sonora"
"83280","San Pablo","Fraccionamiento","Hermosillo","Sonora"
"83280","Los Poetas","Colonia","Hermosillo","Sonora"
"83284","Santa Anita Residencial","Fraccionamiento","Hermosillo","Sonora"
"83284","Quinta Esmeralda","Fraccionamiento","Hermosillo","Sonora"
"83284","Las Peredas","Colonia","Hermosillo","Sonora"
"83284","San Fermín","Fraccionamiento","Hermosillo","Sonora"
"83284","Las Tres Reynas","Colonia","Hermosillo","Sonora"
"83284","Casa Linda","Colonia","Hermosillo","Sonora"
"83284","Costa del Sol","Fraccionamiento","Hermosillo","Sonora"
"83284","Palo Verde Indeur los Olivos","Colonia","Hermosillo","Sonora"
"83284","Nueva Esperanza","Colonia","Hermosillo","Sonora"
"83284","Los Girasoles","Colonia","Hermosillo","Sonora"
"83284","Hacienda los Alcatraces","Colonia","Hermosillo","Sonora"
"83284","Hacienda los Lirios","Colonia","Hermosillo","Sonora"
"83284","Villas del Sur","Fraccionamiento","Hermosillo","Sonora"
"83284","Agaves Residencial","Fraccionamiento","Hermosillo","Sonora"
"83284","Quintas del Sol Residencial","Fraccionamiento","Hermosillo","Sonora"
"83284","Los Olivos","Colonia","Hermosillo","Sonora"
"83284","Adolfo López Mateos","Colonia","Hermosillo","Sonora"
"83284","San Ramón (Hezaki Quihuis)","Ranchería","Hermosillo","Sonora"
"83285","Las Minitas","Colonia","Hermosillo","Sonora"
"83285","Florenza Residencial","Fraccionamiento","Hermosillo","Sonora"
"83285","Montereal","Fraccionamiento","Hermosillo","Sonora"
"83285","Mesaverde","Fraccionamiento","Hermosillo","Sonora"
"83285","Oasis Solera","Fraccionamiento","Hermosillo","Sonora"
"83285","El Alamo Residencial","Fraccionamiento","Hermosillo","Sonora"
"83285","Nueva Ilusión","Colonia","Hermosillo","Sonora"
"83285","Florenza Plus","Fraccionamiento","Hermosillo","Sonora"
"83285","Stanza Florenza","Fraccionamiento","Hermosillo","Sonora"
"83285","Parque Industrial Río Sonora Tetakawi","Zona industrial","Hermosillo","Sonora"
"83285","Mar de Plata","Fraccionamiento","Hermosillo","Sonora"
"83285","Arco Iris","Colonia","Hermosillo","Sonora"
"83285","Hermosa Provincia","Colonia","Hermosillo","Sonora"
"83285","San José de las Minitas","Colonia","Hermosillo","Sonora"
"83285","Cerrada de Minas","Colonia","Hermosillo","Sonora"
"83285","Real de Minas","Fraccionamiento","Hermosillo","Sonora"
"83285","Oasis del Sol","Fraccionamiento","Hermosillo","Sonora"
"83285","Oasis Santa Fe","Fraccionamiento","Hermosillo","Sonora"
"83285","Oasis Solana","Fraccionamiento","Hermosillo","Sonora"
"83285","Quinta Real","Fraccionamiento","Hermosillo","Sonora"
"83285","Puerta Esmeralda","Fraccionamiento","Hermosillo","Sonora"
"83285","Ejido el Buey","Colonia","Hermosillo","Sonora"
"83285","Oasis Palmeira","Fraccionamiento","Hermosillo","Sonora"
"83285","Virgo [Proyectos y Construcciones]","Ranchería","Hermosillo","Sonora"
"83285","Parcela de Nieves (Ramón Gálvez)","Ranchería","Hermosillo","Sonora"
"83285","José Parra","Ranchería","Hermosillo","Sonora"
"83285","Campestre Nueva Ilusión","Ranchería","Hermosillo","Sonora"
"83285","Rosalío Parra","Colonia","Hermosillo","Sonora"
"83285","Unión de Ladrilleros Potrero de Bushuard","Ejido","Hermosillo","Sonora"
"83286","Tirocapes","Colonia","Hermosillo","Sonora"
"83286","Cerro Apache","Colonia","Hermosillo","Sonora"
"83287","El Apache","Colonia","Hermosillo","Sonora"
"83287","Nacameri","Colonia","Hermosillo","Sonora"
"83287","San Ángel","Colonia","Hermosillo","Sonora"
"83287","Alegranza Residencial","Fraccionamiento","Hermosillo","Sonora"
"83287","Renaceres","Fraccionamiento","Hermosillo","Sonora"
"83287","Valle San Francisco","Fraccionamiento","Hermosillo","Sonora"
"83287","Áurea Residencial","Fraccionamiento","Hermosillo","Sonora"
"83287","Ejido de Villa de Seris","Colonia","Hermosillo","Sonora"
"83287","Monet","Fraccionamiento","Hermosillo","Sonora"
"83287","Las Placitas","Colonia","Hermosillo","Sonora"
"83287","Sorento Residencial","Fraccionamiento","Hermosillo","Sonora"
"83287","Áurea Argento","Fraccionamiento","Hermosillo","Sonora"
"83287","Praga","Fraccionamiento","Hermosillo","Sonora"
"83287","Benevento","Fraccionamiento","Hermosillo","Sonora"
"83287","Soneto Residencial","Fraccionamiento","Hermosillo","Sonora"
"83287","Comarcas de Andalucía","Fraccionamiento","Hermosillo","Sonora"
"83287","Paseo San Ángel","Fraccionamiento","Hermosillo","Sonora"
"83287","Camino del Seri","Colonia","Hermosillo","Sonora"
"83287","Real del Carmen","Fraccionamiento","Hermosillo","Sonora"
"83287","Residencial Pima","Colonia","Hermosillo","Sonora"
"83287","Los Tulipanes","Colonia","Hermosillo","Sonora"
"83287","Portal del Pitic","Fraccionamiento","Hermosillo","Sonora"
"83287","Casa Real","Fraccionamiento","Hermosillo","Sonora"
"83287","Soleil Residencial","Fraccionamiento","Hermosillo","Sonora"
"83287","Urbi Villa del Prado","Fraccionamiento","Hermosillo","Sonora"
"83287","Arcángel Residencial","Fraccionamiento","Hermosillo","Sonora"
"83287","Paseo Real Residencial","Fraccionamiento","Hermosillo","Sonora"
"83287","Azores Residencial","Fraccionamiento","Hermosillo","Sonora"
"83287","Urbi Villa Campestre","Fraccionamiento","Hermosillo","Sonora"
"83287","José Arturo Vega","Ranchería","Hermosillo","Sonora"
"83288","Genova Residencial","Fraccionamiento","Hermosillo","Sonora"
"83288","FOVISSSTE","Unidad habitacional","Hermosillo","Sonora"
"83288","Corsica Residencial","Fraccionamiento","Hermosillo","Sonora"
"83288","Sedona Residencial","Fraccionamiento","Hermosillo","Sonora"
"83288","Barcelona Residencial","Fraccionamiento","Hermosillo","Sonora"
"83288","Real de Toledo Residencial","Fraccionamiento","Hermosillo","Sonora"
"83288","San Marino Residencial","Fraccionamiento","Hermosillo","Sonora"
"83288","Kyo Upday","Condominio","Hermosillo","Sonora"
"83288","Monte de Calabria Residencial","Fraccionamiento","Hermosillo","Sonora"
"83288","Montecarlo Residencial","Colonia","Hermosillo","Sonora"
"83288","La Verbena","Fraccionamiento","Hermosillo","Sonora"
"83288","Villa Bonita","Fraccionamiento","Hermosillo","Sonora"
"83288","Río Grande Residencial","Fraccionamiento","Hermosillo","Sonora"
"83288","Privada Rosales","Fraccionamiento","Hermosillo","Sonora"
"83288","Mónaco Privadas Residenciales","Colonia","Hermosillo","Sonora"
"83288","Residencial Peñasco","Fraccionamiento","Hermosillo","Sonora"
"83288","Marsella Residencial","Fraccionamiento","Hermosillo","Sonora"
"83288","Jardines de Mónaco","Fraccionamiento","Hermosillo","Sonora"
"83288","Asturias Residencial","Fraccionamiento","Hermosillo","Sonora"
"83288","Villa Lourdes","Fraccionamiento","Hermosillo","Sonora"
"83288","Villa Residencial Bonita","Fraccionamiento","Hermosillo","Sonora"
"83288","Las Praderas","Colonia","Hermosillo","Sonora"
"83288","Arandas Residencial","Fraccionamiento","Hermosillo","Sonora"
"83288","Maquilas y Materiales Prensados","Equipamiento","Hermosillo","Sonora"
"83289","Las Villas","Colonia","Hermosillo","Sonora"
"83289","Francisco Eusebio Kino ISSSTESON","Fraccionamiento","Hermosillo","Sonora"
"83290","Piedra Bola (Pedregal de la Villa)","Colonia","Hermosillo","Sonora"
"83290","Y Griega","Colonia","Hermosillo","Sonora"
"83293","Urbi Alameda los Encinos II Residencial","Fraccionamiento","Hermosillo","Sonora"
"83293","Akiwiki","Colonia","Hermosillo","Sonora"
"83293","Las Lomas del Mirador","Colonia","Hermosillo","Sonora"
"83293","Las Lomas del Sol","Colonia","Hermosillo","Sonora"
"83293","Las Lomas del Sur","Colonia","Hermosillo","Sonora"
"83293","Las Lomas Sección los Manzanos","Colonia","Hermosillo","Sonora"
"83293","Central de Abastos","Zona comercial","Hermosillo","Sonora"
"83293","Las Lomas de Cortés","Colonia","Hermosillo","Sonora"
"83293","Las Lomas Sección Bonita","Colonia","Hermosillo","Sonora"
"83293","Las Lomas Sección Castaños","Colonia","Hermosillo","Sonora"
"83293","Las Lomas Privada las Lomas","Colonia","Hermosillo","Sonora"
"83293","Las Lomas Sección el Paraíso","Colonia","Hermosillo","Sonora"
"83293","Las Lomas Privada del Bosque","Colonia","Hermosillo","Sonora"
"83293","Las Lomas Real del Parque","Colonia","Hermosillo","Sonora"
"83293","Urbi Villa del Rey Sección Manzanos II","Fraccionamiento","Hermosillo","Sonora"
"83293","Urbi Villa del Rey Sección Castaños III","Fraccionamiento","Hermosillo","Sonora"
"83293","Urbi Villa del Rey Sección Castaños II","Fraccionamiento","Hermosillo","Sonora"
"83293","Urbi Villa del Rey Sección los Almendros II","Fraccionamiento","Hermosillo","Sonora"
"83293","Urbi Villa del Rey Sección los Almendros III","Fraccionamiento","Hermosillo","Sonora"
"83293","Urbi Villa del Rey Sección Castaños IV","Fraccionamiento","Hermosillo","Sonora"
"83293","Urbi Villa del Rey","Fraccionamiento","Hermosillo","Sonora"
"83293","Urbi Villa del Rey Sección los Almendros I","Fraccionamiento","Hermosillo","Sonora"
"83293","Urbi Villa del Rey Sección Castaños I","Fraccionamiento","Hermosillo","Sonora"
"83293","Las Lomas","Fraccionamiento","Hermosillo","Sonora"
"83293","La Campana","Fraccionamiento","Hermosillo","Sonora"
"83293","Urbi Alameda los Encinos I Residencial","Fraccionamiento","Hermosillo","Sonora"
"83293","Privada Villa del Rey","Fraccionamiento","Hermosillo","Sonora"
"83293","Sector Industrial Presa","Zona industrial","Hermosillo","Sonora"
"83294","Cuauhtémoc","Colonia","Hermosillo","Sonora"
"83294","Los Álamos","Colonia","Hermosillo","Sonora"
"83294","Perisur","Colonia","Hermosillo","Sonora"
"83294","Valle del Marquez","Fraccionamiento","Hermosillo","Sonora"
"83294","Rincón del Marquez","Colonia","Hermosillo","Sonora"
"83295","Adolfo de la Huerta","Colonia","Hermosillo","Sonora"
"83295","Comercial Cedros","Zona comercial","Hermosillo","Sonora"
"83296","Colinas del Sur","Fraccionamiento","Hermosillo","Sonora"
"83296","Nuevo Hermosillo","Colonia","Hermosillo","Sonora"
"83296","Castelina","Fraccionamiento","Hermosillo","Sonora"
"83296","Bonanza Residencial","Fraccionamiento","Hermosillo","Sonora"
"83296","Belcanto","Fraccionamiento","Hermosillo","Sonora"
"83296","Villalba","Fraccionamiento","Hermosillo","Sonora"
"83296","Altares Sección Dorada","Fraccionamiento","Hermosillo","Sonora"
"83296","SolHara","Fraccionamiento","Hermosillo","Sonora"
"83296","Mirabal","Colonia","Hermosillo","Sonora"
"83296","El Realengo","Fraccionamiento","Hermosillo","Sonora"
"83296","Altares","Fraccionamiento","Hermosillo","Sonora"
"83296","Chula Vista","Fraccionamiento","Hermosillo","Sonora"
"83296","Las Diligencias","Fraccionamiento","Hermosillo","Sonora"
"83296","Arboledas","Fraccionamiento","Hermosillo","Sonora"
"83296","Renacimiento","Fraccionamiento","Hermosillo","Sonora"
"83296","Terranova","Fraccionamiento","Hermosillo","Sonora"
"83296","Altamira","Fraccionamiento","Hermosillo","Sonora"
"83296","Las Carretas","Fraccionamiento","Hermosillo","Sonora"
"83296","Altares II","Fraccionamiento","Hermosillo","Sonora"
"83296","Santa Cecilia","Fraccionamiento","Hermosillo","Sonora"
"83296","Altares Rancho Grande","Fraccionamiento","Hermosillo","Sonora"
"83296","Valle de los Almendros","Fraccionamiento","Hermosillo","Sonora"
"83296","Mallorca Residencial","Fraccionamiento","Hermosillo","Sonora"
"83296","Vista Real","Fraccionamiento","Hermosillo","Sonora"
"83296","Haciendas del Sur","Fraccionamiento","Hermosillo","Sonora"
"83296","Los Polvorines","Ranchería","Hermosillo","Sonora"
"83297","Gala III","Fraccionamiento","Hermosillo","Sonora"
"83297","Gala I","Fraccionamiento","Hermosillo","Sonora"
"83297","Parque Industrial Sonora","Zona industrial","Hermosillo","Sonora"
"83297","Agualurca","Fraccionamiento","Hermosillo","Sonora"
"83297","Sierra Clara","Fraccionamiento","Hermosillo","Sonora"
"83297","Parque Industrial Dynatech Sur","Zona industrial","Hermosillo","Sonora"
"83297","Gala II","Fraccionamiento","Hermosillo","Sonora"
"83299","Parque Industrial Hermosillo","Zona industrial","Hermosillo","Sonora"
"83299","La Cruz","Colonia","Hermosillo","Sonora"
"83300","El Saucito","Pueblo","Hermosillo","Sonora"
"83300","Estación Zamora","Pueblo","Hermosillo","Sonora"
"83300","La Labor","Ranchería","Hermosillo","Sonora"
"83300","El Zacatón","Ejido","Hermosillo","Sonora"
"83300","Valle de San Pedro","Fraccionamiento","Hermosillo","Sonora"
"83300","Campestre Cetáceas","Colonia","Hermosillo","Sonora"
"83300","El Papalote","Colonia","Hermosillo","Sonora"
"83300","El Retiro","Colonia","Hermosillo","Sonora"
"83300","Río Azul Sección Turquesa","Fraccionamiento","Hermosillo","Sonora"
"83300","Río Azul Sección Zafiro","Fraccionamiento","Hermosillo","Sonora"
"83300","Río Azul Sección Diamante","Fraccionamiento","Hermosillo","Sonora"
"83300","Club Campestre Río Azul","Fraccionamiento","Hermosillo","Sonora"
"83300","Rancho Viejo","Fraccionamiento","Hermosillo","Sonora"
"83300","La Chinita Tres (Campestre Jiménez)","Fraccionamiento","Hermosillo","Sonora"
"83300","Turquesa Vip","Fraccionamiento","Hermosillo","Sonora"
"83300","Perla Negra (Campestre Jiménez)","Colonia","Hermosillo","Sonora"
"83300","El Retiro (Sección Oasis)","Colonia","Hermosillo","Sonora"
"83300","Los Laureles","Fraccionamiento","Hermosillo","Sonora"
"83300","Campestres las Palmas","Fraccionamiento","Hermosillo","Sonora"
"83300","Real del Alamito [Fraccionamiento Campestre]","Fraccionamiento","Hermosillo","Sonora"
"83300","Real del Alamito","Ejido","Hermosillo","Sonora"
"83300","La Cuesta [Viñedo]","Rancho","Hermosillo","Sonora"
"83300","Campestre las Granjas","Fraccionamiento","Hermosillo","Sonora"
"83300","René Córdova","Ranchería","Hermosillo","Sonora"
"83300","Adán López","Ranchería","Hermosillo","Sonora"
"83300","Agrícola Martha","Ranchería","Hermosillo","Sonora"
"83300","Alto Verde (Río Blanco)","Granja","Hermosillo","Sonora"
"83300","Agropecuaria Blanca Julia","Granja","Hermosillo","Sonora"
"83300","Alejandro Gutiérrez","Ranchería","Hermosillo","Sonora"
"83300","Alemania","Ranchería","Hermosillo","Sonora"
"83300","Alemania Dos","Ranchería","Hermosillo","Sonora"
"83300","Arturo Wereca","Ranchería","Hermosillo","Sonora"
"83300","Benito Félix","Ranchería","Hermosillo","Sonora"
"83300","Campito la Herradura","Ranchería","Hermosillo","Sonora"
"83300","Campo la Valiana","Ranchería","Hermosillo","Sonora"
"83300","Campo las Lomitas","Ranchería","Hermosillo","Sonora"
"83300","Campo Michelle","Ranchería","Hermosillo","Sonora"
"83300","Montecristo","Ranchería","Hermosillo","Sonora"
"83300","Carlos de León Fernández (Vivero)","Equipamiento","Hermosillo","Sonora"
"83300","Casa Blanca","Ranchería","Hermosillo","Sonora"
"83300","Casa de Alto (Ramón Preciado)","Ranchería","Hermosillo","Sonora"
"83300","Chichí López","Ranchería","Hermosillo","Sonora"
"83300","La Herradura [Campestre]","Ranchería","Hermosillo","Sonora"
"83300","El Alamito","Rancho","Hermosillo","Sonora"
"83300","El Porvenir","Ranchería","Hermosillo","Sonora"
"83300","El Carmen","Ejido","Hermosillo","Sonora"
"83300","Clara Eloísa Othón (El Alamito)","Ranchería","Hermosillo","Sonora"
"83300","El Alamito","Ranchería","Hermosillo","Sonora"
"83300","El Alamito [Fundidora]","Ranchería","Hermosillo","Sonora"
"83300","Chulavista Dos","Ranchería","Hermosillo","Sonora"
"83300","Campo La Noria [Leyva Espinoza]","Ranchería","Hermosillo","Sonora"
"83300","El Alamito","Ejido","Hermosillo","Sonora"
"83300","El Alamito","Granja","Hermosillo","Sonora"
"83300","El Bachatal","Ranchería","Hermosillo","Sonora"
"83300","El Baiburín","Ranchería","Hermosillo","Sonora"
"83300","El Dorado","Hacienda","Hermosillo","Sonora"
"83300","Campo Gassa (Asociación Ganadera de Alimentos)","Granja","Hermosillo","Sonora"
"83300","El Cebollón [Campestre]","Colonia","Hermosillo","Sonora"
"83300","Alberto Guzmán","Ranchería","Hermosillo","Sonora"
"83300","El Pepache (Francisco Quiroga)","Ranchería","Hermosillo","Sonora"
"83300","El Jecotal","Ranchería","Hermosillo","Sonora"
"83300","El Mahuachi","Ranchería","Hermosillo","Sonora"
"83300","El Memucho","Ranchería","Hermosillo","Sonora"
"83300","El Milagro","Ranchería","Hermosillo","Sonora"
"83300","El Mocloy","Ranchería","Hermosillo","Sonora"
"83300","El Modelo","Ranchería","Hermosillo","Sonora"
"83300","El Nogal","Ranchería","Hermosillo","Sonora"
"83300","El Ocotillo","Ranchería","Hermosillo","Sonora"
"83300","El Orégano","Ranchería","Hermosillo","Sonora"
"83300","El Otro Lado","Ranchería","Hermosillo","Sonora"
"83300","El Palo Fierro","Ranchería","Hermosillo","Sonora"
"83300","El Recodo","Ranchería","Hermosillo","Sonora"
"83300","El Repecho","Ranchería","Hermosillo","Sonora"
"83300","El Repecho (Javier López Molina)","Ranchería","Hermosillo","Sonora"
"83300","El Represito (Heriberto Peralta)","Ranchería","Hermosillo","Sonora"
"83300","El Represo","Ranchería","Hermosillo","Sonora"
"83300","El Resplandor","Hacienda","Hermosillo","Sonora"
"83300","El Retanque","Ranchería","Hermosillo","Sonora"
"83300","El Rosario","Ranchería","Hermosillo","Sonora"
"83300","El Bohemio","Ranchería","Hermosillo","Sonora"
"83300","El Saucito 2","Ranchería","Hermosillo","Sonora"
"83300","El Saucito de Enmedio","Ranchería","Hermosillo","Sonora"
"83300","El Tijerito","Ranchería","Hermosillo","Sonora"
"83300","El Tijerito","Ejido","Hermosillo","Sonora"
"83300","Elías Córdova","Ranchería","Hermosillo","Sonora"
"83300","Elías Ortega","Ranchería","Hermosillo","Sonora"
"83300","Engorda Campo Nuevo","Equipamiento","Hermosillo","Sonora"
"83300","Establo San Marcos","Ranchería","Hermosillo","Sonora"
"83300","Establo Santo Niño","Ranchería","Hermosillo","Sonora"
"83300","La Parcela [José Jesús Miramontes]","Ranchería","Hermosillo","Sonora"
"83300","Nopales María Dolores","Ranchería","Hermosillo","Sonora"
"83300","Las Moras","Finca","Hermosillo","Sonora"
"83300","Chula Vista","Fraccionamiento","Hermosillo","Sonora"
"83300","Río Bonito","Fraccionamiento","Hermosillo","Sonora"
"83300","Porfirio Corella","Ranchería","Hermosillo","Sonora"
"83300","San Judas","Granja","Hermosillo","Sonora"
"83300","Casa Blanca","Rancho","Hermosillo","Sonora"
"83300","Guadalupe","Ranchería","Hermosillo","Sonora"
"83300","Guadalupe Germán","Ranchería","Hermosillo","Sonora"
"83300","Héctor Ruiz","Ranchería","Hermosillo","Sonora"
"83300","Isidro Castellano","Ranchería","Hermosillo","Sonora"
"83300","La Milagrosa II","Ranchería","Hermosillo","Sonora"
"83300","Jesús Castellanos","Ranchería","Hermosillo","Sonora"
"83300","José Esparza Rivera","Ranchería","Hermosillo","Sonora"
"83300","Campestre Casa Blanca","Colonia","Hermosillo","Sonora"
"83300","José Jesús Corrales","Ranchería","Hermosillo","Sonora"
"83300","Josefina Dos","Ranchería","Hermosillo","Sonora"
"83300","Juan Manuel Bracamontes","Ranchería","Hermosillo","Sonora"
"83300","La Coyota (La Coyotita)","Ranchería","Hermosillo","Sonora"
"83300","La Coyotita","Ranchería","Hermosillo","Sonora"
"83300","La Cuesta (Pozo Dos) [Viñedo]","Ranchería","Hermosillo","Sonora"
"83300","La Finca","Colonia","Hermosillo","Sonora"
"83300","La Florida [viñedo]","Ranchería","Hermosillo","Sonora"
"83300","Las Milpas","Ranchería","Hermosillo","Sonora"
"83300","La Herradura","Fraccionamiento","Hermosillo","Sonora"
"83300","La India","Ranchería","Hermosillo","Sonora"
"83300","La Labor","Hacienda","Hermosillo","Sonora"
"83300","La Loma","Ranchería","Hermosillo","Sonora"
"83300","La Milagrosa","Ranchería","Hermosillo","Sonora"
"83300","La Milagrosa [Engorda]","Ranchería","Hermosillo","Sonora"
"83300","La Nopalera","Ranchería","Hermosillo","Sonora"
"83300","La Nopalera","Ejido","Hermosillo","Sonora"
"83300","La Noria","Ranchería","Hermosillo","Sonora"
"83300","La Noria","Ejido","Hermosillo","Sonora"
"83300","Rascón Coronado [Palos Fierro]","Ranchería","Hermosillo","Sonora"
"83300","La Resolana","Ranchería","Hermosillo","Sonora"
"83300","La Tembladera de Abajo","Ranchería","Hermosillo","Sonora"
"83300","La Tijera","Ranchería","Hermosillo","Sonora"
"83300","La Tortuga","Ranchería","Hermosillo","Sonora"
"83300","Las Brechas","Ranchería","Hermosillo","Sonora"
"83300","Las Ceibas","Ranchería","Hermosillo","Sonora"
"83300","Las Dos Marías","Colonia","Hermosillo","Sonora"
"83300","Campestre Hacienda la Labor","Granja","Hermosillo","Sonora"
"83300","Las Merceditas (Agronuts)","Ranchería","Hermosillo","Sonora"
"83300","Campo LUFATE","Ranchería","Hermosillo","Sonora"
"83300","Alejandro Rival Sánchez","Ranchería","Hermosillo","Sonora"
"83300","Las Palmas (Víctor Palma)","Ranchería","Hermosillo","Sonora"
"83300","Las Isabeles ( José Castellano)","Ranchería","Hermosillo","Sonora"
"83300","Las Tortolitas","Ranchería","Hermosillo","Sonora"
"83300","Laura Bella Dos","Ranchería","Hermosillo","Sonora"
"83300","Laura Bella Uno","Ranchería","Hermosillo","Sonora"
"83300","Laureles","Ranchería","Hermosillo","Sonora"
"83300","Los Benavides","Ranchería","Hermosillo","Sonora"
"83300","Los Cúmaros (Establo San Francisco)","Ranchería","Hermosillo","Sonora"
"83300","Los Coyotes","Ranchería","Hermosillo","Sonora"
"83300","Los Jardines","Ranchería","Hermosillo","Sonora"
"83300","Santa Eduwiges","Ranchería","Hermosillo","Sonora"
"83300","Los Mezquites","Ranchería","Hermosillo","Sonora"
"83300","Los Milagros","Ranchería","Hermosillo","Sonora"
"83300","Los Moros","Ranchería","Hermosillo","Sonora"
"83300","Los Pinitos","Ranchería","Hermosillo","Sonora"
"83300","Los Pozos","Ranchería","Hermosillo","Sonora"
"83300","Los Pozos","Ejido","Hermosillo","Sonora"
"83300","Los Pachecos","Ranchería","Hermosillo","Sonora"
"83300","Los Sauces","Ejido","Hermosillo","Sonora"
"83300","Los Vados","Ranchería","Hermosillo","Sonora"
"83300","El Jarrito","Ranchería","Hermosillo","Sonora"
"83300","Manantial de Camoú [Campestre]","Colonia","Hermosillo","Sonora"
"83300","Campestre Bermudas [Manuel Ruiz]","Ejido","Hermosillo","Sonora"
"83300","Mazocari [Agropecuaria]","Granja","Hermosillo","Sonora"
"83300","Víctor Córdova","Ranchería","Hermosillo","Sonora"
"83300","El Perú (Patrocipes)","Ranchería","Hermosillo","Sonora"
"83300","Porcicola Clamaral","Granja","Hermosillo","Sonora"
"83300","Manuel Samaniego","Ranchería","Hermosillo","Sonora"
"83300","Ramón Trujillo (La Milpa)","Ranchería","Hermosillo","Sonora"
"83300","Real de Mulato","Ranchería","Hermosillo","Sonora"
"83300","Ricardo Retes","Ranchería","Hermosillo","Sonora"
"83300","Rosalío Chávez","Ranchería","Hermosillo","Sonora"
"83300","San Alberto","Ranchería","Hermosillo","Sonora"
"83300","San Emilio","Ranchería","Hermosillo","Sonora"
"83300","San Esteban","Ranchería","Hermosillo","Sonora"
"83300","San Fernando (La Bolsas)","Ranchería","Hermosillo","Sonora"
"83300","San Francisco","Ranchería","Hermosillo","Sonora"
"83300","San Francisco","Ejido","Hermosillo","Sonora"
"83300","San Javier","Ranchería","Hermosillo","Sonora"
"83300","San José","Rancho","Hermosillo","Sonora"
"83300","San Juan","Ranchería","Hermosillo","Sonora"
"83300","San Juan","Ejido","Hermosillo","Sonora"
"83300","San Juanico [Campestre]","Ranchería","Hermosillo","Sonora"
"83300","San Judas","Ranchería","Hermosillo","Sonora"
"83300","San Leopoldo","Ranchería","Hermosillo","Sonora"
"83300","San Lorenzo","Ranchería","Hermosillo","Sonora"
"83300","San Martín","Ranchería","Hermosillo","Sonora"
"83300","San Martín (Alamito)","Ranchería","Hermosillo","Sonora"
"83300","San Miguel","Ranchería","Hermosillo","Sonora"
"83300","San Pedrito","Ejido","Hermosillo","Sonora"
"83300","La Herradura","Ranchería","Hermosillo","Sonora"
"83300","San Rafael [Campestre]","Ranchería","Hermosillo","Sonora"
"83300","San Rodolfo","Ranchería","Hermosillo","Sonora"
"83300","Santa Belem","Ranchería","Hermosillo","Sonora"
"83300","Los Sauces","Ranchería","Hermosillo","Sonora"
"83300","Santa Elena","Ejido","Hermosillo","Sonora"
"83300","Santa Lucina [Campestre]","Colonia","Hermosillo","Sonora"
"83300","Santa Rita","Ranchería","Hermosillo","Sonora"
"83300","Santa Rita","Ejido","Hermosillo","Sonora"
"83300","Santa Rosa","Ranchería","Hermosillo","Sonora"
"83300","Santa Rosa","Ejido","Hermosillo","Sonora"
"83300","Santa Rosa","Rancho","Hermosillo","Sonora"
"83300","Santa Teresa","Ranchería","Hermosillo","Sonora"
"83300","Santa Teresa (Los Ruices)","Ranchería","Hermosillo","Sonora"
"83300","Santa Teresita","Ranchería","Hermosillo","Sonora"
"83300","San Alonso","Ranchería","Hermosillo","Sonora"
"83300","La Fuente de la Juventud","Colonia","Hermosillo","Sonora"
"83300","Sol Azteca","Ranchería","Hermosillo","Sonora"
"83300","Villa Dorada","Colonia","Hermosillo","Sonora"
"83300","Villa Guadalupe [Campestre]","Ranchería","Hermosillo","Sonora"
"83300","Villa Manantial [Campestre]","Colonia","Hermosillo","Sonora"
"83300","Viñedo 2000","Ranchería","Hermosillo","Sonora"
"83300","Viñedos 2000 Sur","Ejido","Hermosillo","Sonora"
"83300","Viñedo 2000","Rancho","Hermosillo","Sonora"
"83300","Viñedos del Pozzo","Ranchería","Hermosillo","Sonora"
"83300","Sonora","Rancho","Hermosillo","Sonora"
"83303","Mesa del Seri","Ejido","Hermosillo","Sonora"
"83303","Molino de Camou (San Isidro)","Ejido","Hermosillo","Sonora"
"83303","Topahue","Ejido","Hermosillo","Sonora"
"83303","San José de Gracia","Ejido","Hermosillo","Sonora"
"83303","San Francisco de Batuc","Colonia","Hermosillo","Sonora"
"83303","Hacienda de los Valencia","Fraccionamiento","Hermosillo","Sonora"
"83303","Campestre el Potrillo","Fraccionamiento","Hermosillo","Sonora"
"83303","Chula Vista (Campestre Jiménez)","Fraccionamiento","Hermosillo","Sonora"
"83303","Colinas del Molino (Campestre Jiménez)","Fraccionamiento","Hermosillo","Sonora"
"83303","Río Azul Sección Rubí","Fraccionamiento","Hermosillo","Sonora"
"83303","El Alamito Buenavista (El Tronconal)","Ejido","Hermosillo","Sonora"
"83303","San Juan","Ejido","Hermosillo","Sonora"
"83303","Cementos Holcim Apasco [Cementera]","Zona industrial","Hermosillo","Sonora"
"83303","Alberto Bustamante","Ranchería","Hermosillo","Sonora"
"83303","Alejandro Córdova (El Alamito)","Ranchería","Hermosillo","Sonora"
"83303","Andrés Beltrán","Ranchería","Hermosillo","Sonora"
"83303","Apolo","Ranchería","Hermosillo","Sonora"
"83303","Armando Ramírez","Ranchería","Hermosillo","Sonora"
"83303","Buena Vista","Ranchería","Hermosillo","Sonora"
"83303","Buena Vista [Fraccionamiento Campestre]","Fraccionamiento","Hermosillo","Sonora"
"83303","Campestre San Isidro","Ranchería","Hermosillo","Sonora"
"83303","Campo Nuevo","Ranchería","Hermosillo","Sonora"
"83303","Campo Sergio López Luna","Ranchería","Hermosillo","Sonora"
"83303","Elmer García","Ranchería","Hermosillo","Sonora"
"83303","Cerro las Hormigas (Jesús Mario)","Ranchería","Hermosillo","Sonora"
"83303","Chano Quintero","Ranchería","Hermosillo","Sonora"
"83303","Crisosa (Cribadora de Sonora)","Ranchería","Hermosillo","Sonora"
"83303","San Miguel","Ranchería","Hermosillo","Sonora"
"83303","Danny","Ranchería","Hermosillo","Sonora"
"83303","Dinámica del Pacífico (Santa Fe)","Ranchería","Hermosillo","Sonora"
"83303","Don Nazario","Ranchería","Hermosillo","Sonora"
"83303","El Abra","Ranchería","Hermosillo","Sonora"
"83303","El Terreno","Ranchería","Hermosillo","Sonora"
"83303","El Chinalito","Ranchería","Hermosillo","Sonora"
"83303","El Álamo [Fraccionamiento Campestre]","Ranchería","Hermosillo","Sonora"
"83303","El Barzón","Ranchería","Hermosillo","Sonora"
"83303","Constructora Elga","Equipamiento","Hermosillo","Sonora"
"83303","El Alamito (Campo el Chale)","Ranchería","Hermosillo","Sonora"
"83303","El Bofito","Ranchería","Hermosillo","Sonora"
"83303","El Cable (Santa Mercedes)","Ranchería","Hermosillo","Sonora"
"83303","El Cachoral","Ranchería","Hermosillo","Sonora"
"83303","El Cajón Verde","Ranchería","Hermosillo","Sonora"
"83303","El Campito","Ranchería","Hermosillo","Sonora"
"83303","El Campito","Ejido","Hermosillo","Sonora"
"83303","El Campito Montaño","Ranchería","Hermosillo","Sonora"
"83303","El Cantón","Ranchería","Hermosillo","Sonora"
"83303","El Cimarrón","Ranchería","Hermosillo","Sonora"
"83303","El Coyote","Ranchería","Hermosillo","Sonora"
"83303","El Cuatro","Ranchería","Hermosillo","Sonora"
"83303","El Esfuerzo","Ranchería","Hermosillo","Sonora"
"83303","El Garambullo","Ejido","Hermosillo","Sonora"
"83303","El Garambullo","Ranchería","Hermosillo","Sonora"
"83303","El Laberinto","Ranchería","Hermosillo","Sonora"
"83303","El Maguachi","Ranchería","Hermosillo","Sonora"
"83303","El Moisés","Ranchería","Hermosillo","Sonora"
"83303","El Nomo","Ranchería","Hermosillo","Sonora"
"83303","El Papalote","Ranchería","Hermosillo","Sonora"
"83303","El Pinal (El Alamito)","Ranchería","Hermosillo","Sonora"
"83303","El Pozo","Ranchería","Hermosillo","Sonora"
"83303","El Pozo Nuevo","Ranchería","Hermosillo","Sonora"
"83303","El Ranchito","Ranchería","Hermosillo","Sonora"
"83303","El Rancho","Ranchería","Hermosillo","Sonora"
"83303","El Realito","Hacienda","Hermosillo","Sonora"
"83303","El Recobeco","Ranchería","Hermosillo","Sonora"
"83303","El Resbaladero","Ranchería","Hermosillo","Sonora"
"83303","El Río","Ranchería","Hermosillo","Sonora"
"83303","El Rodeo","Ranchería","Hermosillo","Sonora"
"83303","El Sacrificio","Ejido","Hermosillo","Sonora"
"83303","El Sahuaro","Ranchería","Hermosillo","Sonora"
"83303","El Sauzaba","Ranchería","Hermosillo","Sonora"
"83303","El Seri","Ranchería","Hermosillo","Sonora"
"83303","El Tejabán","Ranchería","Hermosillo","Sonora"
"83303","El Temporal","Ranchería","Hermosillo","Sonora"
"83303","El Tren Grande","Ranchería","Hermosillo","Sonora"
"83303","El Zanjón","Ranchería","Hermosillo","Sonora"
"83303","Fernando Molina Lord","Ranchería","Hermosillo","Sonora"
"83303","Campestre la Colmena","Fraccionamiento","Hermosillo","Sonora"
"83303","Francisco Bustamante","Ranchería","Hermosillo","Sonora"
"83303","Fructuoso Méndez","Ranchería","Hermosillo","Sonora"
"83303","Guadalupe","Ranchería","Hermosillo","Sonora"
"83303","Guadalupe","Ejido","Hermosillo","Sonora"
"83303","San Juacico Bajo","Rancho","Hermosillo","Sonora"
"83303","Instituto de Tratamiento y Aplicación para Ad","Ranchería","Hermosillo","Sonora"
"83303","Jacinto López (La Galera)","Ranchería","Hermosillo","Sonora"
"83303","Jesús Ramírez (El Alamito)","Ranchería","Hermosillo","Sonora"
"83303","Jorge Camou","Ranchería","Hermosillo","Sonora"
"83303","Jorge Rosales","Ranchería","Hermosillo","Sonora"
"83303","Juan Barrera Navarro","Ranchería","Hermosillo","Sonora"
"83303","Juan Silvestre","Ranchería","Hermosillo","Sonora"
"83303","La Casita","Ranchería","Hermosillo","Sonora"
"83303","La Chicharra","Ranchería","Hermosillo","Sonora"
"83303","La Chinapita","Ranchería","Hermosillo","Sonora"
"83303","La Colmena (Pozo Cuatro) [Huerta]","Ranchería","Hermosillo","Sonora"
"83303","La Coteña","Ranchería","Hermosillo","Sonora"
"83303","La Cuesta [Engorda]","Ranchería","Hermosillo","Sonora"
"83303","La Esperanza (René Sicre)","Ranchería","Hermosillo","Sonora"
"83303","La Galera","Ranchería","Hermosillo","Sonora"
"83303","La Laguna","Ranchería","Hermosillo","Sonora"
"83303","La Loma (La Lomita)","Ranchería","Hermosillo","Sonora"
"83303","La Mosa (El Campo del Capi)","Ranchería","Hermosillo","Sonora"
"83303","La Nopalera","Ejido","Hermosillo","Sonora"
"83303","La Palapa","Ranchería","Hermosillo","Sonora"
"83303","La Pomona","Ranchería","Hermosillo","Sonora"
"83303","La Postera","Ranchería","Hermosillo","Sonora"
"83303","La Pradera","Ranchería","Hermosillo","Sonora"
"83303","La Quinta","Ranchería","Hermosillo","Sonora"
"83303","La Reforma","Ranchería","Hermosillo","Sonora"
"83303","La Rinconada (Los Boris)","Ranchería","Hermosillo","Sonora"
"83303","La Rosillita del Chino","Ranchería","Hermosillo","Sonora"
"83303","La Victoria","Ranchería","Hermosillo","Sonora"
"83303","La Victoria (La Crinolina) [Corrales]","Ranchería","Hermosillo","Sonora"
"83303","Lágrimas Ranch","Ranchería","Hermosillo","Sonora"
"83303","Las Albercas [Campestre]","Ranchería","Hermosillo","Sonora"
"83303","Las Cruces","Ranchería","Hermosillo","Sonora"
"83303","Las Milpas","Ranchería","Hermosillo","Sonora"
"83303","Las Praderas","Ranchería","Hermosillo","Sonora"
"83303","Las Zayas","Ranchería","Hermosillo","Sonora"
"83303","Latifundio San Jorge","Ranchería","Hermosillo","Sonora"
"83303","Leobardo Miranda","Ranchería","Hermosillo","Sonora"
"83303","Leopoldo Sánchez","Ranchería","Hermosillo","Sonora"
"83303","Lino Martínez","Ranchería","Hermosillo","Sonora"
"83303","Los Camichines [Agropecuaria]","Ranchería","Hermosillo","Sonora"
"83303","Los Chinos","Ranchería","Hermosillo","Sonora"
"83303","Los Chirriones","Ranchería","Hermosillo","Sonora"
"83303","Los Dos Ríos","Ranchería","Hermosillo","Sonora"
"83303","Los Ingenieros","Ranchería","Hermosillo","Sonora"
"83303","Los Lareños (La Iguana)","Ranchería","Hermosillo","Sonora"
"83303","Los Millán","Ranchería","Hermosillo","Sonora"
"83303","Los Nogales","Ranchería","Hermosillo","Sonora"
"83303","Los Nogales","Ejido","Hermosillo","Sonora"
"83303","Los Temporales","Ranchería","Hermosillo","Sonora"
"83303","Lotes Campestres CESUES","Ranchería","Hermosillo","Sonora"
"83303","Lux","Ranchería","Hermosillo","Sonora"
"83303","Madero","Ranchería","Hermosillo","Sonora"
"83303","Manuel Ávila Saavedra","Ranchería","Hermosillo","Sonora"
"83303","Marlén","Ranchería","Hermosillo","Sonora"
"83303","Misión de San José","Ranchería","Hermosillo","Sonora"
"83303","Norababi","Ranchería","Hermosillo","Sonora"
"83303","Parcela Janeth","Ranchería","Hermosillo","Sonora"
"83303","Porcícola Brival","Granja","Hermosillo","Sonora"
"83303","Porcícola San Armando","Ranchería","Hermosillo","Sonora"
"83303","Pozo de Toyos","Ranchería","Hermosillo","Sonora"
"83303","Pozo Nuevo","Ranchería","Hermosillo","Sonora"
"83303","Predio Guadalupe","Ranchería","Hermosillo","Sonora"
"83303","Ramón Morales Durazo (El Pipi)","Ranchería","Hermosillo","Sonora"
"83303","Diana","Rancho","Hermosillo","Sonora"
"83303","López","Rancho","Hermosillo","Sonora"
"83303","Noriega","Rancho","Hermosillo","Sonora"
"83303","Real del Molinito [Campestre]","Ranchería","Hermosillo","Sonora"
"83303","Río Sol","Ranchería","Hermosillo","Sonora"
"83303","Rosilla de Salazar","Ranchería","Hermosillo","Sonora"
"83303","Rubén Silva (El Alamito)","Ranchería","Hermosillo","Sonora"
"83303","Sacramento","Ranchería","Hermosillo","Sonora"
"83303","Sacramento","Ejido","Hermosillo","Sonora"
"83303","San Agustín (El Toti)","Ranchería","Hermosillo","Sonora"
"83303","San Alberto (Campo la Loma)","Ranchería","Hermosillo","Sonora"
"83303","San Antonio","Ranchería","Hermosillo","Sonora"
"83303","San Antonio","Ejido","Hermosillo","Sonora"
"83303","San Bartolo","Colonia","Hermosillo","Sonora"
"83303","San Eduardo Dos","Ranchería","Hermosillo","Sonora"
"83303","San Eduardo Uno","Ranchería","Hermosillo","Sonora"
"83303","San Ernesto","Ranchería","Hermosillo","Sonora"
"83303","San Felipe","Ranchería","Hermosillo","Sonora"
"83303","San Fernando","Ranchería","Hermosillo","Sonora"
"83303","San Francisquito","Ejido","Hermosillo","Sonora"
"83303","San Gerónimo","Ranchería","Hermosillo","Sonora"
"83303","San Joaquín (Mayola)","Ranchería","Hermosillo","Sonora"
"83303","San José","Ranchería","Hermosillo","Sonora"
"83303","San José","Ejido","Hermosillo","Sonora"
"83303","San Juan de los Pinos","Ranchería","Hermosillo","Sonora"
"83303","San Juan del Río","Ranchería","Hermosillo","Sonora"
"83303","San Juanico el Alto (La Victoria)","Ranchería","Hermosillo","Sonora"
"83303","San Judas","Ranchería","Hermosillo","Sonora"
"83303","San Martín","Ranchería","Hermosillo","Sonora"
"83303","San Martín","Rancho","Hermosillo","Sonora"
"83303","San Nicolás","Ranchería","Hermosillo","Sonora"
"83303","San Rafael","Ranchería","Hermosillo","Sonora"
"83303","San Ramón","Ranchería","Hermosillo","Sonora"
"83303","San Salvador","Ranchería","Hermosillo","Sonora"
"83303","San Salvador","Ejido","Hermosillo","Sonora"
"83303","Santa Catalina","Ranchería","Hermosillo","Sonora"
"83303","Santa Cruz","Ranchería","Hermosillo","Sonora"
"83303","Santa Cruz","Ejido","Hermosillo","Sonora"
"83303","Santa Eduwiges","Ranchería","Hermosillo","Sonora"
"83303","Santa Elena","Ranchería","Hermosillo","Sonora"
"83303","Santa Emilia","Ranchería","Hermosillo","Sonora"
"83303","Santa Estela","Ranchería","Hermosillo","Sonora"
"83303","Santa Guadalupe","Ranchería","Hermosillo","Sonora"
"83303","Santa Laura","Ranchería","Hermosillo","Sonora"
"83303","Santa María (Ricardo Jaime)","Ranchería","Hermosillo","Sonora"
"83303","Santa Martha","Ranchería","Hermosillo","Sonora"
"83303","Santa Patricia","Ranchería","Hermosillo","Sonora"
"83303","Santa Rosa","Ranchería","Hermosillo","Sonora"
"83303","Santa Teresita","Ranchería","Hermosillo","Sonora"
"83303","Sierra Grande Alimentos","Ranchería","Hermosillo","Sonora"
"83303","Sociedad Agrícola San Francisco de Batuc","Ranchería","Hermosillo","Sonora"
"83303","Tacupeto","Ranchería","Hermosillo","Sonora"
"83303","La Tezota","Ranchería","Hermosillo","Sonora"
"83303","Tierra Bonita [Campestre]","Ranchería","Hermosillo","Sonora"
"83303","Tres Pueblos","Rancho","Hermosillo","Sonora"
"83303","UGRS","Ranchería","Hermosillo","Sonora"
"83303","Valle Verde","Ranchería","Hermosillo","Sonora"
"83303","Villa Lucía","Ranchería","Hermosillo","Sonora"
"83303","Viveros Guayacanes","Ranchería","Hermosillo","Sonora"
"83303","CFE Central Ciclo Combinado Hermosillo","Equipamiento","Hermosillo","Sonora"
"83304","El Tazajal","Ejido","Hermosillo","Sonora"
"83304","Gran Beroa Residencial","Fraccionamiento","Hermosillo","Sonora"
"83304","Desarrollo Industrial Victoria 5.5","Zona industrial","Hermosillo","Sonora"
"83304","Parque Industrial VINSA","Zona industrial","Hermosillo","Sonora"
"83304","Parque Industrial Lanix","Zona industrial","Hermosillo","Sonora"
"83304","La Victoria Almacenes","Colonia","Hermosillo","Sonora"
"83304","Rio Seco Residencial","Fraccionamiento","Hermosillo","Sonora"
"83304","Universidad del Valle de México","Equipamiento","Hermosillo","Sonora"
"83304","Block Carolina","Equipamiento","Hermosillo","Sonora"
"83304","Colegio Irlandés","Equipamiento","Hermosillo","Sonora"
"83304","Charro Granillo","Ranchería","Hermosillo","Sonora"
"83304","Isdamar","Ranchería","Hermosillo","Sonora"
"83304","Corrales San José","Ranchería","Hermosillo","Sonora"
"83304","El Crucero (Cuchilla la Pagasa)","Ranchería","Hermosillo","Sonora"
"83304","El Ranchito (Alejandro Camou)","Ranchería","Hermosillo","Sonora"
"83304","Las Riberas","Fraccionamiento","Hermosillo","Sonora"
"83304","Gimports de México","Zona comercial","Hermosillo","Sonora"
"83304","La Casona","Ranchería","Hermosillo","Sonora"
"83304","La Escondida (Víctor Leyva)","Ranchería","Hermosillo","Sonora"
"83304","La Mesita de los Cardenales (Roberto Cruz T)","Rancho","Hermosillo","Sonora"
"83304","La Victoria","Ejido","Hermosillo","Sonora"
"83304","La Victoria (Francisco Quiroga) [Establo]","Ranchería","Hermosillo","Sonora"
"83304","Las Peñas","Ranchería","Hermosillo","Sonora"
"83304","Lázaro Peraza","Ranchería","Hermosillo","Sonora"
"83304","Los Juancitos","Ranchería","Hermosillo","Sonora"
"83304","Montecasino","Rancho","Hermosillo","Sonora"
"83304","Paloma Agroindustrial","Ranchería","Hermosillo","Sonora"
"83304","Plastimarmol","Ranchería","Hermosillo","Sonora"
"83304","Porcícola Dolores","Zona industrial","Hermosillo","Sonora"
"83304","Prefabricados de Concreto (PYPCO)","Zona industrial","Hermosillo","Sonora"
"83304","Salvador Quijada Jiménez (SQTECH)","Zona industrial","Hermosillo","Sonora"
"83304","Parque Industrial Luvira","Zona industrial","Hermosillo","Sonora"
"83304","San Qüilmas","Rancho","Hermosillo","Sonora"
"83304","Santa Margarita","Ejido","Hermosillo","Sonora"
"83304","Santa Rita","Ranchería","Hermosillo","Sonora"
"83304","Dinámica del Pacífico","Ranchería","Hermosillo","Sonora"
"83304","Taller Mecánico Diésel","Zona comercial","Hermosillo","Sonora"
"83305","San Pedro o el Saucito (San Pedro el Saucito)","Pueblo","Hermosillo","Sonora"
"83305","El Chaparral","Fraccionamiento","Hermosillo","Sonora"
"83305","La Gravera","Ranchería","Hermosillo","Sonora"
"83306","El Albañil","Ranchería","Hermosillo","Sonora"
"83306","El Bajío (Bojórquez)","Ranchería","Hermosillo","Sonora"
"83306","El Baluarte","Ranchería","Hermosillo","Sonora"
"83306","El Consuelo","Ranchería","Hermosillo","Sonora"
"83306","El Yuguito","Ranchería","Hermosillo","Sonora"
"83306","Ixpalia","Ranchería","Hermosillo","Sonora"
"83306","Kino","Ranchería","Hermosillo","Sonora"
"83306","Las Candelarias","Ranchería","Hermosillo","Sonora"
"83306","Las Norias","Ranchería","Hermosillo","Sonora"
"83306","Palos Grandes (El Mono)","Ranchería","Hermosillo","Sonora"
"83306","Productos Congelados del Noroeste","Ranchería","Hermosillo","Sonora"
"83306","San Francisco","Ranchería","Hermosillo","Sonora"
"83306","San Isidro","Ranchería","Hermosillo","Sonora"
"83306","San Isidro","Ejido","Hermosillo","Sonora"
"83306","San Lorenzo","Ranchería","Hermosillo","Sonora"
"83306","San Marcos","Ranchería","Hermosillo","Sonora"
"83306","Tierra Blanca","Ranchería","Hermosillo","Sonora"
"83306","TM Winco","Ranchería","Hermosillo","Sonora"
"83307","El Represito","Ranchería","Hermosillo","Sonora"
"83307","Ganadera Gapa","Ranchería","Hermosillo","Sonora"
"83307","Los Ángeles","Hacienda","Hermosillo","Sonora"
"83307","Los Chinos","Ranchería","Hermosillo","Sonora"
"83307","Proveedora de Insumos Mineros SA","Ranchería","Hermosillo","Sonora"
"83310","Las Víboras","Rancho","Hermosillo","Sonora"
"83310","La Yesca","Ejido","Hermosillo","Sonora"
"83310","Cerro de la Virgen","Ranchería","Hermosillo","Sonora"
"83310","Club de Caza Tirocapes","Ranchería","Hermosillo","Sonora"
"83310","Club de Tiro y Caza Mazocahui","Ranchería","Hermosillo","Sonora"
"83310","Distribuciones Kino","Ranchería","Hermosillo","Sonora"
"83310","El Bola","Ranchería","Hermosillo","Sonora"
"83310","El Real del Catorce","Fraccionamiento","Hermosillo","Sonora"
"83310","El Represito del Padre","Ranchería","Hermosillo","Sonora"
"83310","El Represo","Ranchería","Hermosillo","Sonora"
"83310","Equipos y Explosivos de Sonora","Equipamiento","Hermosillo","Sonora"
"83310","Ganadera Contreras","Ranchería","Hermosillo","Sonora"
"83310","Campestre el Mezquite","Ranchería","Hermosillo","Sonora"
"83310","Campestre la Yesca","Ejido","Hermosillo","Sonora"
"83310","La Fortuna","Rancho","Hermosillo","Sonora"
"83310","La Loma","Ranchería","Hermosillo","Sonora"
"83310","La Valenciana Dos","Ranchería","Hermosillo","Sonora"
"83310","Las Bebelamas","Ranchería","Hermosillo","Sonora"
"83310","Las Tres Marías","Ranchería","Hermosillo","Sonora"
"83310","Las Víboras","Ranchería","Hermosillo","Sonora"
"83310","Los Pinos (Adolfo López Mateos)","Colonia","Hermosillo","Sonora"
"83310","Los Talayotes","Ranchería","Hermosillo","Sonora"
"83310","Manuel Sánchez","Ranchería","Hermosillo","Sonora"
"83310","Milpa Baja","Ranchería","Hermosillo","Sonora"
"83310","Pitic Explosivos","Ranchería","Hermosillo","Sonora"
"83310","San Antonio (La Loma)","Ranchería","Hermosillo","Sonora"
"83310","San Juan","Ranchería","Hermosillo","Sonora"
"83310","Santa Cecilia (La Escondida)","Ranchería","Hermosillo","Sonora"
"83310","Santa Eduwiges","Ranchería","Hermosillo","Sonora"
"83313","Benito Juárez (Sección Tres)","Ranchería","Hermosillo","Sonora"
"83313","Benito Juárez (Sector Cinco)","Ranchería","Hermosillo","Sonora"
"83313","Cruz Gálvez (El Caporal)","Ejido","Hermosillo","Sonora"
"83313","El Bajío","Ranchería","Hermosillo","Sonora"
"83313","El Orégano","Ranchería","Hermosillo","Sonora"
"83313","El Pilar","Ranchería","Hermosillo","Sonora"
"83313","El Pozo","Ranchería","Hermosillo","Sonora"
"83313","La Genoveva","Ranchería","Hermosillo","Sonora"
"83313","La Herradura","Ranchería","Hermosillo","Sonora"
"83313","La Mina (Retiros Espirituales)","Ranchería","Hermosillo","Sonora"
"83313","La Miura","Ranchería","Hermosillo","Sonora"
"83313","La Palma","Ranchería","Hermosillo","Sonora"
"83313","La Palma","Ranchería","Hermosillo","Sonora"
"83313","La Pimienta","Ranchería","Hermosillo","Sonora"
"83313","La Pintada","Ranchería","Hermosillo","Sonora"
"83313","La Pintada","Ejido","Hermosillo","Sonora"
"83313","La Pintada [Restaurante]","Equipamiento","Hermosillo","Sonora"
"83313","La Poza","Ranchería","Hermosillo","Sonora"
"83313","La Poza (Bloquera)","Ranchería","Hermosillo","Sonora"
"83313","Las Empanadas","Ranchería","Hermosillo","Sonora"
"83313","Las Teresitas (1333)","Ranchería","Hermosillo","Sonora"
"83313","Los Pocitos","Ranchería","Hermosillo","Sonora"
"83313","Rincón de Guadalupe las Avispas","Ranchería","Hermosillo","Sonora"
"83313","San Alberto","Ranchería","Hermosillo","Sonora"
"83313","San Francisco","Ranchería","Hermosillo","Sonora"
"83313","San Isidro","Ranchería","Hermosillo","Sonora"
"83313","San Luis","Ranchería","Hermosillo","Sonora"
"83313","San Pablo","Ranchería","Hermosillo","Sonora"
"83313","Santa Cruz Uno","Ranchería","Hermosillo","Sonora"
"83313","Santa Eduwiges","Ranchería","Hermosillo","Sonora"
"83314","El Chaparral","Ranchería","Hermosillo","Sonora"
"83314","El Desengaño","Ranchería","Hermosillo","Sonora"
"83314","La Infamia","Ranchería","Hermosillo","Sonora"
"83314","San Martín (Cajón del Diablo)","Ranchería","Hermosillo","Sonora"
"83314","Santa Margarita","Ranchería","Hermosillo","Sonora"
"83315","Buenavista","Ranchería","Hermosillo","Sonora"
"83315","Crucero (Cuatro y Veintiséis)","Ranchería","Hermosillo","Sonora"
"83315","El Álamo","Ranchería","Hermosillo","Sonora"
"83315","El Apache","Ranchería","Hermosillo","Sonora"
"83315","El Barcelonet","Ranchería","Hermosillo","Sonora"
"83315","El Carrizo","Ranchería","Hermosillo","Sonora"
"83315","El Chamizal","Ranchería","Hermosillo","Sonora"
"83315","El Cholay (Santa María)","Ranchería","Hermosillo","Sonora"
"83315","El Consejo","Ranchería","Hermosillo","Sonora"
"83315","El Diamante","Ranchería","Hermosillo","Sonora"
"83315","El Diamante Dos","Ranchería","Hermosillo","Sonora"
"83315","El Diamante Tres","Ranchería","Hermosillo","Sonora"
"83315","El Gramal","Ranchería","Hermosillo","Sonora"
"83315","El Huarache","Ranchería","Hermosillo","Sonora"
"83315","El Machete","Ranchería","Hermosillo","Sonora"
"83315","El Mayo","Ranchería","Hermosillo","Sonora"
"83315","El Quetzal (El Cholay)","Ranchería","Hermosillo","Sonora"
"83315","El Tepachi","Ranchería","Hermosillo","Sonora"
"83315","El Tesal","Ranchería","Hermosillo","Sonora"
"83315","El Tucson","Ranchería","Hermosillo","Sonora"
"83315","El Yucateco 6","Ranchería","Hermosillo","Sonora"
"83315","El Yucateco Uno","Ranchería","Hermosillo","Sonora"
"83315","La Aurora","Ranchería","Hermosillo","Sonora"
"83315","La Cuichi (Pelícano)","Rancho","Hermosillo","Sonora"
"83315","La Estrella","Ranchería","Hermosillo","Sonora"
"83315","La Gaviota","Ranchería","Hermosillo","Sonora"
"83315","La Sierrita","Ranchería","Hermosillo","Sonora"
"83315","Las Carretas","Ranchería","Hermosillo","Sonora"
"83315","Las Vírgenes Cinco","Ranchería","Hermosillo","Sonora"
"83315","Las Vírgenes Número Uno","Ranchería","Hermosillo","Sonora"
"83315","Las Vírgenes Tres","Ranchería","Hermosillo","Sonora"
"83315","Los Cuatitos (Siberia Tres)","Ranchería","Hermosillo","Sonora"
"83315","Los Huicos","Ranchería","Hermosillo","Sonora"
"83315","Los Pericos (El Cholay)","Ranchería","Hermosillo","Sonora"
"83315","Pierson (Las Vírgenes Dos)","Ranchería","Hermosillo","Sonora"
"83315","San Pascual","Rancho","Hermosillo","Sonora"
"83315","Mechudo [San Agustín]","Ranchería","Hermosillo","Sonora"
"83315","San Alfredo","Ranchería","Hermosillo","Sonora"
"83315","San Francisco","Ranchería","Hermosillo","Sonora"
"83315","San Juan (Campo Nuevo)","Rancho","Hermosillo","Sonora"
"83315","San Juanico","Ejido","Hermosillo","Sonora"
"83315","San Ramón","Ranchería","Hermosillo","Sonora"
"83315","Santa Carmen","Ranchería","Hermosillo","Sonora"
"83315","Santa Isabel","Ranchería","Hermosillo","Sonora"
"83315","Santo Niño","Rancho","Hermosillo","Sonora"
"83315","Siberia Dos","Ranchería","Hermosillo","Sonora"
"83315","Siberia Uno","Ranchería","Hermosillo","Sonora"
"83315","Tetabiate (Las Vírgenes Seis)","Ranchería","Hermosillo","Sonora"
"83316","El Choyudo (Los Japoneses)","Colonia","Hermosillo","Sonora"
"83316","El Colorado","Ejido","Hermosillo","Sonora"
"83316","Tastiota","Rancho","Hermosillo","Sonora"
"83316","Acuícola Tastiota","Granja","Hermosillo","Sonora"
"83316","Genitch","Granja","Hermosillo","Sonora"
"83316","Crucero Doce y Veintiséis","Ranchería","Hermosillo","Sonora"
"83316","El Gato","Ranchería","Hermosillo","Sonora"
"83316","Licenciado Ignacio Ramírez y su anexo San Pedro","Ranchería","Hermosillo","Sonora"
"83316","El Pedernal Tres","Ranchería","Hermosillo","Sonora"
"83316","El Retiro","Ranchería","Hermosillo","Sonora"
"83316","Floresta","Ranchería","Hermosillo","Sonora"
"83316","El Sagrado (La Victoria)","Ranchería","Hermosillo","Sonora"
"83316","San Carlitos","Rancho","Hermosillo","Sonora"
"83316","Guadalupe de Jesús","Ranchería","Hermosillo","Sonora"
"83316","San Fernando","Ranchería","Hermosillo","Sonora"
"83316","La Chacra","Ranchería","Hermosillo","Sonora"
"83316","La Chueca","Ranchería","Hermosillo","Sonora"
"83316","Larvas Génesis","Ranchería","Hermosillo","Sonora"
"83316","Las Cadenas","Ranchería","Hermosillo","Sonora"
"83316","Las Conchas (Tortillería)","Equipamiento","Hermosillo","Sonora"
"83316","Los Corralitos","Ranchería","Hermosillo","Sonora"
"83316","María Belem","Ranchería","Hermosillo","Sonora"
"83316","Nuevo Suaqui","Ranchería","Hermosillo","Sonora"
"83316","Puerto Arturo","Ranchería","Hermosillo","Sonora"
"83316","Santa Rosa","Rancho","Hermosillo","Sonora"
"83316","San Agustín","Granja","Hermosillo","Sonora"
"83316","San Carlos","Ranchería","Hermosillo","Sonora"
"83316","San Carlos (El Pocito)","Rancho","Hermosillo","Sonora"
"83316","San Francisco (El Sahuaral)","Ranchería","Hermosillo","Sonora"
"83316","San Gerardo","Ranchería","Hermosillo","Sonora"
"83316","San Joel","Ranchería","Hermosillo","Sonora"
"83316","San Miguel","Ranchería","Hermosillo","Sonora"
"83317","Plan de Ayala","Ranchería","Hermosillo","Sonora"
"83317","20 de Noviembre","Ranchería","Hermosillo","Sonora"
"83317","20 Noviembre Cuatro","Ranchería","Hermosillo","Sonora"
"83317","Aqua Nova","Granja","Hermosillo","Sonora"
"83317","Acuícola Polo","Granja","Hermosillo","Sonora"
"83317","Acuícola Selecta","Granja","Hermosillo","Sonora"
"83317","Dios Está Contigo (DEC los Pinos)","Granja","Hermosillo","Sonora"
"83317","El Cardonal","Ejido","Hermosillo","Sonora"
"83317","El Cinco (El Refugio)","Ranchería","Hermosillo","Sonora"
"83317","Francisco I Madero","Ranchería","Hermosillo","Sonora"
"83317","La Capilla","Ranchería","Hermosillo","Sonora"
"83317","Acuícola Genitech","Granja","Hermosillo","Sonora"
"83317","La Reforma","Ranchería","Hermosillo","Sonora"
"83317","Miguel Alemán (Santa Cruz)","Ranchería","Hermosillo","Sonora"
"83317","Sahuímero","Ranchería","Hermosillo","Sonora"
"83317","San Alfonso","Ranchería","Hermosillo","Sonora"
"83317","San Carlos (Empaque San Carlos)","Ranchería","Hermosillo","Sonora"
"83317","San Juan","Ranchería","Hermosillo","Sonora"
"83317","San Rafael","Ranchería","Hermosillo","Sonora"
"83317","Viva México","Ranchería","Hermosillo","Sonora"
"83320","El Agachado","Ranchería","Hermosillo","Sonora"
"83320","El Arenoso","Ranchería","Hermosillo","Sonora"
"83320","El Agachado","Ejido","Hermosillo","Sonora"
"83320","El Gameño","Ranchería","Hermosillo","Sonora"
"83320","El Mauto","Ranchería","Hermosillo","Sonora"
"83320","El Papalote","Ranchería","Hermosillo","Sonora"
"83320","La Aurora","Ejido","Hermosillo","Sonora"
"83320","La Pitahaya","Ranchería","Hermosillo","Sonora"
"83320","Los Palos Rosados","Ranchería","Hermosillo","Sonora"
"83320","Los Talayotes","Ranchería","Hermosillo","Sonora"
"83320","San Antonio","Ranchería","Hermosillo","Sonora"
"83320","San Blas","Ranchería","Hermosillo","Sonora"
"83320","San Diego","Ranchería","Hermosillo","Sonora"
"83323","La Franja","Colonia","Hermosillo","Sonora"
"83323","Nueva Europa","Colonia","Hermosillo","Sonora"
"83323","La Paloma VIP","Fraccionamiento","Hermosillo","Sonora"
"83323","Agropecuaria Jam","Granja","Hermosillo","Sonora"
"83323","Agroquímicos JAM","Ejido","Hermosillo","Sonora"
"83323","Agropecuaria Punta Baja (Casa Blanca)","Granja","Hermosillo","Sonora"
"83323","Hipódromo de Hermosillo","Equipamiento","Hermosillo","Sonora"
"83323","Grupo Industrial Bujanda","Ranchería","Hermosillo","Sonora"
"83323","Campo el Águila","Granja","Hermosillo","Sonora"
"83323","Chico Parra","Ranchería","Hermosillo","Sonora"
"83323","Corrales San Juanero","Colonia","Hermosillo","Sonora"
"83323","Cuadra las Quintas","Ranchería","Hermosillo","Sonora"
"83323","Cuadra las Quintas","Rancho","Hermosillo","Sonora"
"83323","Cuadra Tecoripa","Ejido","Hermosillo","Sonora"
"83323","Departamento de Agricultura y Ganadería","Equipamiento","Hermosillo","Sonora"
"83323","El Arenal","Ranchería","Hermosillo","Sonora"
"83323","El Cincuenta","Ranchería","Hermosillo","Sonora"
"83323","El Latifundio","Ranchería","Hermosillo","Sonora"
"83323","El Pegoste","Ranchería","Hermosillo","Sonora"
"83323","El Potrero","Ranchería","Hermosillo","Sonora"
"83323","Establo Dolisa","Ranchería","Hermosillo","Sonora"
"83323","Europa Número Dos","Ejido","Hermosillo","Sonora"
"83323","Santa Raquel","Granja","Hermosillo","Sonora"
"83323","Jardines del Paraíso","Ranchería","Hermosillo","Sonora"
"83323","Jauri","Ranchería","Hermosillo","Sonora"
"83323","La Bachata","Ranchería","Hermosillo","Sonora"
"83323","La Gallinita","Granja","Hermosillo","Sonora"
"83323","La Milpita","Ranchería","Hermosillo","Sonora"
"83323","La Mora","Ranchería","Hermosillo","Sonora"
"83323","La Peaña","Ejido","Hermosillo","Sonora"
"83323","La Valenciana (La Peaña)","Ranchería","Hermosillo","Sonora"
"83323","La Valenciana Uno [Huerta]","Ranchería","Hermosillo","Sonora"
"83323","Las Palmas [Viñedo]","Ranchería","Hermosillo","Sonora"
"83323","Las Palomas","Ranchería","Hermosillo","Sonora"
"83323","Las Tomasas","Ranchería","Hermosillo","Sonora"
"83323","Lázaro","Ranchería","Hermosillo","Sonora"
"83323","Los Cochitos (Los Cochitos UNISON)","Ranchería","Hermosillo","Sonora"
"83323","El Europa","Granja","Hermosillo","Sonora"
"83323","Lupe Romero","Ranchería","Hermosillo","Sonora"
"83323","Mada","Ranchería","Hermosillo","Sonora"
"83323","Ana Alicia Romero","Ranchería","Hermosillo","Sonora"
"83323","Gilberto Durazo Gaxiola","Ranchería","Hermosillo","Sonora"
"83323","Montana","Ranchería","Hermosillo","Sonora"
"83323","Montero","Ranchería","Hermosillo","Sonora"
"83323","Pancho Estrada","Ranchería","Hermosillo","Sonora"
"83323","Porcícola Yaco","Ranchería","Hermosillo","Sonora"
"83323","Ranchetes Santa Lucía","Ranchería","Hermosillo","Sonora"
"83323","San Eduardo (La Isla)","Ranchería","Hermosillo","Sonora"
"83323","San Fernando","Ranchería","Hermosillo","Sonora"
"83323","San José de las Palmas","Ranchería","Hermosillo","Sonora"
"83323","San Juanero","Ranchería","Hermosillo","Sonora"
"83323","Santa María del Bajo (Seminario)","Ranchería","Hermosillo","Sonora"
"83323","Siete Cerros","Granja","Hermosillo","Sonora"
"83323","Tepeyac","Ranchería","Hermosillo","Sonora"
"83323","Tomás Valencia","Ranchería","Hermosillo","Sonora"
"83323","Trini Pesqueira","Ranchería","Hermosillo","Sonora"
"83323","Viñedos Dolisa","Ranchería","Hermosillo","Sonora"
"83324","Santa Teresa","Ranchería","Hermosillo","Sonora"
"83324","El Fundador","Rancho","Hermosillo","Sonora"
"83324","San Luis","Ejido","Hermosillo","Sonora"
"83324","AMSA (TIASA)","Ranchería","Hermosillo","Sonora"
"83324","Bervano","Ranchería","Hermosillo","Sonora"
"83324","Campo Santa Teresita","Ranchería","Hermosillo","Sonora"
"83324","Campo el Grande","Equipamiento","Hermosillo","Sonora"
"83324","Campo Grande Número Dos","Ranchería","Hermosillo","Sonora"
"83324","Carlota Amalia","Ranchería","Hermosillo","Sonora"
"83324","Desarrollo","Ranchería","Hermosillo","Sonora"
"83324","Dos Triángulos","Granja","Hermosillo","Sonora"
"83324","Nuevo San Miguel","Ejido","Hermosillo","Sonora"
"83324","El Apenitas","Ranchería","Hermosillo","Sonora"
"83324","El Bajío","Rancho","Hermosillo","Sonora"
"83324","El Cerro","Ranchería","Hermosillo","Sonora"
"83324","El Gatal","Ranchería","Hermosillo","Sonora"
"83324","El Guamuchilar (Centrito)","Rancho","Hermosillo","Sonora"
"83324","El Jabalí","Ranchería","Hermosillo","Sonora"
"83324","El Lucero","Ranchería","Hermosillo","Sonora"
"83324","El Mariachi","Ranchería","Hermosillo","Sonora"
"83324","El Milagro","Ranchería","Hermosillo","Sonora"
"83324","El Muertito","Ranchería","Hermosillo","Sonora"
"83324","El Nuevo Tejabán","Ranchería","Hermosillo","Sonora"
"83324","El Piave","Rancho","Hermosillo","Sonora"
"83324","El Pocito","Ranchería","Hermosillo","Sonora"
"83324","El Porvenir","Ranchería","Hermosillo","Sonora"
"83324","El Refugio","Ranchería","Hermosillo","Sonora"
"83324","El Sacrificio","Ranchería","Hermosillo","Sonora"
"83324","El Tecolote","Ranchería","Hermosillo","Sonora"
"83324","El Tejabán (Ignacio Careaga)","Ranchería","Hermosillo","Sonora"
"83324","El Tojungo Dos","Ranchería","Hermosillo","Sonora"
"83324","El Tojungo Sur","Ranchería","Hermosillo","Sonora"
"83324","Janneth","Ranchería","Hermosillo","Sonora"
"83324","La Base (Los Hoyos)","Ranchería","Hermosillo","Sonora"
"83324","La Brea","Rancho","Hermosillo","Sonora"
"83324","La Breita (Santa Amelia)","Rancho","Hermosillo","Sonora"
"83324","La Bura","Ranchería","Hermosillo","Sonora"
"83324","La Chineña","Ranchería","Hermosillo","Sonora"
"83324","La Esperanza","Ranchería","Hermosillo","Sonora"
"83324","La Estación Dessens","Ranchería","Hermosillo","Sonora"
"83324","La Garita","Ranchería","Hermosillo","Sonora"
"83324","La Habana [Establo]","Rancho","Hermosillo","Sonora"
"83324","La Habana [Porcícola y Avícola]","Granja","Hermosillo","Sonora"
"83324","La Habana Número Dos","Ejido","Hermosillo","Sonora"
"83324","La Habana Número Uno","Ranchería","Hermosillo","Sonora"
"83324","La Habana Tres","Ejido","Hermosillo","Sonora"
"83324","La Paloma","Ejido","Hermosillo","Sonora"
"83324","La Paloma","Ranchería","Hermosillo","Sonora"
"83324","La Polka","Ranchería","Hermosillo","Sonora"
"83324","La Primavera","Ranchería","Hermosillo","Sonora"
"83324","La Puntada","Ranchería","Hermosillo","Sonora"
"83324","La Tinajita","Ranchería","Hermosillo","Sonora"
"83324","Las Abejas","Ranchería","Hermosillo","Sonora"
"83324","Loma Prieta","Ranchería","Hermosillo","Sonora"
"83324","Loma Prieta","Ranchería","Hermosillo","Sonora"
"83324","Los Alamitos","Ranchería","Hermosillo","Sonora"
"83324","Los Dos Hermanos","Ranchería","Hermosillo","Sonora"
"83324","Los Mexicanos","Ranchería","Hermosillo","Sonora"
"83324","Los Pocitos","Ranchería","Hermosillo","Sonora"
"83324","Monserrat 2","Ranchería","Hermosillo","Sonora"
"83324","Montserrat","Ranchería","Hermosillo","Sonora"
"83324","NCPE Ignacio Zaragoza (El Chicotazo)","Ejido","Hermosillo","Sonora"
"83324","Niños Heroés","Ranchería","Hermosillo","Sonora"
"83324","Nuevo Guadalupe de Jesús (San Blas)","Ranchería","Hermosillo","Sonora"
"83324","Padre Kino [Agrícola]","Ranchería","Hermosillo","Sonora"
"83324","Palo Verde","Ranchería","Hermosillo","Sonora"
"83324","Pénjamo","Ranchería","Hermosillo","Sonora"
"83324","Pinos Altos (Santa Bertha)","Ranchería","Hermosillo","Sonora"
"83324","Plutarco Elías Calles","Ranchería","Hermosillo","Sonora"
"83324","De Rendón","Rancho","Hermosillo","Sonora"
"83324","Sacramento","Rancho","Hermosillo","Sonora"
"83324","Salvador Alvarado","Ejido","Hermosillo","Sonora"
"83324","San Alfredo","Ranchería","Hermosillo","Sonora"
"83324","San Benito","Ranchería","Hermosillo","Sonora"
"83324","San Francisco","Ejido","Hermosillo","Sonora"
"83324","San Francisco","Ranchería","Hermosillo","Sonora"
"83324","San Jorge","Ranchería","Hermosillo","Sonora"
"83324","San José","Ranchería","Hermosillo","Sonora"
"83324","San Juan","Ranchería","Hermosillo","Sonora"
"83324","San Marcos","Ranchería","Hermosillo","Sonora"
"83324","San Martín","Ranchería","Hermosillo","Sonora"
"83324","San Miguel","Ranchería","Hermosillo","Sonora"
"83324","San Pascual","Ranchería","Hermosillo","Sonora"
"83324","San Pedro","Ranchería","Hermosillo","Sonora"
"83324","San Valentín (El Pozo)","Ranchería","Hermosillo","Sonora"
"83324","Santa Amelia","Rancho","Hermosillo","Sonora"
"83324","Santa Aurelia","Ranchería","Hermosillo","Sonora"
"83324","Santa Daniela (Santa Cecilia)","Granja","Hermosillo","Sonora"
"83324","Santa Elena","Ranchería","Hermosillo","Sonora"
"83324","Santa Emilia","Ranchería","Hermosillo","Sonora"
"83324","Santa Inés","Ranchería","Hermosillo","Sonora"
"83324","Santa Laura","Ranchería","Hermosillo","Sonora"
"83324","Santa María","Rancho","Hermosillo","Sonora"
"83324","Santa Rita","Ranchería","Hermosillo","Sonora"
"83324","Santa Teresa la Concordia (El Copechi)","Ranchería","Hermosillo","Sonora"
"83324","Siete Cerros (Cero Norte)","Ranchería","Hermosillo","Sonora"
"83324","Taliamento","Ranchería","Hermosillo","Sonora"
"83324","Tejabán de Soto","Ranchería","Hermosillo","Sonora"
"83324","Veintitrés de Octubre (La Biznaga)","Ranchería","Hermosillo","Sonora"
"83324","Vinícola Pitic","Ranchería","Hermosillo","Sonora"
"83324","Viñedo Proyecto Vid (El Buelna)","Ranchería","Hermosillo","Sonora"
"83325","CEFERESO 11 CPS Sonora","Equipamiento","Hermosillo","Sonora"
"83325","Parque Industrial NEPO","Zona industrial","Hermosillo","Sonora"
"83325","Pueblo Dorado","Fraccionamiento","Hermosillo","Sonora"
"83325","Centro de Readaptación Social Dos","Equipamiento","Hermosillo","Sonora"
"83325","Alejandro Carrillo Marcor","Ejido","Hermosillo","Sonora"
"83325","Piamonte","Ranchería","Hermosillo","Sonora"
"83325","Aquiles Serdán (Santa Inés)","Granja","Hermosillo","Sonora"
"83325","Club Deportivo Hermosillense","Ranchería","Hermosillo","Sonora"
"83325","Corocis (Fumicus)","Ranchería","Hermosillo","Sonora"
"83325","Don Luis","Rancho","Hermosillo","Sonora"
"83325","Viñas de la Costa (El Chamizal)","Ranchería","Hermosillo","Sonora"
"83325","El Jacalito","Ranchería","Hermosillo","Sonora"
"83325","El Mezquital del Oro (El Águila)","Ranchería","Hermosillo","Sonora"
"83325","El Socorro","Ranchería","Hermosillo","Sonora"
"83325","Guadalupe","Ranchería","Hermosillo","Sonora"
"83325","Hacienda los Tesoros","Fraccionamiento","Hermosillo","Sonora"
"83325","Hema-Novina","Ranchería","Hermosillo","Sonora"
"83325","Jacalito (Kilómetro Cuarenta y Ocho)","Ranchería","Hermosillo","Sonora"
"83325","Kilómetro Cuarenta y Cuatro","Ranchería","Hermosillo","Sonora"
"83325","La Cercada","Ranchería","Hermosillo","Sonora"
"83325","Los Copales","Ranchería","Hermosillo","Sonora"
"83325","Los Pocitos","Ranchería","Hermosillo","Sonora"
"83325","Montecarlo","Ranchería","Hermosillo","Sonora"
"83325","Monterrey","Ranchería","Hermosillo","Sonora"
"83325","El Rey","Ranchería","Hermosillo","Sonora"
"83325","Pilford","Ranchería","Hermosillo","Sonora"
"83325","Pilforito","Ejido","Hermosillo","Sonora"
"83325","Morgán","Rancho","Hermosillo","Sonora"
"83325","San Antonio Rendón","Ranchería","Hermosillo","Sonora"
"83325","San Antonio Escalante (AGROPREMIER)","Ranchería","Hermosillo","Sonora"
"83325","San Carlos","Ranchería","Hermosillo","Sonora"
"83325","San Javier","Granja","Hermosillo","Sonora"
"83325","Santa Amelia","Ranchería","Hermosillo","Sonora"
"83325","Santa Carmela","Ranchería","Hermosillo","Sonora"
"83325","Santa Lucía","Ranchería","Hermosillo","Sonora"
"83325","Santa Martha","Ranchería","Hermosillo","Sonora"
"83325","Campo Don Roberto","Ranchería","Hermosillo","Sonora"
"83326","Buenavista","Ranchería","Hermosillo","Sonora"
"83326","Durango","Ranchería","Hermosillo","Sonora"
"83326","El Beduino","Ranchería","Hermosillo","Sonora"
"83326","El Puerto","Ranchería","Hermosillo","Sonora"
"83326","San José","Ranchería","Hermosillo","Sonora"
"83326","San Martín","Ranchería","Hermosillo","Sonora"
"83327","Agua Blanca","Ranchería","Hermosillo","Sonora"
"83327","El Bajío","Ranchería","Hermosillo","Sonora"
"83327","El Chilicote","Ranchería","Hermosillo","Sonora"
"83327","El Chino","Ranchería","Hermosillo","Sonora"
"83327","El Represo","Ranchería","Hermosillo","Sonora"
"83327","El Socorro","Ranchería","Hermosillo","Sonora"
"83327","La Caridad","Rancho","Hermosillo","Sonora"
"83327","La Coruba","Ranchería","Hermosillo","Sonora"
"83327","La Pitahaya","Ranchería","Hermosillo","Sonora"
"83327","La Sierrita de López","Ranchería","Hermosillo","Sonora"
"83327","La Verde","Ranchería","Hermosillo","Sonora"
"83327","Lista Blanca","Ranchería","Hermosillo","Sonora"
"83327","Piedras Negras","Ranchería","Hermosillo","Sonora"
"83327","Placeritos","Ranchería","Hermosillo","Sonora"
"83327","Grande","Rancho","Hermosillo","Sonora"
"83327","San Fernando","Ranchería","Hermosillo","Sonora"
"83327","San Juanico","Ranchería","Hermosillo","Sonora"
"83327","San Judas Tadeo","Ranchería","Hermosillo","Sonora"
"83327","San Miguel","Ranchería","Hermosillo","Sonora"
"83327","San Ramón","Ranchería","Hermosillo","Sonora"
"83330","Santa Rosita","Ejido","Hermosillo","Sonora"
"83330","Bella Vista (El Toro)","Ranchería","Hermosillo","Sonora"
"83330","El Chalate","Ranchería","Hermosillo","Sonora"
"83330","El Chalate","Granja","Hermosillo","Sonora"
"83330","El Chipilón","Ranchería","Hermosillo","Sonora"
"83330","El Gran Chaparral II","Ranchería","Hermosillo","Sonora"
"83330","El Pañuelito","Granja","Hermosillo","Sonora"
"83330","Guerrero","Ranchería","Hermosillo","Sonora"
"83330","Juan Luis","Ranchería","Hermosillo","Sonora"
"83330","Juan Luis Uno","Ranchería","Hermosillo","Sonora"
"83330","Kilómetro Treinta y Seis (El Porvenir)","Ranchería","Hermosillo","Sonora"
"83330","La Casona","Ranchería","Hermosillo","Sonora"
"83330","La Orejana","Ranchería","Hermosillo","Sonora"
"83330","Los Pañuelos","Ranchería","Hermosillo","Sonora"
"83330","Santo Niño","Rancho","Hermosillo","Sonora"
"83330","San Antonio","Ranchería","Hermosillo","Sonora"
"83330","San Fernando","Ranchería","Hermosillo","Sonora"
"83330","San Francisco","Ranchería","Hermosillo","Sonora"
"83330","San Francisco","Ejido","Hermosillo","Sonora"
"83330","San José","Ranchería","Hermosillo","Sonora"
"83330","San Roberto","Ranchería","Hermosillo","Sonora"
"83330","Santa Lucía","Ranchería","Hermosillo","Sonora"
"83330","Viñedo Campo Nuevo","Ranchería","Hermosillo","Sonora"
"83333","El Triunfo","Ejido","Hermosillo","Sonora"
"83333","San Miguel","Rancho","Hermosillo","Sonora"
"83333","Santa Elena","Ejido","Hermosillo","Sonora"
"83333","Suaqui de la Candelaria","Ejido","Hermosillo","Sonora"
"83333","Agrícola Doña Lola (Las Playitas)","Granja","Hermosillo","Sonora"
"83333","Agrícola Oremor (Santa Patricia)","Granja","Hermosillo","Sonora"
"83333","Agrobal 6","Ranchería","Hermosillo","Sonora"
"83333","Agroindustrial de Sonora","Granja","Hermosillo","Sonora"
"83333","Agroval Dos (Santa Martha Dos)","Granja","Hermosillo","Sonora"
"83333","Alejandría Dos","Ranchería","Hermosillo","Sonora"
"83333","Alejandría Uno","Granja","Hermosillo","Sonora"
"83333","Basopa","Ranchería","Hermosillo","Sonora"
"83333","Campo Dulce (El Sahueso)","Granja","Hermosillo","Sonora"
"83333","Campo Laura","Ranchería","Hermosillo","Sonora"
"83333","Campo Nuevo","Ranchería","Hermosillo","Sonora"
"83333","Campo San Luis","Ranchería","Hermosillo","Sonora"
"83333","Casas Grandes Dos (Pozo Número Dos)","Ranchería","Hermosillo","Sonora"
"83333","Covadonga","Rancho","Hermosillo","Sonora"
"83333","Desarrollo (Pericos Dos)","Ranchería","Hermosillo","Sonora"
"83333","Campo Dolores","Granja","Hermosillo","Sonora"
"83333","Don Enrique","Ejido","Hermosillo","Sonora"
"83333","Don Enrique","Granja","Hermosillo","Sonora"
"83333","El Azahar","Ranchería","Hermosillo","Sonora"
"83333","El Batepi","Ranchería","Hermosillo","Sonora"
"83333","El Bienestar","Ranchería","Hermosillo","Sonora"
"83333","El Caculla","Ranchería","Hermosillo","Sonora"
"83333","El Caculla","Ranchería","Hermosillo","Sonora"
"83333","El Caculla","Granja","Hermosillo","Sonora"
"83333","El Crucero (Cero Norte)","Ejido","Hermosillo","Sonora"
"83333","El Gorriño","Ranchería","Hermosillo","Sonora"
"83333","El Guayparín (San Carlos)","Ejido","Hermosillo","Sonora"
"83333","El Japonés","Ranchería","Hermosillo","Sonora"
"83333","El Magali","Ranchería","Hermosillo","Sonora"
"83333","El Manudo","Ranchería","Hermosillo","Sonora"
"83333","El Mohino","Ranchería","Hermosillo","Sonora"
"83333","El Pocito","Ranchería","Hermosillo","Sonora"
"83333","El Pocito (Orebalma)","Ejido","Hermosillo","Sonora"
"83333","El Porvenir","Ejido","Hermosillo","Sonora"
"83333","El Rosario","Rancho","Hermosillo","Sonora"
"83333","El Tatay (Santa Martha)","Ranchería","Hermosillo","Sonora"
"83333","El Tobozal (El Infiernito)","Ranchería","Hermosillo","Sonora"
"83333","El Tope","Ranchería","Hermosillo","Sonora"
"83333","El Triunfo","Ranchería","Hermosillo","Sonora"
"83333","Empaque María del Carmen","Equipamiento","Hermosillo","Sonora"
"83333","Empaque San Enrique","Equipamiento","Hermosillo","Sonora"
"83333","Hermanos Serdán","Ranchería","Hermosillo","Sonora"
"83333","Jesús García (La Pozura)","Ranchería","Hermosillo","Sonora"
"83333","José María Morelos y Pavón","Ranchería","Hermosillo","Sonora"
"83333","La Choya","Ranchería","Hermosillo","Sonora"
"83333","La Escondida","Ranchería","Hermosillo","Sonora"
"83333","La Garulla","Ranchería","Hermosillo","Sonora"
"83333","La Horqueta","Ranchería","Hermosillo","Sonora"
"83333","La Máquina","Ranchería","Hermosillo","Sonora"
"83333","La Misión","Ranchería","Hermosillo","Sonora"
"83333","La Mocha (Padre Kino)","Rancho","Hermosillo","Sonora"
"83333","La Morena Dos","Ranchería","Hermosillo","Sonora"
"83333","La Navidad","Ranchería","Hermosillo","Sonora"
"83333","Agropecuaria Sonorense","Ranchería","Hermosillo","Sonora"
"83333","La Ventanita","Granja","Hermosillo","Sonora"
"83333","La Yuta","Ranchería","Hermosillo","Sonora"
"83333","Las 3 B","Ranchería","Hermosillo","Sonora"
"83333","Los Arroyos","Rancho","Hermosillo","Sonora"
"83333","Los Arroyos","Ejido","Hermosillo","Sonora"
"83333","Los Cuatro (Palermo)","Ranchería","Hermosillo","Sonora"
"83333","Los Morales","Ranchería","Hermosillo","Sonora"
"83333","El Pozo","Ranchería","Hermosillo","Sonora"
"83333","Campo Luisa","Ranchería","Hermosillo","Sonora"
"83333","Manuel Ávila Camacho","Ejido","Hermosillo","Sonora"
"83333","María del Carmen","Rancho","Hermosillo","Sonora"
"83333","San Jorge","Granja","Hermosillo","Sonora"
"83333","Navolato","Ranchería","Hermosillo","Sonora"
"83333","El Olivar","Ranchería","Hermosillo","Sonora"
"83333","Perico Uno","Ejido","Hermosillo","Sonora"
"83333","Real de los Ojos Negros (Tláloc)","Ranchería","Hermosillo","Sonora"
"83333","Río Escondido","Ranchería","Hermosillo","Sonora"
"83333","Río Sonora","Ranchería","Hermosillo","Sonora"
"83333","Rosario Perlette","Rancho","Hermosillo","Sonora"
"83333","San Alberto","Ranchería","Hermosillo","Sonora"
"83333","San Alfonso","Rancho","Hermosillo","Sonora"
"83333","San Arturo","Granja","Hermosillo","Sonora"
"83333","San Carlitos","Ranchería","Hermosillo","Sonora"
"83333","San Carlos","Ranchería","Hermosillo","Sonora"
"83333","San Enrique","Rancho","Hermosillo","Sonora"
"83333","San Enrique (El Suspiro)","Ranchería","Hermosillo","Sonora"
"83333","San Fernando","Ranchería","Hermosillo","Sonora"
"83333","San Fernando","Ejido","Hermosillo","Sonora"
"83333","San Gustavo","Ranchería","Hermosillo","Sonora"
"83333","San José (San José de Mazón)","Ranchería","Hermosillo","Sonora"
"83333","San Leonardo","Granja","Hermosillo","Sonora"
"83333","San Marcos","Ranchería","Hermosillo","Sonora"
"83333","San Ramón","Granja","Hermosillo","Sonora"
"83333","Santa Ana","Ranchería","Hermosillo","Sonora"
"83333","Santa Ana","Ejido","Hermosillo","Sonora"
"83333","Santa Cecilia","Ranchería","Hermosillo","Sonora"
"83333","Santa Inés Dos (Casa Grande)","Ranchería","Hermosillo","Sonora"
"83333","Santa Inés Dos (Los Pinitos)","Granja","Hermosillo","Sonora"
"83333","Santa Inés Dos (Pozo Nuevo)","Ranchería","Hermosillo","Sonora"
"83333","Santa Martha (Agroval Tres)","Ranchería","Hermosillo","Sonora"
"83333","Santa Martha Cuatro (Agroval Cuatro)","Granja","Hermosillo","Sonora"
"83333","Santa Martha Uno (El Molino)","Granja","Hermosillo","Sonora"
"83333","Santo Niño (Casas Grandes)","Granja","Hermosillo","Sonora"
"83333","Agroquímico JAM","Ranchería","Hermosillo","Sonora"
"83333","Terranova","Ranchería","Hermosillo","Sonora"
"83333","Terranova","Ejido","Hermosillo","Sonora"
"83333","Veintiocho Norte la Báscula Overalma Dos","Ranchería","Hermosillo","Sonora"
"83333","Vicente Guerrero","Ranchería","Hermosillo","Sonora"
"83333","Viñedo la Costa","Granja","Hermosillo","Sonora"
"83333","Viñedo la Esperanza","Ranchería","Hermosillo","Sonora"
"83334","La Peaña Nueva","Ejido","Hermosillo","Sonora"
"83334","Santa Rosalía","Ranchería","Hermosillo","Sonora"
"83334","Buenos Aires","Ranchería","Hermosillo","Sonora"
"83334","El Dorado","Ranchería","Hermosillo","Sonora"
"83334","Santa Elvira","Rancho","Hermosillo","Sonora"
"83334","Parque Solar","Zona industrial","Hermosillo","Sonora"
"83334","El Sapo","Ejido","Hermosillo","Sonora"
"83334","Agropecuaria Rosa","Granja","Hermosillo","Sonora"
"83334","Agroval Cinco (Santa Martha)","Granja","Hermosillo","Sonora"
"83334","Compa Dos","Ranchería","Hermosillo","Sonora"
"83334","América","Ranchería","Hermosillo","Sonora"
"83334","Antonio Narro (El Perico)","Rancho","Hermosillo","Sonora"
"83334","Barlovento","Rancho","Hermosillo","Sonora"
"83334","Basano (Santa Lourdes)","Ranchería","Hermosillo","Sonora"
"83334","Benito Juárez","Ranchería","Hermosillo","Sonora"
"83334","Benito Juárez","Ejido","Hermosillo","Sonora"
"83334","Calle Trece","Ranchería","Hermosillo","Sonora"
"83334","Campillo (Santa Rosalía)","Ranchería","Hermosillo","Sonora"
"83334","Campo Grande (Viñedos Alta)","Rancho","Hermosillo","Sonora"
"83334","Campo Nuevo","Ranchería","Hermosillo","Sonora"
"83334","Campo Nuevo (El Capitán)","Ranchería","Hermosillo","Sonora"
"83334","Carmen Dolores","Ranchería","Hermosillo","Sonora"
"83334","Carolina","Ranchería","Hermosillo","Sonora"
"83334","Casa Blanca","Ranchería","Hermosillo","Sonora"
"83334","Compa Uno","Granja","Hermosillo","Sonora"
"83334","Chapacolor","Ranchería","Hermosillo","Sonora"
"83334","CIANO","Ranchería","Hermosillo","Sonora"
"83334","Costa del Sol","Ranchería","Hermosillo","Sonora"
"83334","Costa Rica","Ejido","Hermosillo","Sonora"
"83334","Cristóbal Colón","Ranchería","Hermosillo","Sonora"
"83334","Cumis (Santa Lucía)","Ejido","Hermosillo","Sonora"
"83334","Del Carmen (Las Islas)","Ranchería","Hermosillo","Sonora"
"83334","Dolores","Ranchería","Hermosillo","Sonora"
"83334","El Bura","Ranchería","Hermosillo","Sonora"
"83334","El Carmen","Ranchería","Hermosillo","Sonora"
"83334","El Carrizo (San Isidro)","Ranchería","Hermosillo","Sonora"
"83334","El Chamizal (Salsipuedes)","Ranchería","Hermosillo","Sonora"
"83334","San Isidro","Ranchería","Hermosillo","Sonora"
"83334","El Dieciséis","Ranchería","Hermosillo","Sonora"
"83334","El Divisadero","Ranchería","Hermosillo","Sonora"
"83334","El Guayabito","Ranchería","Hermosillo","Sonora"
"83334","El Mezquite","Ranchería","Hermosillo","Sonora"
"83334","El Milagro","Ranchería","Hermosillo","Sonora"
"83334","El Molino","Ranchería","Hermosillo","Sonora"
"83334","El Nainari","Ranchería","Hermosillo","Sonora"
"83334","El Palomar","Ranchería","Hermosillo","Sonora"
"83334","El Pinito","Ranchería","Hermosillo","Sonora"
"83334","El Porvenir","Ranchería","Hermosillo","Sonora"
"83334","El Rojo (El 57)","Ranchería","Hermosillo","Sonora"
"83334","El Sonot","Ranchería","Hermosillo","Sonora"
"83334","El Tecolote","Ranchería","Hermosillo","Sonora"
"83334","El Tejabán","Ranchería","Hermosillo","Sonora"
"83334","El Veinte (La Peaña)","Ranchería","Hermosillo","Sonora"
"83334","Escuadrón Doscientos Uno","Ranchería","Hermosillo","Sonora"
"83334","Florida Dos","Ranchería","Hermosillo","Sonora"
"83334","Florida Tres","Rancho","Hermosillo","Sonora"
"83334","Maya","Ranchería","Hermosillo","Sonora"
"83334","San Fernando (Norson)","Granja","Hermosillo","Sonora"
"83334","Hércules Uno","Rancho","Hermosillo","Sonora"
"83334","Hermosillo","Rancho","Hermosillo","Sonora"
"83334","María Amparo [Agrícola]","Ranchería","Hermosillo","Sonora"
"83334","Jacinto López","Ranchería","Hermosillo","Sonora"
"83334","Jauja","Ranchería","Hermosillo","Sonora"
"83334","Kowi (Santa Isabel)","Ranchería","Hermosillo","Sonora"
"83334","La Atlántida","Ranchería","Hermosillo","Sonora"
"83334","Don Miguel (Florida)","Ranchería","Hermosillo","Sonora"
"83334","La Casita","Ranchería","Hermosillo","Sonora"
"83334","La Chira","Ranchería","Hermosillo","Sonora"
"83334","La Esperanza","Rancho","Hermosillo","Sonora"
"83334","La India","Ranchería","Hermosillo","Sonora"
"83334","La Inmaculada","Ranchería","Hermosillo","Sonora"
"83334","La Joya","Granja","Hermosillo","Sonora"
"83334","La Laguna (Seis de Marzo)","Ranchería","Hermosillo","Sonora"
"83334","La Paloma","Ranchería","Hermosillo","Sonora"
"83334","La Perseverancia (Los Fumicos)","Ranchería","Hermosillo","Sonora"
"83334","La Ponderosa","Ranchería","Hermosillo","Sonora"
"83334","La Ponderosa [Porcicola]","Granja","Hermosillo","Sonora"
"83334","La Providencia","Ranchería","Hermosillo","Sonora"
"83334","La Trácala","Rancho","Hermosillo","Sonora"
"83334","La Yaqui","Ranchería","Hermosillo","Sonora"
"83334","Bazano","Ranchería","Hermosillo","Sonora"
"83334","Los Álamos","Ranchería","Hermosillo","Sonora"
"83334","Los Ángeles","Ranchería","Hermosillo","Sonora"
"83334","Los Cuates","Ranchería","Hermosillo","Sonora"
"83334","Los Dos Amigos (Las Calvas de Arriba)","Granja","Hermosillo","Sonora"
"83334","Los Guajolotes","Ranchería","Hermosillo","Sonora"
"83334","Los Hoyos","Ranchería","Hermosillo","Sonora"
"83334","Los Jitos (El Zancudo)","Ranchería","Hermosillo","Sonora"
"83334","Los Olivos (Olivos)","Ranchería","Hermosillo","Sonora"
"83334","Los Pavos (La Esperanza)","Ranchería","Hermosillo","Sonora"
"83334","Los Pocitos","Ranchería","Hermosillo","Sonora"
"83334","Los Pocitos","Ejido","Hermosillo","Sonora"
"83334","Masocoba","Ranchería","Hermosillo","Sonora"
"83334","Miguel Hidalgo","Ranchería","Hermosillo","Sonora"
"83334","Miguel Lerdo de Tejada (Valparaíso)","Ranchería","Hermosillo","Sonora"
"83334","Milagro de Fátima","Granja","Hermosillo","Sonora"
"83334","Nápoles","Ranchería","Hermosillo","Sonora"
"83334","Nazaret (La Ponderosa)","Rancho","Hermosillo","Sonora"
"83334","Nazario Ortiz Garza (Lourdes)","Ranchería","Hermosillo","Sonora"
"83334","Nigromante","Ranchería","Hermosillo","Sonora"
"83334","Orebalma","Rancho","Hermosillo","Sonora"
"83334","El Eléctrico [Campo]","Ranchería","Hermosillo","Sonora"
"83334","Poza Rica","Ranchería","Hermosillo","Sonora"
"83334","Pozo Nuevo","Ranchería","Hermosillo","Sonora"
"83334","Puerto Rico","Ranchería","Hermosillo","Sonora"
"83334","Río Blanco","Rancho","Hermosillo","Sonora"
"83334","Rosella","Ranchería","Hermosillo","Sonora"
"83334","Sahuaripa Uno","Ranchería","Hermosillo","Sonora"
"83334","San Alberto","Ranchería","Hermosillo","Sonora"
"83334","San Alberto","Ejido","Hermosillo","Sonora"
"83334","San Alberto (La 31 de Octubre)","Rancho","Hermosillo","Sonora"
"83334","San Bartolo","Ranchería","Hermosillo","Sonora"
"83334","San Felipe","Granja","Hermosillo","Sonora"
"83334","San Fernando","Ranchería","Hermosillo","Sonora"
"83334","San Fernando (Nuevo Guadalupe)","Ranchería","Hermosillo","Sonora"
"83334","San Francisco","Ejido","Hermosillo","Sonora"
"83334","San Francisco","Ranchería","Hermosillo","Sonora"
"83334","San Germán","Ranchería","Hermosillo","Sonora"
"83334","San Herminio (Los Ángeles)","Ranchería","Hermosillo","Sonora"
"83334","San Isidro Uno","Ranchería","Hermosillo","Sonora"
"83334","San Joaquín (Santa María)","Ranchería","Hermosillo","Sonora"
"83334","San Jorge","Granja","Hermosillo","Sonora"
"83334","San Jorge (Hércules)","Ranchería","Hermosillo","Sonora"
"83334","San José","Ejido","Hermosillo","Sonora"
"83334","San José","Rancho","Hermosillo","Sonora"
"83334","San José el Retiro","Ranchería","Hermosillo","Sonora"
"83334","San Luis","Ranchería","Hermosillo","Sonora"
"83334","San Marcos","Ranchería","Hermosillo","Sonora"
"83334","San Martín","Ranchería","Hermosillo","Sonora"
"83334","San Martín","Ejido","Hermosillo","Sonora"
"83334","San Ramón","Ranchería","Hermosillo","Sonora"
"83334","San Sebastián","Ranchería","Hermosillo","Sonora"
"83334","San Valentín","Rancho","Hermosillo","Sonora"
"83334","San Vicente","Ranchería","Hermosillo","Sonora"
"83334","Santa Anita","Granja","Hermosillo","Sonora"
"83334","Santa Cruz","Ranchería","Hermosillo","Sonora"
"83334","Santa Emilia","Ranchería","Hermosillo","Sonora"
"83334","Santa Fe","Rancho","Hermosillo","Sonora"
"83334","Santa Josefina","Ranchería","Hermosillo","Sonora"
"83334","Santa Paulina [Agrícola]","Ranchería","Hermosillo","Sonora"
"83334","Santa Margarita","Ranchería","Hermosillo","Sonora"
"83334","Santa María (La Treinta y Uno de Octubre)","Ranchería","Hermosillo","Sonora"
"83334","Santa Mónica","Rancho","Hermosillo","Sonora"
"83334","Santa Patricia","Ejido","Hermosillo","Sonora"
"83334","Santa Susana (Chorona)","Ranchería","Hermosillo","Sonora"
"83334","Santa Zarina","Granja","Hermosillo","Sonora"
"83334","Santander","Ranchería","Hermosillo","Sonora"
"83334","Santo Niño","Ranchería","Hermosillo","Sonora"
"83334","Sonora Hortalizas y Frutales","Ranchería","Hermosillo","Sonora"
"83334","Sonora Sinaloa","Ranchería","Hermosillo","Sonora"
"83334","Tehuacán","Ranchería","Hermosillo","Sonora"
"83334","Tepeyac","Ranchería","Hermosillo","Sonora"
"83334","TEQSA (Las Polleras)","Ranchería","Hermosillo","Sonora"
"83334","Terrenate","Ranchería","Hermosillo","Sonora"
"83334","Todos Santos","Ranchería","Hermosillo","Sonora"
"83334","Unión de Crédito Agrícola de Hermosillo","Rancho","Hermosillo","Sonora"
"83334","Venecia","Ranchería","Hermosillo","Sonora"
"83334","Villa Luz (El Pocito)","Rancho","Hermosillo","Sonora"
"83335","El Abanico (Santa Lucía)","Ejido","Hermosillo","Sonora"
"83335","Basopa (San Alfonso)","Ranchería","Hermosillo","Sonora"
"83335","Carlos Zapata Vela","Ranchería","Hermosillo","Sonora"
"83335","Centro de Educación y Capacitación el Estero","Equipamiento","Hermosillo","Sonora"
"83335","Cócorit Uno","Ranchería","Hermosillo","Sonora"
"83335","El Paraíso","Colonia","Hermosillo","Sonora"
"83335","Jacquelynn","Condominio","Hermosillo","Sonora"
"83335","Paraíso","Condominio","Hermosillo","Sonora"
"83335","Coorit","Ranchería","Hermosillo","Sonora"
"83335","Cuauhtémoc","Ranchería","Hermosillo","Sonora"
"83335","DICTUS","Ranchería","Hermosillo","Sonora"
"83335","El Crucero (La Treinta y Seis Sur)","Ranchería","Hermosillo","Sonora"
"83335","El Futuro","Rancho","Hermosillo","Sonora"
"83335","Estero Santa Cruz","Ranchería","Hermosillo","Sonora"
"83335","Felizardo Castro","Ranchería","Hermosillo","Sonora"
"83335","Francisco Eusebio Kino (Colonia Kino)","Ranchería","Hermosillo","Sonora"
"83335","La Bonita","Ranchería","Hermosillo","Sonora"
"83335","La Palma del Agro","Ranchería","Hermosillo","Sonora"
"83335","La Salinera","Ranchería","Hermosillo","Sonora"
"83335","Las Jaibas","Ranchería","Hermosillo","Sonora"
"83335","María del Carmen","Ranchería","Hermosillo","Sonora"
"83335","Nochitongo","Ranchería","Hermosillo","Sonora"
"83335","Maximiliano R López","Ranchería","Hermosillo","Sonora"
"83335","Miguel Alemán (El Tres)","Ranchería","Hermosillo","Sonora"
"83335","Mineros de Pilares","Colonia","Hermosillo","Sonora"
"83335","Moctezuma","Ranchería","Hermosillo","Sonora"
"83335","Monterrey","Ranchería","Hermosillo","Sonora"
"83335","Narciso Mendoza","Ranchería","Hermosillo","Sonora"
"83335","Porcícola Cuauhtémoc","Ranchería","Hermosillo","Sonora"
"83335","Pozo Loco","Ranchería","Hermosillo","Sonora"
"83335","Cuatro (Lázaro Cárdenas)","Rancho","Hermosillo","Sonora"
"83335","San Francisco","Ranchería","Hermosillo","Sonora"
"83335","San Ignacio","Ranchería","Hermosillo","Sonora"
"83335","San Isidro (Obregón)","Rancho","Hermosillo","Sonora"
"83335","San Juan (Campo Dos)","Ranchería","Hermosillo","Sonora"
"83335","San Juan y el Pinito","Ranchería","Hermosillo","Sonora"
"83335","San Nicolás","Ranchería","Hermosillo","Sonora"
"83335","San Nicolás (San Nicolás de Kino)","Rancho","Hermosillo","Sonora"
"83335","San Rafael","Ranchería","Hermosillo","Sonora"
"83335","Santa Silvia","Ranchería","Hermosillo","Sonora"
"83335","Uruapan (Bomba Negra)","Ranchería","Hermosillo","Sonora"
"83336","Playa Dorada","Fraccionamiento","Hermosillo","Sonora"
"83336","El Progreso","Granja","Hermosillo","Sonora"
"83336","Año Nuevo","Ranchería","Hermosillo","Sonora"
"83336","California","Ranchería","Hermosillo","Sonora"
"83336","Nuevo Yaquis Desterrados","Ranchería","Hermosillo","Sonora"
"83336","Dunas de Kino","Ranchería","Hermosillo","Sonora"
"83336","Francisco Aispuro (El Apache)","Ejido","Hermosillo","Sonora"
"83336","El Cactus","Equipamiento","Hermosillo","Sonora"
"83336","El Centavito","Ranchería","Hermosillo","Sonora"
"83336","El Chapo","Ranchería","Hermosillo","Sonora"
"83336","El Chivimbo","Ranchería","Hermosillo","Sonora"
"83336","El Electrón","Ranchería","Hermosillo","Sonora"
"83336","El Palacio de Wayne","Ranchería","Hermosillo","Sonora"
"83336","El Ranchito","Ranchería","Hermosillo","Sonora"
"83336","El Sahueso","Ranchería","Hermosillo","Sonora"
"83336","El Sergio","Ranchería","Hermosillo","Sonora"
"83336","El Taconazo","Ranchería","Hermosillo","Sonora"
"83336","Guadalupe","Ranchería","Hermosillo","Sonora"
"83336","Joyas de Kino","Ranchería","Hermosillo","Sonora"
"83336","Kilowatt","Ranchería","Hermosillo","Sonora"
"83336","La Florida","Ranchería","Hermosillo","Sonora"
"83336","La Palma","Ranchería","Hermosillo","Sonora"
"83336","Los Aguilera","Ranchería","Hermosillo","Sonora"
"83336","Los Ángeles","Ranchería","Hermosillo","Sonora"
"83336","Los Janos Dos","Ranchería","Hermosillo","Sonora"
"83336","Los Janos Uno","Ranchería","Hermosillo","Sonora"
"83336","Nueva York","Ranchería","Hermosillo","Sonora"
"83336","Oasis de Kino","Ranchería","Hermosillo","Sonora"
"83336","Oviáchic","Ranchería","Hermosillo","Sonora"
"83336","Palma Sola","Ranchería","Hermosillo","Sonora"
"83336","Perlas de Kino","Ranchería","Hermosillo","Sonora"
"83336","Pozo de Fátima (Fátima del Pitic)","Ranchería","Hermosillo","Sonora"
"83336","Nuevo","Rancho","Hermosillo","Sonora"
"83336","San Germán","Ranchería","Hermosillo","Sonora"
"83336","Roca Roja","Rancho","Hermosillo","Sonora"
"83336","Salicornia (Campito)","Ranchería","Hermosillo","Sonora"
"83336","San Antonio","Ranchería","Hermosillo","Sonora"
"83336","San Diego","Ranchería","Hermosillo","Sonora"
"83336","San Fernando (Abigahil)","Ranchería","Hermosillo","Sonora"
"83336","Santa Cruz","Ranchería","Hermosillo","Sonora"
"83336","Santa Elena","Ranchería","Hermosillo","Sonora"
"83336","Santa Rosa","Ranchería","Hermosillo","Sonora"
"83337","Punta Chueca","Ejido","Hermosillo","Sonora"
"83337","El Cimarrón","Ranchería","Hermosillo","Sonora"
"83337","El Egipto","Ranchería","Hermosillo","Sonora"
"83337","El Puerto de Posada","Ranchería","Hermosillo","Sonora"
"83337","El Sacrificio (Televisa)","Ranchería","Hermosillo","Sonora"
"83337","La Ponderosa (Los Buros)","Ranchería","Hermosillo","Sonora"
"83337","Los Compadres (Cinco Locos)","Ranchería","Hermosillo","Sonora"
"83337","San Miguel","Ranchería","Hermosillo","Sonora"
"83337","Santa Margarita (El Chaparral)","Ranchería","Hermosillo","Sonora"
"83338","Punta Tormenta (Isla del Tiburón)","Ranchería","Hermosillo","Sonora"
"83338","Tecomate (Isla del Tiburón)","Ranchería","Hermosillo","Sonora"
"83340","Bahía de Kino Centro","Colonia","Hermosillo","Sonora"
"83342","Carnavalito","Colonia","Hermosillo","Sonora"
"83342","Artesanos","Colonia","Hermosillo","Sonora"
"83342","De la Cruz","Colonia","Hermosillo","Sonora"
"83342","Las Fuentes","Colonia","Hermosillo","Sonora"
"83342","Lázaro Cárdenas","Colonia","Hermosillo","Sonora"
"83342","Miguel Hidalgo","Colonia","Hermosillo","Sonora"
"83343","Kino Nuevo","Fraccionamiento","Hermosillo","Sonora"
"83343","Alcatraz","Colonia","Hermosillo","Sonora"
"83343","Mediterráneo","Colonia","Hermosillo","Sonora"
"83343","Kino Bay Estates","Fraccionamiento","Hermosillo","Sonora"
"83343","Vistas Reserva Residencial","Fraccionamiento","Hermosillo","Sonora"
"83343","Río Azul Kino Nuevo","Fraccionamiento","Hermosillo","Sonora"
"83343","Playas de Kino","Fraccionamiento","Hermosillo","Sonora"
"83343","Ananda","Condominio","Hermosillo","Sonora"
"83343","Primavera","Colonia","Hermosillo","Sonora"
"83343","Lomas de Kino","Colonia","Hermosillo","Sonora"
"83343","Luis Donaldo Colosio","Colonia","Hermosillo","Sonora"
"83344","Miguel Alemán (La Doce) Centro","Colonia","Hermosillo","Sonora"
"83346","Las Villas del Nogal","Fraccionamiento","Hermosillo","Sonora"
"83346","Aguayo Porchas","Colonia","Hermosillo","Sonora"
"83346","Pueblo Unido","Colonia","Hermosillo","Sonora"
"83347","INFONAVIT","Colonia","Hermosillo","Sonora"
"83347","Jesús García","Colonia","Hermosillo","Sonora"
"83347","26 de Octubre","Colonia","Hermosillo","Sonora"
"83347","Luis Donaldo Colosio","Colonia","Hermosillo","Sonora"
"83347","Las Palmitas","Ranchería","Hermosillo","Sonora"
"83347","Guadalupe Victoria","Colonia","Hermosillo","Sonora"
"83347","Las Granjas","Colonia","Hermosillo","Sonora"
"83347","Manuel J Clouthier","Colonia","Hermosillo","Sonora"
"83347","Residencial la Vendimia","Fraccionamiento","Hermosillo","Sonora"
"83348","Antonio Méndez","Colonia","Hermosillo","Sonora"
"83348","Las Palmas","Colonia","Hermosillo","Sonora"
"83348","Lázaro Cárdenas","Colonia","Hermosillo","Sonora"
"83348","Salvador Alvarado","Colonia","Hermosillo","Sonora"
"83349","Emiliano Zapata","Colonia","Hermosillo","Sonora"
"83349","Insurgentes","Colonia","Hermosillo","Sonora"
"83349","Nuevo Triunfo","Colonia","Hermosillo","Sonora"
"83349","Nueva Esperanza","Colonia","Hermosillo","Sonora"
"83350","La Polka","Ranchería","Hermosillo","Sonora"
"83350","Chico Román","Ranchería","Hermosillo","Sonora"
"83350","La Inés","Ranchería","Hermosillo","Sonora"
"83350","Pozo Nuevo (Rancho Nuevo)","Rancho","Hermosillo","Sonora"
"83350","San Marcial","Ranchería","Hermosillo","Sonora"
"83350","Santa Eduwiges (Radio)","Ranchería","Hermosillo","Sonora"
"83350","Santa Inés Uno (El Capitán)","Granja","Hermosillo","Sonora"
"83350","Tomuco","Ranchería","Hermosillo","Sonora"
"83353","Agua Caliente","Ranchería","Hermosillo","Sonora"
"83353","El Gavilán","Ranchería","Hermosillo","Sonora"
"83353","Cerro Prieto","Ranchería","Hermosillo","Sonora"
"83353","Coronado","Ranchería","Hermosillo","Sonora"
"83353","Cuatro de Octubre","Ranchería","Hermosillo","Sonora"
"83353","El Chaparral","Ranchería","Hermosillo","Sonora"
"83353","El Jojobal","Granja","Hermosillo","Sonora"
"83353","La Hediondilla","Ranchería","Hermosillo","Sonora"
"83353","La Reforma","Ranchería","Hermosillo","Sonora"
"83353","Las Bolsas","Ranchería","Hermosillo","Sonora"
"83353","Las Liebres","Ranchería","Hermosillo","Sonora"
"83353","Nuevo","Rancho","Hermosillo","Sonora"
"83353","San Agustín","Ranchería","Hermosillo","Sonora"
"83353","San Juan","Ranchería","Hermosillo","Sonora"
"83353","San Luis","Ranchería","Hermosillo","Sonora"
"83353","Santa Gertrudiz","Ranchería","Hermosillo","Sonora"
"83353","Sayula","Ranchería","Hermosillo","Sonora"
"83354","La Esperanza","Ranchería","Hermosillo","Sonora"
"83354","El Voltiadero","Ranchería","Hermosillo","Sonora"
"83354","La Cana","Ranchería","Hermosillo","Sonora"
"83354","La Vaca Colorada","Ranchería","Hermosillo","Sonora"
"83354","Las Cuevitas","Ranchería","Hermosillo","Sonora"
"83354","Las Cuevitas","Ejido","Hermosillo","Sonora"
"83354","Los Compadres","Ranchería","Hermosillo","Sonora"
"83354","Monte Alto","Ranchería","Hermosillo","Sonora"
"83354","Nuevo","Rancho","Hermosillo","Sonora"
"83354","San Javier","Ranchería","Hermosillo","Sonora"
"83354","San Juan","Ranchería","Hermosillo","Sonora"
"83354","Santa Elena","Ranchería","Hermosillo","Sonora"
"83354","Tres Pechos","Ranchería","Hermosillo","Sonora"
"83356","El Salto","Ranchería","Hermosillo","Sonora"
"83356","El Zacatón","Ejido","Hermosillo","Sonora"
"83356","Guadalupe","Ranchería","Hermosillo","Sonora"
"83356","La Esperanza","Ranchería","Hermosillo","Sonora"
"83356","Las Glorias","Ranchería","Hermosillo","Sonora"
"83356","Pozo del Negro","Rancho","Hermosillo","Sonora"
"83356","Pozo del Negro Dos","Ranchería","Hermosillo","Sonora"
"83356","San Carlos","Ranchería","Hermosillo","Sonora"
"83356","San Isidro Dos","Ranchería","Hermosillo","Sonora"
"83356","San Jorge","Ranchería","Hermosillo","Sonora"
"83356","San Patricio","Ranchería","Hermosillo","Sonora"
"83357","Chapala (El Pocito)","Ranchería","Hermosillo","Sonora"
"83357","Chaveco","Ranchería","Hermosillo","Sonora"
"83357","El Carmen","Ranchería","Hermosillo","Sonora"
"83357","El Palo Verdal","Ranchería","Hermosillo","Sonora"
"83357","El Potrerito (El Potrero de San Francisco)","Ranchería","Hermosillo","Sonora"
"83357","El Pueblito","Ranchería","Hermosillo","Sonora"
"83357","El Tinaco (Campo de Gómez)","Ranchería","Hermosillo","Sonora"
"83357","La Junta","Ranchería","Hermosillo","Sonora"
"83357","La Pirinola","Ranchería","Hermosillo","Sonora"
"83357","La Tinaja","Ranchería","Hermosillo","Sonora"
"83357","Las Barajitas (San Juan)","Ranchería","Hermosillo","Sonora"
"83357","Las Cruces","Ranchería","Hermosillo","Sonora"
"83357","Pilares","Ranchería","Hermosillo","Sonora"
"83357","Pozo Nuevo","Ranchería","Hermosillo","Sonora"
"83357","San José","Ranchería","Hermosillo","Sonora"
"83360","San Miguel de Horcasitas","Pueblo","San Miguel de Horcasitas","Sonora"
"83363","Chupisonora","Ranchería","San Miguel de Horcasitas","Sonora"
"83363","El Chinalito","Ranchería","San Miguel de Horcasitas","Sonora"
"83363","El Gato","Ranchería","San Miguel de Horcasitas","Sonora"
"83363","El Tigre","Ranchería","San Miguel de Horcasitas","Sonora"
"83363","El Veranito","Ranchería","San Miguel de Horcasitas","Sonora"
"83363","La Chepa (Rancho Leonardito)","Rancho","San Miguel de Horcasitas","Sonora"
"83363","Punta de Agua Uno","Ranchería","San Miguel de Horcasitas","Sonora"
"83363","San Martín de Porres","Ranchería","San Miguel de Horcasitas","Sonora"
"83363","Santa Teresa","Ranchería","San Miguel de Horcasitas","Sonora"
"83364","El Carricito","Ranchería","San Miguel de Horcasitas","Sonora"
"83364","El Llano","Ranchería","San Miguel de Horcasitas","Sonora"
"83364","El Molino de Arriba","Ranchería","San Miguel de Horcasitas","Sonora"
"83364","El Tren","Ranchería","San Miguel de Horcasitas","Sonora"
"83364","La Bajada","Ranchería","San Miguel de Horcasitas","Sonora"
"83364","La Carrizosa","Ranchería","San Miguel de Horcasitas","Sonora"
"83364","La Casa Colorada","Ranchería","San Miguel de Horcasitas","Sonora"
"83364","Las Limas","Ranchería","San Miguel de Horcasitas","Sonora"
"83364","Los Seris","Ranchería","San Miguel de Horcasitas","Sonora"
"83364","Agua Salada","Rancho","San Miguel de Horcasitas","Sonora"
"83364","Arbiseña","Rancho","San Miguel de Horcasitas","Sonora"
"83364","Vacajuzary","Rancho","San Miguel de Horcasitas","Sonora"
"83364","San Benito","Ranchería","San Miguel de Horcasitas","Sonora"
"83364","San Justino","Ranchería","San Miguel de Horcasitas","Sonora"
"83364","Santa María del Pópulo","Ranchería","San Miguel de Horcasitas","Sonora"
"83364","Santa Rita","Ranchería","San Miguel de Horcasitas","Sonora"
"83365","Campo del Rosario","Ejido","San Miguel de Horcasitas","Sonora"
"83365","Campo San José","Ejido","San Miguel de Horcasitas","Sonora"
"83365","Juan Peralta","Ranchería","San Miguel de Horcasitas","Sonora"
"83365","La Gloria","Ranchería","San Miguel de Horcasitas","Sonora"
"83365","Los Cuates","Ranchería","San Miguel de Horcasitas","Sonora"
"83365","Los Robles","Ranchería","San Miguel de Horcasitas","Sonora"
"83365","Ranchito del Río Bonito","Ejido","San Miguel de Horcasitas","Sonora"
"83365","San Diego","Ranchería","San Miguel de Horcasitas","Sonora"
"83365","San Juan de los Lagos","Ranchería","San Miguel de Horcasitas","Sonora"
"83366","Parcela 45","Ejido","San Miguel de Horcasitas","Sonora"
"83366","Campo Número Dos","Ejido","San Miguel de Horcasitas","Sonora"
"83366","San Martín","Ejido","San Miguel de Horcasitas","Sonora"
"83366","Grupo Serrano","Granja","San Miguel de Horcasitas","Sonora"
"83366","La Vinorama","Ranchería","San Miguel de Horcasitas","Sonora"
"83366","La Virgen","Ranchería","San Miguel de Horcasitas","Sonora"
"83366","Las Mesteñas","Ranchería","San Miguel de Horcasitas","Sonora"
"83366","Los Vergeles","Ranchería","San Miguel de Horcasitas","Sonora"
"83366","Placar","Ranchería","San Miguel de Horcasitas","Sonora"
"83366","FIGVAL","Rancho","San Miguel de Horcasitas","Sonora"
"83366","Sagrado Corazón de Jesús","Ranchería","San Miguel de Horcasitas","Sonora"
"83366","San José del Porvenir","Ranchería","San Miguel de Horcasitas","Sonora"
"83366","San Nicolás","Ranchería","San Miguel de Horcasitas","Sonora"
"83366","Serrano","Ranchería","San Miguel de Horcasitas","Sonora"
"83366","Viñedo el Porvenir","Rancho","San Miguel de Horcasitas","Sonora"
"83367","El Cuatro","Ranchería","San Miguel de Horcasitas","Sonora"
"83367","El Paraíso","Ranchería","San Miguel de Horcasitas","Sonora"
"83367","La Noria","Ranchería","San Miguel de Horcasitas","Sonora"
"83367","Las Playitas","Ranchería","San Miguel de Horcasitas","Sonora"
"83367","Noria del Verde","Ranchería","San Miguel de Horcasitas","Sonora"
"83367","De Alejo Lugo","Rancho","San Miguel de Horcasitas","Sonora"
"83367","San Antonio","Rancho","San Miguel de Horcasitas","Sonora"
"83367","Santa Rita (Campo Número Tres)","Granja","San Miguel de Horcasitas","Sonora"
"83370","Los Ángeles (La Fábrica de los Ángeles)","Colonia","San Miguel de Horcasitas","Sonora"
"83370","Cano Sainz (El Rastro)","Ejido","San Miguel de Horcasitas","Sonora"
"83370","Cerro Colorado","Ranchería","San Miguel de Horcasitas","Sonora"
"83370","El Cajón","Ranchería","San Miguel de Horcasitas","Sonora"
"83370","El Nogalito","Ranchería","San Miguel de Horcasitas","Sonora"
"83370","La Cañada","Ranchería","San Miguel de Horcasitas","Sonora"
"83370","La Cañada de San Miguel","Ranchería","San Miguel de Horcasitas","Sonora"
"83370","Los Diques","Ranchería","San Miguel de Horcasitas","Sonora"
"83370","San Francisco","Ranchería","San Miguel de Horcasitas","Sonora"
"83373","Aguariel","Ranchería","San Miguel de Horcasitas","Sonora"
"83373","Codorachi","Ranchería","San Miguel de Horcasitas","Sonora"
"83373","El Coyote (Rancho Grande)","Rancho","San Miguel de Horcasitas","Sonora"
"83373","La Galera","Ranchería","San Miguel de Horcasitas","Sonora"
"83373","La Quinta","Ranchería","San Miguel de Horcasitas","Sonora"
"83373","La Tembladera de Arriba","Ranchería","San Miguel de Horcasitas","Sonora"
"83373","Arturo García","Rancho","San Miguel de Horcasitas","Sonora"
"83373","Guadalupe","Rancho","San Miguel de Horcasitas","Sonora"
"83373","San Carlos (La Carbonera)","Ranchería","San Miguel de Horcasitas","Sonora"
"83373","San Isidro","Ranchería","San Miguel de Horcasitas","Sonora"
"83374","El Tecolote","Granja","San Miguel de Horcasitas","Sonora"
"83374","Pesqueira [Granja Porcícola]","Granja","San Miguel de Horcasitas","Sonora"
"83374","La Aduana","Ranchería","San Miguel de Horcasitas","Sonora"
"83374","San Martín (La Luna)","Ranchería","San Miguel de Horcasitas","Sonora"
"83374","La Pinacata [Porcícola]","Granja","San Miguel de Horcasitas","Sonora"
"83374","La Salada de Abajo","Ranchería","San Miguel de Horcasitas","Sonora"
"83374","La Salada de Arriba (SAHOP)","Ranchería","San Miguel de Horcasitas","Sonora"
"83374","Núñez (Campo Núñez)","Ejido","San Miguel de Horcasitas","Sonora"
"83374","Pozo Enrique","Granja","San Miguel de Horcasitas","Sonora"
"83374","Pozo Manuel","Ranchería","San Miguel de Horcasitas","Sonora"
"83374","El Beny [Viñedo]","Granja","San Miguel de Horcasitas","Sonora"
"83374","Viñedos 2000 Norte (La Tracalita)","Granja","San Miguel de Horcasitas","Sonora"
"83374","Pesqueira [Viñedo]","Granja","San Miguel de Horcasitas","Sonora"
"83375","UES [Campo]","Ejido","San Miguel de Horcasitas","Sonora"
"83375","Fer-Ver de los Molinas","Ranchería","San Miguel de Horcasitas","Sonora"
"83375","Frigoríficos Pesqueira Sonhofrut","Ranchería","San Miguel de Horcasitas","Sonora"
"83375","Las Bateas","Ranchería","San Miguel de Horcasitas","Sonora"
"83375","Las Bateas (Las Bateas de Arriba)","Ranchería","San Miguel de Horcasitas","Sonora"
"83375","Las Mercedes [Agropecuaria]","Granja","San Miguel de Horcasitas","Sonora"
"83375","Los Gordos","Granja","San Miguel de Horcasitas","Sonora"
"83375","El Manto [Viñedo]","Rancho","San Miguel de Horcasitas","Sonora"
"83375","Viñedo Escondido","Rancho","San Miguel de Horcasitas","Sonora"
"83376","Campito San Alberto","Rancho","San Miguel de Horcasitas","Sonora"
"83376","Pueblo Nuevo","Colonia","San Miguel de Horcasitas","Sonora"
"83376","El Torreón","Ejido","San Miguel de Horcasitas","Sonora"
"83376","Agrícola el Bacame","Ranchería","San Miguel de Horcasitas","Sonora"
"83376","Campo Jorge Ortega","Ejido","San Miguel de Horcasitas","Sonora"
"83376","Cerro Pelón","Ranchería","San Miguel de Horcasitas","Sonora"
"83376","Los Mezquites [Hipódromo]","Ranchería","San Miguel de Horcasitas","Sonora"
"83376","La Escondida","Ranchería","San Miguel de Horcasitas","Sonora"
"83376","La Perla","Ranchería","San Miguel de Horcasitas","Sonora"
"83376","Los Cochitos","Ranchería","San Miguel de Horcasitas","Sonora"
"83376","Los Cuates","Ranchería","San Miguel de Horcasitas","Sonora"
"83376","Los Hoyos","Ranchería","San Miguel de Horcasitas","Sonora"
"83376","Los Tres García [Ganadera]","Ranchería","San Miguel de Horcasitas","Sonora"
"83376","Parronales Porfín","Ranchería","San Miguel de Horcasitas","Sonora"
"83376","Pedro Moreno (Predio Mata de Carrizo)","Ranchería","San Miguel de Horcasitas","Sonora"
"83376","Predio Dos Pozos","Ranchería","San Miguel de Horcasitas","Sonora"
"83376","Aldana","Rancho","San Miguel de Horcasitas","Sonora"
"83376","De Baldomero Robles","Rancho","San Miguel de Horcasitas","Sonora"
"83376","San Jerónimo","Ranchería","San Miguel de Horcasitas","Sonora"
"83376","San Judas","Ranchería","San Miguel de Horcasitas","Sonora"
"83376","Santa Elena (La Providencia)","Granja","San Miguel de Horcasitas","Sonora"
"83376","Sociedad Bracamonte Amarilla","Ranchería","San Miguel de Horcasitas","Sonora"
"83376","Tierras Nuevas","Ranchería","San Miguel de Horcasitas","Sonora"
"83376","Viñedo la Mesa","Rancho","San Miguel de Horcasitas","Sonora"
"83377","Armando López Nogales","Colonia","San Miguel de Horcasitas","Sonora"
"83377","Benito Juárez","Colonia","San Miguel de Horcasitas","Sonora"
"83377","El Manto","Colonia","San Miguel de Horcasitas","Sonora"
"83377","Loma Alta","Colonia","San Miguel de Horcasitas","Sonora"
"83377","Loma Bonita","Colonia","San Miguel de Horcasitas","Sonora"
"83377","Loma Linda","Colonia","San Miguel de Horcasitas","Sonora"
"83377","Luis Donaldo Colosio","Colonia","San Miguel de Horcasitas","Sonora"
"83377","Rinconada","Colonia","San Miguel de Horcasitas","Sonora"
"83377","Viñedos","Colonia","San Miguel de Horcasitas","Sonora"
"83377","Pesqueira Centro","Colonia","San Miguel de Horcasitas","Sonora"
"83377","Viñedo el Sol","Granja","San Miguel de Horcasitas","Sonora"
"83378","El Carrizo","Ranchería","San Miguel de Horcasitas","Sonora"
"83380","La Playa","Colonia","Carbó","Sonora"
"83380","Carbó Centro","Colonia","Carbó","Sonora"
"83383","El Chamizal","Colonia","Carbó","Sonora"
"83383","Luis Donaldo Colosio","Colonia","Carbó","Sonora"
"83384","Ferrocarril","Colonia","Carbó","Sonora"
"83384","La Ladrillera","Ranchería","Carbó","Sonora"
"83385","Emiliano Zapata","Colonia","Carbó","Sonora"
"83386","La Aurora","Colonia","Carbó","Sonora"
"83390","El Arpa","Ranchería","Carbó","Sonora"
"83390","El Ranchito","Ranchería","Carbó","Sonora"
"83390","La Palma","Ranchería","Carbó","Sonora"
"83390","Mayén","Ranchería","Carbó","Sonora"
"83390","Grande","Rancho","Carbó","Sonora"
"83390","San Francisco","Ranchería","Carbó","Sonora"
"83393","Centro de Investigaciones Pecuarias del Estado de Sonora","Equipamiento","Carbó","Sonora"
"83393","El Oásis","Ranchería","Carbó","Sonora"
"83393","Los Chinos","Ranchería","Carbó","Sonora"
"83393","Los Chinos de Abajo (El Pocito)","Ranchería","Carbó","Sonora"
"83393","Los Chinos de Arriba","Ranchería","Carbó","Sonora"
"83393","Pozo de Crisanto","Ranchería","Carbó","Sonora"
"83394","Campo Canoras","Ranchería","Carbó","Sonora"
"83394","La Gorulla","Ranchería","Carbó","Sonora"
"83394","La Poza","Ranchería","Carbó","Sonora"
"83394","Las Canoras","Ranchería","Carbó","Sonora"
"83395","El Garambullo","Ranchería","Carbó","Sonora"
"83395","Noria de Landavazos","Ranchería","Carbó","Sonora"
"83395","Zanjón","Ranchería","Carbó","Sonora"
"83396","El Treinta y Ocho","Ranchería","Carbó","Sonora"
"83396","La Cachucha","Ranchería","Carbó","Sonora"
"83396","Las Praderas","Ranchería","Carbó","Sonora"
"83396","Pozo Hondo","Ranchería","Carbó","Sonora"
"83397","Cola de Tizón","Ranchería","Carbó","Sonora"
"83397","El Mojino","Ranchería","Carbó","Sonora"
"83398","Buenos Aires","Ranchería","Carbó","Sonora"
"83400","Irma Rodríguez","Ranchería","San Luis Río Colorado","Sonora"
"83400","Cuauhtémoc","Colonia","San Luis Río Colorado","Sonora"
"83400","San Luis Río Colorado Centro","Colonia","San Luis Río Colorado","Sonora"
"83403","Del Río","Colonia","San Luis Río Colorado","Sonora"
"83419","Campamento","Barrio","San Luis Río Colorado","Sonora"
"83420","Bellavista","Colonia","San Luis Río Colorado","Sonora"
"83420","La Mesa","Colonia","San Luis Río Colorado","Sonora"
"83420","Oasis","Colonia","San Luis Río Colorado","Sonora"
"83423","Los Adobes","Fraccionamiento","San Luis Río Colorado","Sonora"
"83430","Los Portales","Fraccionamiento","San Luis Río Colorado","Sonora"
"83430","Industrial","Colonia","San Luis Río Colorado","Sonora"
"83430","Alameda","Colonia","San Luis Río Colorado","Sonora"
"83439","Ruiz Cortines","Colonia","San Luis Río Colorado","Sonora"
"83440","Sonora","Colonia","San Luis Río Colorado","Sonora"
"83447","Jalisco","Colonia","San Luis Río Colorado","Sonora"
"83448","Residencias","Colonia","San Luis Río Colorado","Sonora"
"83449","Comercial","Colonia","San Luis Río Colorado","Sonora"
"83450","Diana Residencial","Fraccionamiento","San Luis Río Colorado","Sonora"
"83450","Burócrata","Colonia","San Luis Río Colorado","Sonora"
"83455","Parque Industrial","Zona industrial","San Luis Río Colorado","Sonora"
"83457","La Mesa","Fraccionamiento","San Luis Río Colorado","Sonora"
"83457","Misión del Sol","Fraccionamiento","San Luis Río Colorado","Sonora"
"83457","Hacienda las Palmas","Fraccionamiento","San Luis Río Colorado","Sonora"
"83457","Nuevo Palmira","Fraccionamiento","San Luis Río Colorado","Sonora"
"83457","Chula Vista","Fraccionamiento","San Luis Río Colorado","Sonora"
"83457","Del Parque","Fraccionamiento","San Luis Río Colorado","Sonora"
"83457","Joyas del Parque","Fraccionamiento","San Luis Río Colorado","Sonora"
"83458","Progreso","Colonia","San Luis Río Colorado","Sonora"
"83459","10 de Abril","Colonia","San Luis Río Colorado","Sonora"
"83470","Villas del Río","Fraccionamiento","San Luis Río Colorado","Sonora"
"83470","Aviación","Colonia","San Luis Río Colorado","Sonora"
"83479","Paraíso del Bosque","Fraccionamiento","San Luis Río Colorado","Sonora"
"83479","Aeropuerto","Colonia","San Luis Río Colorado","Sonora"
"83479","La Grullita","Colonia","San Luis Río Colorado","Sonora"
"83480","Del Bosque","Colonia","San Luis Río Colorado","Sonora"
"83487","Libertad","Colonia","San Luis Río Colorado","Sonora"
"83488","Mezquite","Colonia","San Luis Río Colorado","Sonora"
"83489","Federal","Colonia","San Luis Río Colorado","Sonora"
"83490","Altar","Colonia","San Luis Río Colorado","Sonora"
"83496","Villa las Flores","Fraccionamiento","San Luis Río Colorado","Sonora"
"83496","Solidaridad","Colonia","San Luis Río Colorado","Sonora"
"83497","Reforma","Colonia","San Luis Río Colorado","Sonora"
"83498","México","Colonia","San Luis Río Colorado","Sonora"
"83498","Nuevo San Luis","Colonia","San Luis Río Colorado","Sonora"
"83499","Campestre","Colonia","San Luis Río Colorado","Sonora"
"83499","Villa Colonial","Colonia","San Luis Río Colorado","Sonora"
"83500","Guadalupe","Colonia","San Luis Río Colorado","Sonora"
"83500","Ingeniero Luis B Sánchez","Pueblo","San Luis Río Colorado","Sonora"
"83503","Los Olivos","Colonia","San Luis Río Colorado","Sonora"
"83504","Bicentenario","Fraccionamiento","San Luis Río Colorado","Sonora"
"83504","Villa Florida","Colonia","San Luis Río Colorado","Sonora"
"83510","Juárez Leyes de Reforma","Ejido","San Luis Río Colorado","Sonora"
"83510","El Barranco","Ranchería","San Luis Río Colorado","Sonora"
"83510","Nuevo Michoacán (Estación Riíto)","Ejido","San Luis Río Colorado","Sonora"
"83510","Mesa Rica","Ejido","San Luis Río Colorado","Sonora"
"83510","Mesa Rica Dos","Ejido","San Luis Río Colorado","Sonora"
"83513","Agrícola Agros","Zona industrial","San Luis Río Colorado","Sonora"
"83513","Tsunami","Rancho","San Luis Río Colorado","Sonora"
"83513","Río Sur","Ranchería","San Luis Río Colorado","Sonora"
"83513","El Álamo [Empaque]","Zona industrial","San Luis Río Colorado","Sonora"
"83513","La Curva de la Nuevo León","Ranchería","San Luis Río Colorado","Sonora"
"83513","Amalia Lira Bejarano","Rancho","San Luis Río Colorado","Sonora"
"83513","Coahuila","Ranchería","San Luis Río Colorado","Sonora"
"83513","La Entrada (Emiliano Zapata)","Ranchería","San Luis Río Colorado","Sonora"
"83513","Independencia","Ranchería","San Luis Río Colorado","Sonora"
"83513","Coahuila","Ranchería","San Luis Río Colorado","Sonora"
"83513","Independencia","Ejido","San Luis Río Colorado","Sonora"
"83513","Nuevo León","Ranchería","San Luis Río Colorado","Sonora"
"83513","La Bolsa","Ranchería","San Luis Río Colorado","Sonora"
"83513","Coahuila","Rancho","San Luis Río Colorado","Sonora"
"83513","Emiliano Zapata","Ejido","San Luis Río Colorado","Sonora"
"83513","Río Norte","Colonia","San Luis Río Colorado","Sonora"
"83514","25 de Enero (Productora)","Rancho","San Luis Río Colorado","Sonora"
"83514","Francisca Herrera","Ranchería","San Luis Río Colorado","Sonora"
"83514","Roberto Conde Lara","Ranchería","San Luis Río Colorado","Sonora"
"83514","Los Tornero","Ranchería","San Luis Río Colorado","Sonora"
"83514","El Fronterizo","Ejido","San Luis Río Colorado","Sonora"
"83514","Lagunitas","Ejido","San Luis Río Colorado","Sonora"
"83515","Del Río","Colonia","San Luis Río Colorado","Sonora"
"83515","El Barrote","Colonia","San Luis Río Colorado","Sonora"
"83515","Lagunitas","Ejido","San Luis Río Colorado","Sonora"
"83515","El Bordo","Ranchería","San Luis Río Colorado","Sonora"
"83515","La Escondida","Ranchería","San Luis Río Colorado","Sonora"
"83515","Alicia Figueroa","Ranchería","San Luis Río Colorado","Sonora"
"83515","Islita","Ejido","San Luis Río Colorado","Sonora"
"83515","El Cheque Ocho","Ranchería","San Luis Río Colorado","Sonora"
"83516","Onion King","Rancho","San Luis Río Colorado","Sonora"
"83516","Pozas de Arvizu (La Reserva)","Ejido","San Luis Río Colorado","Sonora"
"83516","La Esperanza","Ranchería","San Luis Río Colorado","Sonora"
"83516","El Profesor","Ranchería","San Luis Río Colorado","Sonora"
"83516","La Azteca","Ranchería","San Luis Río Colorado","Sonora"
"83516","Gregorio Castro","Ranchería","San Luis Río Colorado","Sonora"
"83516","Campillo","Rancho","San Luis Río Colorado","Sonora"
"83517","Ramiro Dunton","Ranchería","San Luis Río Colorado","Sonora"
"83517","Carlos Monroy","Rancho","San Luis Río Colorado","Sonora"
"83517","El Arco","Rancho","San Luis Río Colorado","Sonora"
"83517","La Grullita","Rancho","San Luis Río Colorado","Sonora"
"83517","Monumentos","Ejido","San Luis Río Colorado","Sonora"
"83517","María Viuda de García","Rancho","San Luis Río Colorado","Sonora"
"83520","Las Adelitas","Ranchería","San Luis Río Colorado","Sonora"
"83540","Golfo de Santa Clara","Ejido","San Luis Río Colorado","Sonora"
"83550","Puerto Peñasco Centro","Colonia","Puerto Peñasco","Sonora"
"83553","Oriente","Colonia","Puerto Peñasco","Sonora"
"83553","Brisas Del Golfo","Fraccionamiento","Puerto Peñasco","Sonora"
"83553","Luis Donaldo Colosio","Colonia","Puerto Peñasco","Sonora"
"83553","Nuevo Peñasco","Colonia","Puerto Peñasco","Sonora"
"83553","Josefa Ortiz de Domínguez","Colonia","Puerto Peñasco","Sonora"
"83553","San Jorge","Fraccionamiento","Puerto Peñasco","Sonora"
"83553","Caracoles","Condominio","Puerto Peñasco","Sonora"
"83553","El Cárcamo","Colonia","Puerto Peñasco","Sonora"
"83553","La Termoeléctrica","Colonia","Puerto Peñasco","Sonora"
"83553","Residencial la Providencia","Fraccionamiento","Puerto Peñasco","Sonora"
"83554","Corona del Mar","Condominio","Puerto Peñasco","Sonora"
"83554","Linda Vista","Condominio","Puerto Peñasco","Sonora"
"83554","Palacio del Mar","Condominio","Puerto Peñasco","Sonora"
"83554","Tessoro","Condominio","Puerto Peñasco","Sonora"
"83554","El Puerto","Colonia","Puerto Peñasco","Sonora"
"83554","Benito Juárez","Colonia","Puerto Peñasco","Sonora"
"83554","Recinto Portuario","Colonia","Puerto Peñasco","Sonora"
"83554","Peñasco","Colonia","Puerto Peñasco","Sonora"
"83554","Las Conchas","Colonia","Puerto Peñasco","Sonora"
"83554","Cerro La Ballena","Condominio","Puerto Peñasco","Sonora"
"83554","Paz del Mar","Fraccionamiento","Puerto Peñasco","Sonora"
"83554","Los Delfines","Fraccionamiento","Puerto Peñasco","Sonora"
"83554","Los Portales","Fraccionamiento","Puerto Peñasco","Sonora"
"83554","Corona del Sol","Condominio","Puerto Peñasco","Sonora"
"83554","Barlovento","Condominio","Puerto Peñasco","Sonora"
"83554","San Clemente","Condominio","Puerto Peñasco","Sonora"
"83554","Privada Residencial Vista de Oro","Fraccionamiento","Puerto Peñasco","Sonora"
"83555","Casa Blanca Golf Villas","Condominio","Puerto Peñasco","Sonora"
"83555","Esmeralda Beach Resort","Condominio","Puerto Peñasco","Sonora"
"83555","Princesa de Peñasco Resort","Condominio","Puerto Peñasco","Sonora"
"83555","Sonoran Sea Resort","Condominio","Puerto Peñasco","Sonora"
"83555","Sonoran Sky Resort","Condominio","Puerto Peñasco","Sonora"
"83555","Sonoran Star Resort","Condominio","Puerto Peñasco","Sonora"
"83555","Ferrocarrilera","Colonia","Puerto Peñasco","Sonora"
"83555","Obrera","Colonia","Puerto Peñasco","Sonora"
"83555","Bella Vista","Colonia","Puerto Peñasco","Sonora"
"83555","Bella Sirena","Condominio","Puerto Peñasco","Sonora"
"83555","Las Palmas","Condominio","Puerto Peñasco","Sonora"
"83555","Sonoran Spa Resort","Condominio","Puerto Peñasco","Sonora"
"83555","Costa Diamante","Condominio","Puerto Peñasco","Sonora"
"83555","Las Palomas","Condominio","Puerto Peñasco","Sonora"
"83555","Diamond Village","Fraccionamiento","Puerto Peñasco","Sonora"
"83555","Puerta Privada","Condominio","Puerto Peñasco","Sonora"
"83556","4 de Marzo","Colonia","Puerto Peñasco","Sonora"
"83556","Conjunto Ballenas","Fraccionamiento","Puerto Peñasco","Sonora"
"83556","Hacienda de Cortés","Fraccionamiento","Puerto Peñasco","Sonora"
"83556","Maeva Residencial","Fraccionamiento","Puerto Peñasco","Sonora"
"83556","José López Portillo","Colonia","Puerto Peñasco","Sonora"
"83556","Nueva","Colonia","Puerto Peñasco","Sonora"
"83556","Lomas Campestres","Colonia","Puerto Peñasco","Sonora"
"83556","Brisas Del Mar","Colonia","Puerto Peñasco","Sonora"
"83556","Nueva Esperanza","Colonia","Puerto Peñasco","Sonora"
"83556","Country Garden","Fraccionamiento","Puerto Peñasco","Sonora"
"83556","Deportiva","Colonia","Puerto Peñasco","Sonora"
"83556","La Herradura","Colonia","Puerto Peñasco","Sonora"
"83556","Lagos y Ríos","Colonia","Puerto Peñasco","Sonora"
"83556","Las Cúpulas Residencial","Fraccionamiento","Puerto Peñasco","Sonora"
"83556","Mariposa Residencial","Fraccionamiento","Puerto Peñasco","Sonora"
"83556","Nueva Aurora","Fraccionamiento","Puerto Peñasco","Sonora"
"83557","San Rafael","Colonia","Puerto Peñasco","Sonora"
"83557","San Rafael (El Choyal)","Colonia","Puerto Peñasco","Sonora"
"83557","Villas de Altar","Fraccionamiento","Puerto Peñasco","Sonora"
"83560","Alfredo López Aceves","Ejido","Puerto Peñasco","Sonora"
"83560","Islas del Mar","Equipamiento","Puerto Peñasco","Sonora"
"83560","Laguna Shores","Fraccionamiento","Puerto Peñasco","Sonora"
"83560","Concretos Gocasa","Zona industrial","Puerto Peñasco","Sonora"
"83560","Aurelio Soto","Rancho","Puerto Peñasco","Sonora"
"83560","Bahía la Choya","Pueblo","Puerto Peñasco","Sonora"
"83560","Carlos Salinas de Gortari","Ejido","Puerto Peñasco","Sonora"
"83560","Cerro Prieto","Rancho","Puerto Peñasco","Sonora"
"83560","Gustavo Sotelo (Sección FF CC)","Paraje","Puerto Peñasco","Sonora"
"83560","Las Lágrimas","Ejido","Puerto Peñasco","Sonora"
"83560","López Collado (Sección FF CC)","Paraje","Puerto Peñasco","Sonora"
"83564","Benjamín Zavala","Rancho","Puerto Peñasco","Sonora"
"83564","El Pinacate","Ejido","Puerto Peñasco","Sonora"
"83565","El Pinacate","Condominio","Puerto Peñasco","Sonora"
"83565","Aceves","Colonia","Puerto Peñasco","Sonora"
"83565","Agua Zarca","Colonia","Puerto Peñasco","Sonora"
"83565","John F Kennedy","Ejido","Puerto Peñasco","Sonora"
"83565","José María Dávila","Rancho","Puerto Peñasco","Sonora"
"83565","Los Norteños","Ejido","Puerto Peñasco","Sonora"
"83565","Nayarit Número Tres (Nayarit)","Ejido","Puerto Peñasco","Sonora"
"83565","Orfanatorio","Equipamiento","Puerto Peñasco","Sonora"
"83566","Sand Castle","Fraccionamiento","Puerto Peñasco","Sonora"
"83566","Mayan Lakes","Equipamiento","Puerto Peñasco","Sonora"
"83566","Encántame Towers","Condominio","Puerto Peñasco","Sonora"
"83566","El Encanto (Luna Blanca)","Condominio","Puerto Peñasco","Sonora"
"83566","Playa Azul","Condominio","Puerto Peñasco","Sonora"
"83566","Playa la Joya","Fraccionamiento","Puerto Peñasco","Sonora"
"83566","Playa Encanto","Colonia","Puerto Peñasco","Sonora"
"83566","Playa Miramar","Fraccionamiento","Puerto Peñasco","Sonora"
"83566","Estero de Morúa","Colonia","Puerto Peñasco","Sonora"
"83566","Bahía de San Jorge","Ranchería","Puerto Peñasco","Sonora"
"83566","Estación Almejas","Paraje","Puerto Peñasco","Sonora"
"83566","Las Carretas","Hacienda","Puerto Peñasco","Sonora"
"83566","La Pinta","Ejido","Puerto Peñasco","Sonora"
"83566","Las Sinitas","Ranchería","Puerto Peñasco","Sonora"
"83566","Mayan Palace Hotel","Equipamiento","Puerto Peñasco","Sonora"
"83566","Playa Dorada (Playa Norte)","Condominio","Puerto Peñasco","Sonora"
"83566","Playa el Encanto Viejo","Condominio","Puerto Peñasco","Sonora"
"83566","Playa San Jorge","Colonia","Puerto Peñasco","Sonora"
"83566","Ulises Irigoyen (Irigoyen)","Paraje","Puerto Peñasco","Sonora"
"83567","La Esperanza","Rancho","Puerto Peñasco","Sonora"
"83570","Sonoyta Centro","Colonia","General Plutarco Elías Calles","Sonora"
"83573","Colinas de Sonoidag","Colonia","General Plutarco Elías Calles","Sonora"
"83573","La Botella","Barrio","General Plutarco Elías Calles","Sonora"
"83573","La Presa","Barrio","General Plutarco Elías Calles","Sonora"
"83573","La Copa","Colonia","General Plutarco Elías Calles","Sonora"
"83574","Hombres Blancos","Colonia","General Plutarco Elías Calles","Sonora"
"83575","Obregón","Colonia","General Plutarco Elías Calles","Sonora"
"83575","Burócrata","Colonia","General Plutarco Elías Calles","Sonora"
"83576","Loma Bonita","Colonia","General Plutarco Elías Calles","Sonora"
"83576","Los Chinos","Barrio","General Plutarco Elías Calles","Sonora"
"83576","Papagos","Colonia","General Plutarco Elías Calles","Sonora"
"83577","La Ganadera","Colonia","General Plutarco Elías Calles","Sonora"
"83580","Adolfo López Mateos","Ejido","General Plutarco Elías Calles","Sonora"
"83580","Francisco I Madero","Ranchería","General Plutarco Elías Calles","Sonora"
"83580","San Miguel (Emiliano Zapata)","Ranchería","General Plutarco Elías Calles","Sonora"
"83580","El Desierto de Sonora","Ejido","General Plutarco Elías Calles","Sonora"
"83583","21 de Marzo (Fracción Uno)","Barrio","General Plutarco Elías Calles","Sonora"
"83583","División del Norte","Rancho","General Plutarco Elías Calles","Sonora"
"83583","Valdez","Ejido","General Plutarco Elías Calles","Sonora"
"83583","División del Norte Uno","Colonia","General Plutarco Elías Calles","Sonora"
"83583","La Nariz","Rancho","General Plutarco Elías Calles","Sonora"
"83584","Aduana San Emeterio","Equipamiento","General Plutarco Elías Calles","Sonora"
"83585","América","Ejido","General Plutarco Elías Calles","Sonora"
"83585","El Porvenir (Colonia el Porvenir)","Rancho","General Plutarco Elías Calles","Sonora"
"83585","Reforma","Ranchería","General Plutarco Elías Calles","Sonora"
"83585","Villa Hermosa","Ranchería","General Plutarco Elías Calles","Sonora"
"83586","Quitovac","Ejido","General Plutarco Elías Calles","Sonora"
"83590","Morelia","Ranchería","General Plutarco Elías Calles","Sonora"
"83600","Heroica Caborca Centro","Colonia","Caborca","Sonora"
"83610","Los Agaves","Fraccionamiento","Caborca","Sonora"
"83610","Aviación","Colonia","Caborca","Sonora"
"83610","La Huerta","Colonia","Caborca","Sonora"
"83620","Deportiva","Colonia","Caborca","Sonora"
"83621","Eleazar Ortiz","Colonia","Caborca","Sonora"
"83624","Palo Verde","Colonia","Caborca","Sonora"
"83624","Salomón Quihuis","Colonia","Caborca","Sonora"
"83624","Santa Cecilia","Colonia","Caborca","Sonora"
"83624","Ampliación Santa Cecilia","Colonia","Caborca","Sonora"
"83624","Nueva Santa Cecilia","Colonia","Caborca","Sonora"
"83630","Lázaro Cárdenas","Colonia","Caborca","Sonora"
"83630","San Rafael","Colonia","Caborca","Sonora"
"83630","Esperanza","Colonia","Caborca","Sonora"
"83634","Nuevo Amanecer","Colonia","Caborca","Sonora"
"83634","Burócrata","Colonia","Caborca","Sonora"
"83634","Niños Héroes","Colonia","Caborca","Sonora"
"83634","Palma Dorada","Fraccionamiento","Caborca","Sonora"
"83634","INFONAVIT Bugambilias","Colonia","Caborca","Sonora"
"83634","Palma Dorada Sección Mallorca","Fraccionamiento","Caborca","Sonora"
"83635","Parque Industrial","Zona industrial","Caborca","Sonora"
"83640","De la Educación","Fraccionamiento","Caborca","Sonora"
"83640","Misioneros","Fraccionamiento","Caborca","Sonora"
"83640","Industrial","Colonia","Caborca","Sonora"
"83640","Real de los Viñedos","Fraccionamiento","Caborca","Sonora"
"83650","Francisco Villa","Colonia","Caborca","Sonora"
"83650","Raquet Club","Fraccionamiento","Caborca","Sonora"
"83660","Contreras","Colonia","Caborca","Sonora"
"83660","Agronómica","Colonia","Caborca","Sonora"
"83660","INFONAVIT Benito Juárez","Colonia","Caborca","Sonora"
"83663","El Cerrito","Colonia","Caborca","Sonora"
"83663","Tierra Blanca","Colonia","Caborca","Sonora"
"83663","El Ventarrón","Colonia","Caborca","Sonora"
"83663","Villa Zarina","Fraccionamiento","Caborca","Sonora"
"83663","Santa Elena","Fraccionamiento","Caborca","Sonora"
"83664","San Roque","Fraccionamiento","Caborca","Sonora"
"83664","Aurora","Colonia","Caborca","Sonora"
"83664","Fernando Honorato Pino","Colonia","Caborca","Sonora"
"83664","Ladrillera","Colonia","Caborca","Sonora"
"83664","INFONAVIT Misiones de Kino","Colonia","Caborca","Sonora"
"83664","Francisco Javier","Colonia","Caborca","Sonora"
"83664","6 de Abril","Fraccionamiento","Caborca","Sonora"
"83665","INFONAVIT José Maria Girón","Colonia","Caborca","Sonora"
"83666","Cerro Prieto","Fraccionamiento","Caborca","Sonora"
"83666","Armando Reyna","Colonia","Caborca","Sonora"
"83670","Lizárraga","Colonia","Caborca","Sonora"
"83680","Prados del Sol","Fraccionamiento","Caborca","Sonora"
"83680","Pueblo Viejo","Colonia","Caborca","Sonora"
"83680","Los Jardines","Colonia","Caborca","Sonora"
"83680","Doctores","Colonia","Caborca","Sonora"
"83680","San Alberto","Fraccionamiento","Caborca","Sonora"
"83680","Luz de Oriente","Fraccionamiento","Caborca","Sonora"
"83690","Las Águilas","Colonia","Caborca","Sonora"
"83690","Terranova","Fraccionamiento","Caborca","Sonora"
"83690","El Alto","Colonia","Caborca","Sonora"
"83690","Pagasa","Colonia","Caborca","Sonora"
"83690","5 de Mayo","Colonia","Caborca","Sonora"
"83693","Bicentenario Residencial","Fraccionamiento","Caborca","Sonora"
"83693","Romanza","Fraccionamiento","Caborca","Sonora"
"83695","Las Granjas","Colonia","Caborca","Sonora"
"83695","Los Arcos","Fraccionamiento","Caborca","Sonora"
"83706","Tajitos","Ranchería","Caborca","Sonora"
"83706","San Isidro","Ejido","Caborca","Sonora"
"83710","El Bajío","Ejido","Caborca","Sonora"
"83710","Juan Álvarez","Ejido","Caborca","Sonora"
"83710","El Sahuaro","Ranchería","Caborca","Sonora"
"83713","Álvaro Obregón","Ejido","Caborca","Sonora"
"83713","Rodolfo Campodónico","Ejido","Caborca","Sonora"
"83713","Adolfo Orive de Alba","Ejido","Caborca","Sonora"
"83713","15 de Septiembre","Colonia","Caborca","Sonora"
"83713","El Socorro","Ejido","Caborca","Sonora"
"83713","Barrio de Guadalupe","Ranchería","Caborca","Sonora"
"83713","Lázaro Cárdenas","Ejido","Caborca","Sonora"
"83713","Santa Laura","Ranchería","Caborca","Sonora"
"83713","Villa de Guadalupe","Ranchería","Caborca","Sonora"
"83714","El Diamante (La Retranca)","Ejido","Caborca","Sonora"
"83714","José María Morelos","Ejido","Caborca","Sonora"
"83714","Las Enchilayas","Paraje","Caborca","Sonora"
"83714","Poblado San Felipe","Ejido","Caborca","Sonora"
"83714","Agrícolas Rhodas","Ejido","Caborca","Sonora"
"83714","El Pedernal Cuatro","Ranchería","Caborca","Sonora"
"83714","El Treinta y Tres","Ranchería","Caborca","Sonora"
"83714","Juan Jiménez Hernández (Colonia Vicente Guerrero)","Ranchería","Caborca","Sonora"
"83714","El Oasis (La Angostura)","Ranchería","Caborca","Sonora"
"83714","La Rivera","Ranchería","Caborca","Sonora"
"83714","Lauro G Caloca","Ejido","Caborca","Sonora"
"83714","Loleyta","Ranchería","Caborca","Sonora"
"83714","Santa Elena (El Bonito)","Ranchería","Caborca","Sonora"
"83714","Llanos San Francisco","Ranchería","Caborca","Sonora"
"83714","Torrentera","Ejido","Caborca","Sonora"
"83715","San Isidro","Ejido","Caborca","Sonora"
"83715","José López Portillo 2","Ranchería","Caborca","Sonora"
"83715","Juan García Cabral","Ejido","Caborca","Sonora"
"83715","Ampliación Frontera","Ejido","Caborca","Sonora"
"83715","Jesús García","Ejido","Caborca","Sonora"
"83715","El Chamizal","Ejido","Caborca","Sonora"
"83715","Santa Eduwiges (La Cachora)","Ejido","Caborca","Sonora"
"83715","Ampliación Fronteras","Ejido","Caborca","Sonora"
"83715","El Rocío","Ranchería","Caborca","Sonora"
"83715","Estación Coyote","Ranchería","Caborca","Sonora"
"83715","Héroe de Nacozari","Ranchería","Caborca","Sonora"
"83715","La Fortuna","Ranchería","Caborca","Sonora"
"83715","Los Sapos","Ranchería","Caborca","Sonora"
"83715","México Sesenta y Ocho","Ejido","Caborca","Sonora"
"83715","San Andrés","Ranchería","Caborca","Sonora"
"83715","San Pedro","Ejido","Caborca","Sonora"
"83716","Playa Santo Tomás","Colonia","Caborca","Sonora"
"83716","Cerro Blanco","Campamento","Caborca","Sonora"
"83716","Último Esfuerzo","Ejido","Caborca","Sonora"
"83716","Ures","Ejido","Caborca","Sonora"
"83716","Delicias del Desierto","Ranchería","Caborca","Sonora"
"83716","El Olivar","Ranchería","Caborca","Sonora"
"83716","El Parral","Ranchería","Caborca","Sonora"
"83716","El Puebla","Ranchería","Caborca","Sonora"
"83716","El Sinsoncito","Granja","Caborca","Sonora"
"83716","Huanímaro (Plan de Ayala)","Ranchería","Caborca","Sonora"
"83716","La Mochomera (La Morena)","Ejido","Caborca","Sonora"
"83716","La Realidad","Rancho","Caborca","Sonora"
"83716","Cerro Blanco","Ejido","Caborca","Sonora"
"83716","San Gabriel","Ranchería","Caborca","Sonora"
"83717","El Coyote","Pueblo","Caborca","Sonora"
"83717","La Alameda (Cortázar)","Colonia","Caborca","Sonora"
"83717","Desemboque","Colonia","Caborca","Sonora"
"83717","Los Tres","Granja","Caborca","Sonora"
"83717","La Realidad","Ranchería","Caborca","Sonora"
"83717","María Isabel de los Olivos","Ranchería","Caborca","Sonora"
"83717","San Ramón","Ranchería","Caborca","Sonora"
"83717","Santa Inés","Ranchería","Caborca","Sonora"
"83718","San Faustino","Rancho","Caborca","Sonora"
"83720","Laguna Prieta","Ranchería","Caborca","Sonora"
"83720","La Almita","Colonia","Caborca","Sonora"
"83720","Siempre Viva","Ejido","Caborca","Sonora"
"83720","La Esmeralda I","Ranchería","Caborca","Sonora"
"83720","Los Franciscos","Ranchería","Caborca","Sonora"
"83720","Río Viejo (El Alma)","Ranchería","Caborca","Sonora"
"83720","San Jorge (La Nogalera)","Ranchería","Caborca","Sonora"
"83720","Santa Cecilia","Ranchería","Caborca","Sonora"
"83720","Santa Minerva","Ejido","Caborca","Sonora"
"83723","Josefa Ortiz de Domínguez","Ejido","Caborca","Sonora"
"83723","Don Nacho","Ranchería","Caborca","Sonora"
"83723","Viñedos Viva","Rancho","Caborca","Sonora"
"83723","Yaqui Justiciero","Ejido","Caborca","Sonora"
"83724","Del Carmen [Porcícola]","Granja","Caborca","Sonora"
"83724","Salomón Quihuis","Ejido","Caborca","Sonora"
"83724","El Durazno","Ranchería","Caborca","Sonora"
"83725","6 de Abril","Ejido","Caborca","Sonora"
"83725","José María Pino Suárez","Ejido","Caborca","Sonora"
"83725","La Primavera","Ejido","Caborca","Sonora"
"83725","Alfonso Garzón Santivañes (Zacatecas)","Ranchería","Caborca","Sonora"
"83725","Cajeme Dos","Ejido","Caborca","Sonora"
"83725","Maribel","Ranchería","Caborca","Sonora"
"83727","Puerto Lobos","Colonia","Caborca","Sonora"
"83730","Vicente Guerrero","Ejido","Caborca","Sonora"
"83730","Las Torres","Colonia","Caborca","Sonora"
"83733","Huanímaro","Colonia","Caborca","Sonora"
"83733","CECYTES","Colonia","Caborca","Sonora"
"83734","Plutarco Elías Calles (La Y Griega)","Colonia","Caborca","Sonora"
"83735","Los Laureles","Colonia","Caborca","Sonora"
"83740","El Ejemplo","Ejido","Caborca","Sonora"
"83750","Altar Centro","Colonia","Altar","Sonora"
"83753","Bella Vista","Colonia","Altar","Sonora"
"83753","Palo Verde","Colonia","Altar","Sonora"
"83753","Buenos Aires","Colonia","Altar","Sonora"
"83753","Benito Juárez","Colonia","Altar","Sonora"
"83753","Luis Donaldo Colosio","Colonia","Altar","Sonora"
"83754","Las Lomas","Colonia","Altar","Sonora"
"83754","Centro Norte","Colonia","Altar","Sonora"
"83755","La Otra Banda","Colonia","Altar","Sonora"
"83756","INFONAVIT las Palmas","Colonia","Altar","Sonora"
"83756","Valle del Sol","Colonia","Altar","Sonora"
"83756","Centro Sur","Colonia","Altar","Sonora"
"83757","Magisterial","Colonia","Altar","Sonora"
"83757","INFONAVIT Niños Heroes","Colonia","Altar","Sonora"
"83760","El Plomo","Ejido","Altar","Sonora"
"83767","Bonillas","Ejido","Altar","Sonora"
"83770","Los Molinos","Rancho","Altar","Sonora"
"83770","Arsenio Portillo (Los Molinos)","Ejido","Altar","Sonora"
"83780","El Futuro","Ejido","Altar","Sonora"
"83780","Lorenzo León Félix (San Lorenzo)","Ejido","Altar","Sonora"
"83780","Luis Sotelo Méndez","Ranchería","Altar","Sonora"
"83784","Barcelia","Ejido","Altar","Sonora"
"83786","Campo Anita","Ejido","Altar","Sonora"
"83786","El Chivero (Los Chiveros)","Ejido","Altar","Sonora"
"83786","Santa María","Ranchería","Altar","Sonora"
"83790","16 de Septiembre","Ejido","Altar","Sonora"
"83793","General Francisco Javier Mújica (Manjarrez)","Rancho","Altar","Sonora"
"83794","Llano Blanco [Subestación Eléctrica]","Ranchería","Altar","Sonora"
"83794","Llano Blanco (Rancho Seco)","Ejido","Altar","Sonora"
"83794","Seco","Rancho","Altar","Sonora"
"83795","José Juan Cuellar (Cuauhtémoc)","Ejido","Altar","Sonora"
"83795","María Eugenia (Los Chacuales)","Ranchería","Altar","Sonora"
"83796","El Alamito","Rancho","Altar","Sonora"
"83797","El Labrador","Ranchería","Altar","Sonora"
"83797","La Angostura","Ranchería","Altar","Sonora"
"83800","Tubutama Centro","Colonia","Tubutama","Sonora"
"83801","San Juan","Ejido","Tubutama","Sonora"
"83805","La Reforma","Ejido","Tubutama","Sonora"
"83810","San José (San Enrique)","Ejido","Tubutama","Sonora"
"83817","La Sangre (La Sangre Nueva)","Ejido","Tubutama","Sonora"
"83818","Santa Isabel (La Cuchilla)","Ranchería","Tubutama","Sonora"
"83818","San Manuel (San Manuel Ocuca)","Ejido","Tubutama","Sonora"
"83820","Atil","Pueblo","Atil","Sonora"
"83830","El Sartén","Rancho","Atil","Sonora"
"83830","San Martín","Rancho","Atil","Sonora"
"83830","Santo Niño de Atocha","Rancho","Atil","Sonora"
"83833","Efraín Rodríguez","Rancho","Atil","Sonora"
"83833","El Apache","Rancho","Atil","Sonora"
"83833","La Hacienda","Rancho","Atil","Sonora"
"83833","Las Canoas","Rancho","Atil","Sonora"
"83833","Los Naranjos (El Potrerito)","Rancho","Atil","Sonora"
"83833","Raúl Robles","Rancho","Atil","Sonora"
"83833","Dos Hermanos","Rancho","Atil","Sonora"
"83833","René Celaya","Rancho","Atil","Sonora"
"83833","René Reyna","Rancho","Atil","Sonora"
"83833","Santa Fe (Jesús Paz)","Rancho","Atil","Sonora"
"83834","La Tinaja II","Rancho","Atil","Sonora"
"83834","Los Pilares","Rancho","Atil","Sonora"
"83835","El Maypa","Rancho","Atil","Sonora"
"83835","El Represo de los González","Rancho","Atil","Sonora"
"83837","Angélica Loroña","Rancho","Atil","Sonora"
"83837","Antonio Loroña","Rancho","Atil","Sonora"
"83837","El Gato","Rancho","Atil","Sonora"
"83837","El Porvenir","Rancho","Atil","Sonora"
"83837","Los Nopales","Rancho","Atil","Sonora"
"83837","Potrero del Carmen (El Monte)","Rancho","Atil","Sonora"
"83837","Raúl Piña","Rancho","Atil","Sonora"
"83837","La Potranca","Rancho","Atil","Sonora"
"83837","Reyes Celaya","Rancho","Atil","Sonora"
"83840","Los Presidentes","Colonia","Oquitoa","Sonora"
"83840","Oquitoa Centro","Colonia","Oquitoa","Sonora"
"83860","Sáric","Pueblo","Sáric","Sonora"
"83870","Sásabe","Pueblo","Sáric","Sonora"
"83890","Cerro Prieto","Colonia","Sáric","Sonora"
"83900","Benjamín Hill Centro","Colonia","Benjamín Hill","Sonora"
"83903","San Fernando","Colonia","Benjamín Hill","Sonora"
"83903","INFONAVIT San Fernando","Fraccionamiento","Benjamín Hill","Sonora"
"83906","Jesús Siqueiros","Colonia","Benjamín Hill","Sonora"
"83906","La Garita","Ejido","Benjamín Hill","Sonora"
"83907","Fundo Legal","Colonia","Benjamín Hill","Sonora"
"83907","Ferrocarril","Fraccionamiento","Benjamín Hill","Sonora"
"83910","San Diego","Ejido","Benjamín Hill","Sonora"
"83910","La Garita","Ranchería","Benjamín Hill","Sonora"
"83910","La Mula","Ranchería","Benjamín Hill","Sonora"
"83910","La Noria","Ranchería","Benjamín Hill","Sonora"
"83910","Los Chinos","Ranchería","Benjamín Hill","Sonora"
"83913","Casa Blanca","Ranchería","Benjamín Hill","Sonora"
"83913","El Guanajuato","Ranchería","Benjamín Hill","Sonora"
"83913","El Perú","Ranchería","Benjamín Hill","Sonora"
"83913","El Represo (San Ramón)","Ranchería","Benjamín Hill","Sonora"
"83913","Los Vallecitos","Ranchería","Benjamín Hill","Sonora"
"83913","Santa Eva","Ranchería","Benjamín Hill","Sonora"
"83914","Santa Rosa","Ranchería","Benjamín Hill","Sonora"
"83915","San Francisco del Bajío","Ranchería","Benjamín Hill","Sonora"
"83915","San Juan","Ranchería","Benjamín Hill","Sonora"
"83916","El Chino","Ranchería","Benjamín Hill","Sonora"
"83917","El Molino","Ranchería","Benjamín Hill","Sonora"
"83917","El Pajarito","Ranchería","Benjamín Hill","Sonora"
"83917","El Picacho","Ranchería","Benjamín Hill","Sonora"
"83917","La Providencia","Ranchería","Benjamín Hill","Sonora"
"83917","Los Tres Álamos","Ranchería","Benjamín Hill","Sonora"
"83917","Miguel Hidalgo","Ejido","Benjamín Hill","Sonora"
"83917","El Molino","Rancho","Benjamín Hill","Sonora"
"83917","Ruiz Díaz","Ranchería","Benjamín Hill","Sonora"
"83917","San Isidro","Ranchería","Benjamín Hill","Sonora"
"83917","San Miguelito","Ranchería","Benjamín Hill","Sonora"
"83920","San Miguel","Ejido","Benjamín Hill","Sonora"
"83920","El Bronco","Ranchería","Benjamín Hill","Sonora"
"83920","Los Cuervos","Ranchería","Benjamín Hill","Sonora"
"83923","El Carmen (El Chubasco)","Ranchería","Benjamín Hill","Sonora"
"83923","El Cuero","Ranchería","Benjamín Hill","Sonora"
"83923","Las Ánimas","Ranchería","Benjamín Hill","Sonora"
"83924","El Estero","Ranchería","Benjamín Hill","Sonora"
"83924","El Sahuarito","Ranchería","Benjamín Hill","Sonora"
"83924","El Socorro","Ranchería","Benjamín Hill","Sonora"
"83924","Santa Rita","Ranchería","Benjamín Hill","Sonora"
"83925","El Campito","Ranchería","Benjamín Hill","Sonora"
"83925","La Peña Blanca","Ranchería","Benjamín Hill","Sonora"
"83925","La Peñita","Ranchería","Benjamín Hill","Sonora"
"83925","Polvaredas","Ranchería","Benjamín Hill","Sonora"
"83926","El Carrizo","Rancho","Benjamín Hill","Sonora"
"83926","Vista Grande","Rancho","Benjamín Hill","Sonora"
"83926","San Darío","Ranchería","Benjamín Hill","Sonora"
"83927","El Pozo del Sahuaro","Ranchería","Benjamín Hill","Sonora"
"83927","Hereford","Ranchería","Benjamín Hill","Sonora"
"83927","La Sandía","Ranchería","Benjamín Hill","Sonora"
"83930","Trincheras","Pueblo","Trincheras","Sonora"
"83931","El Ocuca","Ranchería","Trincheras","Sonora"
"83931","Pueblo Nuevo (Pueblo Nuevo Ocuca)","Pueblo","Trincheras","Sonora"
"83935","Los Fresnos","Ranchería","Trincheras","Sonora"
"83937","La Playa","Ranchería","Trincheras","Sonora"
"83960","Pitiquito","Pueblo","Pitiquito","Sonora"
"83960","Barrio Zaragoza","Colonia","Pitiquito","Sonora"
"83960","INFONAVIT San Diego","Colonia","Pitiquito","Sonora"
"83960","Barrio Guadalupe","Colonia","Pitiquito","Sonora"
"83960","Bellavista","Colonia","Pitiquito","Sonora"
"83960","Barrio Luz Molina","Colonia","Pitiquito","Sonora"
"83960","Las Pilas","Colonia","Pitiquito","Sonora"
"83961","La Colonia","Ranchería","Pitiquito","Sonora"
"83961","La Estación (Estación Pitiquito)","Ranchería","Pitiquito","Sonora"
"83964","Santa Matilde","Ejido","Pitiquito","Sonora"
"83964","Los Verdes","Ranchería","Pitiquito","Sonora"
"83966","Campestre Casa Blanca","Ranchería","Pitiquito","Sonora"
"83970","Puerto Libertad","Pueblo","Pitiquito","Sonora"
"83974","Victoria y Libertad","Ranchería","Pitiquito","Sonora"
"83980","Félix Gómez (El Dipo)","Ranchería","Pitiquito","Sonora"
"83981","La Ciénega","Ranchería","Pitiquito","Sonora"
"83983","La Inmaculada","Ranchería","Pitiquito","Sonora"
"83990","Desemboque de los Seris (El Desemboque)","Colonia","Pitiquito","Sonora"
"84000","Heroica Nogales Centro","Colonia","Nogales","Sonora"
"84009","Aeropuerto Regional de Nogales","Aeropuerto","Nogales","Sonora"
"84010","Buenos Aires","Colonia","Nogales","Sonora"
"84014","Embarcadero","Colonia","Nogales","Sonora"
"84015","Serena Residencial","Fraccionamiento","Nogales","Sonora"
"84015","Benito Juárez","Colonia","Nogales","Sonora"
"84017","Lázaro Cárdenas","Colonia","Nogales","Sonora"
"84018","Buenos Aires Este","Colonia","Nogales","Sonora"
"84020","Del Rosario","Colonia","Nogales","Sonora"
"84020","Lomas de Fátima","Colonia","Nogales","Sonora"
"84020","Pima I","Colonia","Nogales","Sonora"
"84024","Pima II","Colonia","Nogales","Sonora"
"84024","FOVISSSTE II","Unidad habitacional","Nogales","Sonora"
"84024","Monte Bello","Fraccionamiento","Nogales","Sonora"
"84024","La Recicladora","Zona comercial","Nogales","Sonora"
"84024","Clarita (La Gringa)","Rancho","Nogales","Sonora"
"84030","Fundo Legal","Colonia","Nogales","Sonora"
"84030","Héroes","Colonia","Nogales","Sonora"
"84030","Municipal","Colonia","Nogales","Sonora"
"84030","Félix B Peñaloza","Colonia","Nogales","Sonora"
"84035","Diana Laura Riojas de Colosio","Colonia","Nogales","Sonora"
"84035","Artículo 27","Colonia","Nogales","Sonora"
"84040","Los Sauces","Colonia","Nogales","Sonora"
"84040","CTS CROC","Colonia","Nogales","Sonora"
"84040","Seguro Social","Colonia","Nogales","Sonora"
"84046","INFONAVIT 5 de Mayo","Unidad habitacional","Nogales","Sonora"
"84046","Del Valle","Colonia","Nogales","Sonora"
"84047","Altamira","Colonia","Nogales","Sonora"
"84048","Obrera","Colonia","Nogales","Sonora"
"84050","Lisboa","Fraccionamiento","Nogales","Sonora"
"84050","Chulavista","Colonia","Nogales","Sonora"
"84050","Paseos de Chula Vista","Fraccionamiento","Nogales","Sonora"
"84055","Moderna","Colonia","Nogales","Sonora"
"84060","Bolívar","Colonia","Nogales","Sonora"
"84060","Esperanza","Colonia","Nogales","Sonora"
"84062","La Riviera","Fraccionamiento","Nogales","Sonora"
"84062","FOVISSSTE","Unidad habitacional","Nogales","Sonora"
"84062","Mediterráneo","Fraccionamiento","Nogales","Sonora"
"84062","Nuevo Milenio","Fraccionamiento","Nogales","Sonora"
"84062","El Manantial","Fraccionamiento","Nogales","Sonora"
"84062","Cumbres del Mediterráneo","Fraccionamiento","Nogales","Sonora"
"84062","Los Ángeles","Fraccionamiento","Nogales","Sonora"
"84063","Portofino Residencial","Fraccionamiento","Nogales","Sonora"
"84063","Del Rastro","Colonia","Nogales","Sonora"
"84063","Jardines del Bosque","Fraccionamiento","Nogales","Sonora"
"84063","Conjunto Jardín","Fraccionamiento","Nogales","Sonora"
"84063","Las Torres","Colonia","Nogales","Sonora"
"84063","Jardines de la Montaña","Colonia","Nogales","Sonora"
"84063","Valle del Márquez","Fraccionamiento","Nogales","Sonora"
"84063","Hermanos Flores Magón","Colonia","Nogales","Sonora"
"84063","Santa Fe","Fraccionamiento","Nogales","Sonora"
"84063","Bosque de Nogales","Fraccionamiento","Nogales","Sonora"
"84063","La Muralla","Fraccionamiento","Nogales","Sonora"
"84063","San Sebastián","Fraccionamiento","Nogales","Sonora"
"84063","San Alberto","Fraccionamiento","Nogales","Sonora"
"84064","Residencial San Miguel","Colonia","Nogales","Sonora"
"84064","Buenavista","Colonia","Nogales","Sonora"
"84064","Los Encinos","Colonia","Nogales","Sonora"
"84064","Villa Bonita","Fraccionamiento","Nogales","Sonora"
"84064","Pozo","Fraccionamiento","Nogales","Sonora"
"84064","El Rodeo","Fraccionamiento","Nogales","Sonora"
"84064","Rancho Contento","Colonia","Nogales","Sonora"
"84064","Rincón Alegre","Colonia","Nogales","Sonora"
"84064","Villa Guadalupe","Fraccionamiento","Nogales","Sonora"
"84064","Las Praderas","Fraccionamiento","Nogales","Sonora"
"84064","Real del Arco","Fraccionamiento","Nogales","Sonora"
"84064","Jardines del Sol","Fraccionamiento","Nogales","Sonora"
"84065","Kennedy","Colonia","Nogales","Sonora"
"84065","Granja","Colonia","Nogales","Sonora"
"84065","Manlio Fabio Beltrones","Colonia","Nogales","Sonora"
"84065","Olivos","Fraccionamiento","Nogales","Sonora"
"84066","Monarca","Fraccionamiento","Nogales","Sonora"
"84066","Kalitea","Colonia","Nogales","Sonora"
"84066","El Greco","Colonia","Nogales","Sonora"
"84066","Luis Donaldo Colosio","Colonia","Nogales","Sonora"
"84066","Zona Industrial","Zona industrial","Nogales","Sonora"
"84067","Jesús Antonio Moreno","Rancho","Nogales","Sonora"
"84067","El Chamula","Rancho","Nogales","Sonora"
"84067","Barcelona Privada Residencial","Fraccionamiento","Nogales","Sonora"
"84067","Pueblitos","Fraccionamiento","Nogales","Sonora"
"84067","Casas Blancas","Ranchería","Nogales","Sonora"
"84067","Jorge Martínez","Ranchería","Nogales","Sonora"
"84067","El Comedero (Francisca Yescas)","Ranchería","Nogales","Sonora"
"84067","El Novillo","Ranchería","Nogales","Sonora"
"84067","La Ladera","Ranchería","Nogales","Sonora"
"84067","El Solovino (Ricardo Encinas)","Ranchería","Nogales","Sonora"
"84067","Godines","Ranchería","Nogales","Sonora"
"84067","Los Alisos","Rancho","Nogales","Sonora"
"84067","Luis Sánchez Miranda","Ranchería","Nogales","Sonora"
"84067","El Alamito","Ranchería","Nogales","Sonora"
"84068","Deportiva","Colonia","Nogales","Sonora"
"84068","El Greco Residencial","Fraccionamiento","Nogales","Sonora"
"84069","Canoas","Colonia","Nogales","Sonora"
"84069","Puesta del Sol","Fraccionamiento","Nogales","Sonora"
"84069","Paseo Privada Residencial","Fraccionamiento","Nogales","Sonora"
"84074","Empalme","Colonia","Nogales","Sonora"
"84074","Oaxaca","Colonia","Nogales","Sonora"
"84074","5 de Mayo","Colonia","Nogales","Sonora"
"84074","El Canelo","Fraccionamiento","Nogales","Sonora"
"84075","Villa Señor","Colonia","Nogales","Sonora"
"84076","Leandro Valle","Colonia","Nogales","Sonora"
"84076","Ignacio Zaragoza","Colonia","Nogales","Sonora"
"84076","Rosarito","Colonia","Nogales","Sonora"
"84076","Veracruz","Colonia","Nogales","Sonora"
"84076","Rosarito II","Colonia","Nogales","Sonora"
"84076","Colinas del Sol","Colonia","Nogales","Sonora"
"84080","Alegranza Residencial","Fraccionamiento","Nogales","Sonora"
"84080","Andaluz","Fraccionamiento","Nogales","Sonora"
"84080","Ferrocarrilera","Colonia","Nogales","Sonora"
"84080","Lomas de Nogales","Colonia","Nogales","Sonora"
"84080","Pueblo Nuevo","Colonia","Nogales","Sonora"
"84080","Kino","Fraccionamiento","Nogales","Sonora"
"84080","Belisario Domínguez","Colonia","Nogales","Sonora"
"84080","Los Corrales","Fraccionamiento","Nogales","Sonora"
"84085","Alamedas Residencial","Fraccionamiento","Nogales","Sonora"
"84085","Los Álamos","Colonia","Nogales","Sonora"
"84086","Misión Residencial","Fraccionamiento","Nogales","Sonora"
"84086","Sabinos Residencial","Fraccionamiento","Nogales","Sonora"
"84086","Bellavista","Colonia","Nogales","Sonora"
"84086","Lomas del Sol","Fraccionamiento","Nogales","Sonora"
"84086","Lomas de Anza","Fraccionamiento","Nogales","Sonora"
"84086","Romanza Residencial","Fraccionamiento","Nogales","Sonora"
"84090","45-A Zona Militar","Zona militar","Nogales","Sonora"
"84090","Parque Industrial San Carlos","Zona industrial","Nogales","Sonora"
"84090","Los Virreyes","Colonia","Nogales","Sonora"
"84090","Solidaridad","Colonia","Nogales","Sonora"
"84090","San Carlos","Fraccionamiento","Nogales","Sonora"
"84090","Santa Lucía","Colonia","Nogales","Sonora"
"84093","Fuente de Plata","Fraccionamiento","Nogales","Sonora"
"84093","Fuente de Piedra","Fraccionamiento","Nogales","Sonora"
"84093","Las Acacias","Fraccionamiento","Nogales","Sonora"
"84093","Las Haciendas","Fraccionamiento","Nogales","Sonora"
"84093","Villa Sonora","Colonia","Nogales","Sonora"
"84093","Colinas del Yaqui","Fraccionamiento","Nogales","Sonora"
"84093","Colinas del Sur","Fraccionamiento","Nogales","Sonora"
"84093","Vistas del Sur","Fraccionamiento","Nogales","Sonora"
"84093","El Conquistador","Fraccionamiento","Nogales","Sonora"
"84093","Vistas del Sur II","Fraccionamiento","Nogales","Sonora"
"84094","Siglo XXI","Colonia","Nogales","Sonora"
"84094","Los Pinos Residencial","Fraccionamiento","Nogales","Sonora"
"84094","Universidad","Colonia","Nogales","Sonora"
"84094","Parque Industrial de Nogales","Zona industrial","Nogales","Sonora"
"84094","California","Fraccionamiento","Nogales","Sonora"
"84094","Nuevo Nogales","Colonia","Nogales","Sonora"
"84094","Las Terrazas","Fraccionamiento","Nogales","Sonora"
"84094","Loma Linda","Fraccionamiento","Nogales","Sonora"
"84094","Las Bellotas","Fraccionamiento","Nogales","Sonora"
"84094","Casa Blanca","Fraccionamiento","Nogales","Sonora"
"84094","Parque Industrial Nuevo Nogales","Zona industrial","Nogales","Sonora"
"84094","Terranova Residencial","Fraccionamiento","Nogales","Sonora"
"84094","Zona Fiscal","Colonia","Nogales","Sonora"
"84094","Cedros Residencial","Fraccionamiento","Nogales","Sonora"
"84100","La Higueria","Rancho","Nogales","Sonora"
"84100","La Arizona (La Hacienda)","Rancho","Nogales","Sonora"
"84100","Agua Caliente","Rancho","Nogales","Sonora"
"84100","Aguajito de la Morita","Rancho","Nogales","Sonora"
"84100","Casas Blancas","Ranchería","Nogales","Sonora"
"84100","Casildo Santa María","Ranchería","Nogales","Sonora"
"84100","Doña Chepa","Ranchería","Nogales","Sonora"
"84100","El Aguajito","Ranchería","Nogales","Sonora"
"84100","El Choclo","Ranchería","Nogales","Sonora"
"84100","El Durazno","Ranchería","Nogales","Sonora"
"84100","El Tapiral","Rancho","Nogales","Sonora"
"84100","El Tascali","Rancho","Nogales","Sonora"
"84100","Elena Rodríguez","Ranchería","Nogales","Sonora"
"84100","Felizardo Amador","Ranchería","Nogales","Sonora"
"84100","Héctor Soto","Rancho","Nogales","Sonora"
"84100","Jiráhui","Ranchería","Nogales","Sonora"
"84100","Jorge Leal","Ranchería","Nogales","Sonora"
"84100","José Ignacio Real","Ranchería","Nogales","Sonora"
"84100","La Angostura","Ranchería","Nogales","Sonora"
"84100","La Arizona (El Correo)","Ranchería","Nogales","Sonora"
"84100","La Cabañita","Ranchería","Nogales","Sonora"
"84100","La Ciénega","Ranchería","Nogales","Sonora"
"84100","La Morita (El Aguajito)","Ranchería","Nogales","Sonora"
"84100","La Pasadita","Ranchería","Nogales","Sonora"
"84100","Las Avispas","Ranchería","Nogales","Sonora"
"84100","Las Borregas (Esmeralda)","Ranchería","Nogales","Sonora"
"84100","Las Borregas de Abajo","Ranchería","Nogales","Sonora"
"84100","Los Castro","Ranchería","Nogales","Sonora"
"84100","Los Cuervos","Ranchería","Nogales","Sonora"
"84100","Los Velázquez","Ranchería","Nogales","Sonora"
"84100","Luis Santa María","Ranchería","Nogales","Sonora"
"84100","Rafael Carrizosa","Ranchería","Nogales","Sonora"
"84100","Rubén Barnet","Ranchería","Nogales","Sonora"
"84100","Rubén Darío Rodríguez","Rancho","Nogales","Sonora"
"84100","Ruben Martínez Fimbres","Ranchería","Nogales","Sonora"
"84100","San Miguelito","Ranchería","Nogales","Sonora"
"84103","El Cuatrero","Rancho","Nogales","Sonora"
"84103","Rerbir","Rancho","Nogales","Sonora"
"84103","La Granja","Rancho","Nogales","Sonora"
"84103","Plutarco Fernández","Rancho","Nogales","Sonora"
"84103","Murrieta","Rancho","Nogales","Sonora"
"84103","Los 3 Cardenales","Rancho","Nogales","Sonora"
"84103","Campestre Mascareñas [Paseo]","Rancho","Nogales","Sonora"
"84103","Mascareña (Casas del Ferrocarril)","Ejido","Nogales","Sonora"
"84103","Bruno (Alcance Victoria)","Ranchería","Nogales","Sonora"
"84103","Buenavista","Rancho","Nogales","Sonora"
"84103","Cadillal","Ranchería","Nogales","Sonora"
"84103","El Alamito","Rancho","Nogales","Sonora"
"84103","El Estribo","Ranchería","Nogales","Sonora"
"84103","El Vado","Ranchería","Nogales","Sonora"
"84103","Familia Erunes","Ranchería","Nogales","Sonora"
"84103","Francisco Miguel Cárdenas Valdez (Mascareñas)","Ejido","Nogales","Sonora"
"84103","La Calera","Ranchería","Nogales","Sonora"
"84103","Las Cabañitas","Ranchería","Nogales","Sonora"
"84103","Las Golondrinas","Ranchería","Nogales","Sonora"
"84103","Las Ladrilleras","Ranchería","Nogales","Sonora"
"84103","Licenciado Adolfo López Mateos","Ejido","Nogales","Sonora"
"84103","Los Pavos","Rancho","Nogales","Sonora"
"84103","Martín Soto","Ranchería","Nogales","Sonora"
"84103","San José","Rancho","Nogales","Sonora"
"84103","San Luis (El Mezquital)","Rancho","Nogales","Sonora"
"84104","Batepic","Ranchería","Nogales","Sonora"
"84104","El Estero","Granja","Nogales","Sonora"
"84104","El Pozo","Ranchería","Nogales","Sonora"
"84104","El Sahuaral","Ranchería","Nogales","Sonora"
"84104","Los Nogales","Rancho","Nogales","Sonora"
"84104","Nuevo","Rancho","Nogales","Sonora"
"84104","Viacrucis","Ranchería","Nogales","Sonora"
"84105","El Bellotal","Rancho","Nogales","Sonora"
"84105","Don Rafael Camacho Díaz","Rancho","Nogales","Sonora"
"84105","Los Pinitos","Fraccionamiento","Nogales","Sonora"
"84105","22 de Noviembre (Timoteo Vargas)","Rancho","Nogales","Sonora"
"84105","Club Norteño de Caza, Tiro y Pesca","Ranchería","Nogales","Sonora"
"84105","El Moreno","Ranchería","Nogales","Sonora"
"84105","El Ruido","Rancho","Nogales","Sonora"
"84105","El Salto","Ranchería","Nogales","Sonora"
"84105","El Tapiro","Ranchería","Nogales","Sonora"
"84105","Estación Cuarentenaria UGRS","Granja","Nogales","Sonora"
"84105","Faustino Félix Escalante","Ranchería","Nogales","Sonora"
"84105","Iris Ivette","Ranchería","Nogales","Sonora"
"84105","Ivan Bincent","Ranchería","Nogales","Sonora"
"84105","Arroyo Verde","Rancho","Nogales","Sonora"
"84105","La Joya","Ranchería","Nogales","Sonora"
"84105","La Mesa de la Cruz","Ranchería","Nogales","Sonora"
"84105","La Soledad","Ranchería","Nogales","Sonora"
"84105","Las Chimeneas","Ranchería","Nogales","Sonora"
"84105","Las Mariposas","Rancho","Nogales","Sonora"
"84105","Los Nogales (Los Jabalíes)","Ranchería","Nogales","Sonora"
"84105","Los Tres García","Ranchería","Nogales","Sonora"
"84105","Los Viejitos","Ranchería","Nogales","Sonora"
"84105","Heredia","Rancho","Nogales","Sonora"
"84105","Nuevo (Eva Rodríguez)","Rancho","Nogales","Sonora"
"84105","Santa Elena","Ranchería","Nogales","Sonora"
"84106","Santa Mónica","Rancho","Nogales","Sonora"
"84106","Chucarit","Rancho","Nogales","Sonora"
"84106","San Javier","Rancho","Nogales","Sonora"
"84106","El Donde","Rancho","Nogales","Sonora"
"84106","El Centenario","Rancho","Nogales","Sonora"
"84106","Centro de Readaptación Social Nuevo","Equipamiento","Nogales","Sonora"
"84106","Cíbuta","Ejido","Nogales","Sonora"
"84106","Cíbuta Numero Dos","Ejido","Nogales","Sonora"
"84106","Cíbuta [Sector Número Uno]","Ejido","Nogales","Sonora"
"84106","El Salto","Rancho","Nogales","Sonora"
"84106","Kilómetro Veintiuno (La Aduana)","Ranchería","Nogales","Sonora"
"84106","Las Encontradas","Ranchería","Nogales","Sonora"
"84107","Bicentenario","Fraccionamiento","Nogales","Sonora"
"84107","La Mesa","Fraccionamiento","Nogales","Sonora"
"84107","San Judas","Rancho","Nogales","Sonora"
"84107","Familia Luzanilla","Rancho","Nogales","Sonora"
"84107","Santa Clara","Rancho","Nogales","Sonora"
"84107","Agua Zarca (Ferrocarril)","Paraje","Nogales","Sonora"
"84107","El Bajío","Ranchería","Nogales","Sonora"
"84107","Las Tres Mercedes","Ranchería","Nogales","Sonora"
"84107","El Archi","Ranchería","Nogales","Sonora"
"84107","El Bellotoso","Rancho","Nogales","Sonora"
"84107","El Bellotoso (Benigno García)","Rancho","Nogales","Sonora"
"84107","El Diamante","Rancho","Nogales","Sonora"
"84107","El Mezquite","Rancho","Nogales","Sonora"
"84107","El Represo","Rancho","Nogales","Sonora"
"84107","El Tescalar (El Embudo)","Ranchería","Nogales","Sonora"
"84107","La Hacienda [Restaurante]","Equipamiento","Nogales","Sonora"
"84107","Los Fresnos","Rancho","Nogales","Sonora"
"84107","Los Peyos","Ranchería","Nogales","Sonora"
"84107","Los Romero","Rancho","Nogales","Sonora"
"84107","Pedro Molera","Ranchería","Nogales","Sonora"
"84107","Monreal","Rancho","Nogales","Sonora"
"84107","El Mezquite","Ranchería","Nogales","Sonora"
"84107","San Antonio","Ranchería","Nogales","Sonora"
"84107","San Francisco","Ranchería","Nogales","Sonora"
"84107","San José","Rancho","Nogales","Sonora"
"84107","San Martín del Troncón (Troncón)","Ranchería","Nogales","Sonora"
"84107","Saucito (Soto)","Rancho","Nogales","Sonora"
"84107","Trinidad Cárdenas","Ranchería","Nogales","Sonora"
"84107","Los Venados","Rancho","Nogales","Sonora"
"84107","Villa Capri","Ranchería","Nogales","Sonora"
"84108","Las Jaretas","Ranchería","Nogales","Sonora"
"84108","Las Juntas","Ranchería","Nogales","Sonora"
"84108","Los Adobes","Rancho","Nogales","Sonora"
"84110","El Pozo","Ranchería","Nogales","Sonora"
"84110","Las Adrianas","Rancho","Nogales","Sonora"
"84110","Las Bellotas","Ranchería","Nogales","Sonora"
"84110","Micky Pesqueira","Ranchería","Nogales","Sonora"
"84110","Pila Redonda","Ranchería","Nogales","Sonora"
"84110","Capulina","Rancho","Nogales","Sonora"
"84113","Agua Blanca","Ranchería","Nogales","Sonora"
"84113","Edna Alicia","Ranchería","Nogales","Sonora"
"84113","El Aguajito","Rancho","Nogales","Sonora"
"84113","El Bellotal","Ranchería","Nogales","Sonora"
"84113","El Pajarito (El Tascalito)","Ranchería","Nogales","Sonora"
"84113","El Porvenir","Ranchería","Nogales","Sonora"
"84113","El Tápiro","Ranchería","Nogales","Sonora"
"84113","Armando Arochi","Ranchería","Nogales","Sonora"
"84113","Hebrón","Ranchería","Nogales","Sonora"
"84113","Bonito","Rancho","Nogales","Sonora"
"84113","Kiki Arochi","Ranchería","Nogales","Sonora"
"84113","La Bellotosa","Rancho","Nogales","Sonora"
"84113","La Destiladera","Rancho","Nogales","Sonora"
"84113","La Escondida","Ranchería","Nogales","Sonora"
"84113","La Rinconada","Granja","Nogales","Sonora"
"84113","Las Cruces","Ranchería","Nogales","Sonora"
"84113","Los Nogales (Chicón)","Ranchería","Nogales","Sonora"
"84113","Vista Bonita [Parque Recreativo]","Equipamiento","Nogales","Sonora"
"84113","San Joaquin","Ranchería","Nogales","Sonora"
"84113","San Joel","Ranchería","Nogales","Sonora"
"84113","Santo Niño","Rancho","Nogales","Sonora"
"84113","Santa Clara (Los Cajoncitos)","Ranchería","Nogales","Sonora"
"84113","Santo Niño","Ranchería","Nogales","Sonora"
"84114","El Guacomea","Ranchería","Nogales","Sonora"
"84115","El Quemado (Las Trancas)","Ranchería","Nogales","Sonora"
"84115","Botellas","Rancho","Nogales","Sonora"
"84115","San Rafael","Rancho","Nogales","Sonora"
"84115","Santa Fe","Ranchería","Nogales","Sonora"
"84116","Cíbuta","Colonia","Nogales","Sonora"
"84116","Borbón","Ranchería","Nogales","Sonora"
"84116","Campestre el Potrero","Fraccionamiento","Nogales","Sonora"
"84116","El Arroz","Ranchería","Nogales","Sonora"
"84116","El Alamito","Rancho","Nogales","Sonora"
"84116","El Delirio (Kilómetro Treinta y Siete)","Granja","Nogales","Sonora"
"84116","El Bonito [El Lepe]","Rancho","Nogales","Sonora"
"84116","El Sauco","Ranchería","Nogales","Sonora"
"84116","El Suizo","Granja","Nogales","Sonora"
"84116","La Alameda","Ranchería","Nogales","Sonora"
"84116","La Arboleda","Rancho","Nogales","Sonora"
"84116","La Bellota","Granja","Nogales","Sonora"
"84116","La Bombita","Ranchería","Nogales","Sonora"
"84116","La Chiripa","Ranchería","Nogales","Sonora"
"84116","La Cieneguita","Ranchería","Nogales","Sonora"
"84116","La Esperanza (La Ladrillera)","Rancho","Nogales","Sonora"
"84116","La Huerta","Rancho","Nogales","Sonora"
"84116","La Imagen","Ranchería","Nogales","Sonora"
"84116","La Palma","Rancho","Nogales","Sonora"
"84116","La Santa Cruz [Fraccionamiento]","Ranchería","Nogales","Sonora"
"84116","Las Avestruces","Ranchería","Nogales","Sonora"
"84116","Las Parrillas","Rancho","Nogales","Sonora"
"84116","Los Taraíces (Taraíces)","Rancho","Nogales","Sonora"
"84116","Muñoz","Ranchería","Nogales","Sonora"
"84116","Pista Tres Potrillos","Rancho","Nogales","Sonora"
"84116","Predio el Saucito (Familia Dicochea)","Rancho","Nogales","Sonora"
"84116","Quinta Chapalita","Rancho","Nogales","Sonora"
"84116","Arochi","Rancho","Nogales","Sonora"
"84116","Barajas","Rancho","Nogales","Sonora"
"84116","Kilómetro 31 (Cinco de Mayo)","Rancho","Nogales","Sonora"
"84116","Santa Rita","Rancho","Nogales","Sonora"
"84116","San Antonio","Ranchería","Nogales","Sonora"
"84116","San Antonio Padúa","Ranchería","Nogales","Sonora"
"84116","San Cristobal (Bacerril)","Rancho","Nogales","Sonora"
"84116","San Cristóbal (Román)","Ranchería","Nogales","Sonora"
"84116","San Luis","Rancho","Nogales","Sonora"
"84116","San Ramón","Ranchería","Nogales","Sonora"
"84117","El Profe","Rancho","Nogales","Sonora"
"84117","El Pino","Ranchería","Nogales","Sonora"
"84117","El Pozo","Ranchería","Nogales","Sonora"
"84117","El Saucito","Ranchería","Nogales","Sonora"
"84117","Enrique Miranda","Ranchería","Nogales","Sonora"
"84117","Francisco Miguel Cárdenas Valdez (Los Picos)","Ejido","Nogales","Sonora"
"84117","Guadalupe (Jiménez)","Granja","Nogales","Sonora"
"84117","Isaac Flores Vega","Rancho","Nogales","Sonora"
"84117","La Escondida","Ranchería","Nogales","Sonora"
"84117","Los Corrales","Ranchería","Nogales","Sonora"
"84117","El Tecolote","Ranchería","Nogales","Sonora"
"84117","Santa Bárbara","Hacienda","Nogales","Sonora"
"84117","Santa Elena","Rancho","Nogales","Sonora"
"84118","Casa de Piedra","Ranchería","Nogales","Sonora"
"84118","El Pinito","Ranchería","Nogales","Sonora"
"84120","Imuris Centro","Colonia","Imuris","Sonora"
"84120","La Quinta Artemisa","Rancho","Imuris","Sonora"
"84123","Plutarco Elias","Colonia","Imuris","Sonora"
"84123","Leandro Valle","Colonia","Imuris","Sonora"
"84123","Pueblo Nuevo","Colonia","Imuris","Sonora"
"84124","Santa Lucía","Fraccionamiento","Imuris","Sonora"
"84124","Solidaridad","Colonia","Imuris","Sonora"
"84124","El Sahuaral","Colonia","Imuris","Sonora"
"84124","El Vivero","Colonia","Imuris","Sonora"
"84124","El Alamito","Ranchería","Imuris","Sonora"
"84125","El Rastro","Colonia","Imuris","Sonora"
"84125","El Estadio","Colonia","Imuris","Sonora"
"84125","Revolución","Colonia","Imuris","Sonora"
"84125","La Victoria","Colonia","Imuris","Sonora"
"84125","Aviación","Colonia","Imuris","Sonora"
"84126","La Estación","Colonia","Imuris","Sonora"
"84126","Buenaventura (Puente Largo)","Ranchería","Imuris","Sonora"
"84126","Casa Blanca (Puente Largo)","Ranchería","Imuris","Sonora"
"84126","El Bachatal","Ranchería","Imuris","Sonora"
"84126","El Calambre","Ranchería","Imuris","Sonora"
"84126","El Cúmaro","Ranchería","Imuris","Sonora"
"84126","El Fresnal","Ranchería","Imuris","Sonora"
"84126","El Jiragui","Ranchería","Imuris","Sonora"
"84126","El Orégano","Ranchería","Imuris","Sonora"
"84126","El Rocío","Ranchería","Imuris","Sonora"
"84126","El Saucito","Ranchería","Imuris","Sonora"
"84126","El Tápiro","Ranchería","Imuris","Sonora"
"84126","El Tompiate","Ranchería","Imuris","Sonora"
"84126","El Vallecito","Ranchería","Imuris","Sonora"
"84126","La Herradura","Ranchería","Imuris","Sonora"
"84126","La Palma","Ranchería","Imuris","Sonora"
"84126","La Paz","Ranchería","Imuris","Sonora"
"84126","La Sauceda","Ranchería","Imuris","Sonora"
"84126","Las Flores","Ranchería","Imuris","Sonora"
"84126","Los Angelitos (El Pozo)","Ranchería","Imuris","Sonora"
"84126","Los Vallecitos","Ranchería","Imuris","Sonora"
"84126","Santa Rosalía","Ranchería","Imuris","Sonora"
"84127","Estación Cumeral","Paraje","Imuris","Sonora"
"84127","Real del Catorce (Hacienda Nogales)","Fraccionamiento","Imuris","Sonora"
"84127","El Campito (La Nopalera)","Ranchería","Imuris","Sonora"
"84127","El Quelital (Providencia)","Ranchería","Imuris","Sonora"
"84127","El Rincón (Los Alisos)","Ranchería","Imuris","Sonora"
"84127","Ganfer (Invernadero)","Zona industrial","Imuris","Sonora"
"84127","La Atascosa","Ranchería","Imuris","Sonora"
"84127","La Cienega","Ranchería","Imuris","Sonora"
"84127","Las Playitas","Ranchería","Imuris","Sonora"
"84127","Los Apaches","Ranchería","Imuris","Sonora"
"84127","Mesa de Romero","Ranchería","Imuris","Sonora"
"84128","El Pozo","Ranchería","Imuris","Sonora"
"84130","La Casita","Hacienda","Imuris","Sonora"
"84130","Agua Caliente (Elías)","Ranchería","Imuris","Sonora"
"84130","Agua Caliente (Óscar Pesqueira)","Rancho","Imuris","Sonora"
"84130","El Potrero (Ganadera Lomas)","Ranchería","Imuris","Sonora"
"84133","Aribabi","Ranchería","Imuris","Sonora"
"84133","Aribabi Viejo","Ranchería","Imuris","Sonora"
"84133","Cañada Ancha","Ranchería","Imuris","Sonora"
"84133","Cocospera","Ranchería","Imuris","Sonora"
"84133","El Jacalito","Ranchería","Imuris","Sonora"
"84133","El Portón","Ranchería","Imuris","Sonora"
"84133","El Vadito","Ranchería","Imuris","Sonora"
"84133","La Bellota","Ranchería","Imuris","Sonora"
"84133","La Candelaria","Rancho","Imuris","Sonora"
"84133","La Cieneguita","Ranchería","Imuris","Sonora"
"84133","La Concordia","Ranchería","Imuris","Sonora"
"84133","La Candelaria","Ranchería","Imuris","Sonora"
"84134","Sahuaro","Colonia","Imuris","Sonora"
"84134","Las Viguitas","Colonia","Imuris","Sonora"
"84134","Los Janos","Colonia","Imuris","Sonora"
"84134","Agua Escondida","Ranchería","Imuris","Sonora"
"84134","Casa Cristiana Más Que Vencedores","Ejido","Imuris","Sonora"
"84134","Cerro Blanco","Ejido","Imuris","Sonora"
"84134","El Quelital","Ranchería","Imuris","Sonora"
"84134","El Quince (Kilómetro Sesenta)","Ranchería","Imuris","Sonora"
"84134","Invernadero Cris-P (Casas Verdes)","Zona industrial","Imuris","Sonora"
"84134","Invernadero Santa Fe","Finca","Imuris","Sonora"
"84134","La Bandera Norte (Los Alisos)","Ranchería","Imuris","Sonora"
"84134","La Chicolita","Ranchería","Imuris","Sonora"
"84134","Los Alisos (Bellavista)","Ranchería","Imuris","Sonora"
"84134","Mesa de la Yegua","Ranchería","Imuris","Sonora"
"84134","Teófilo López (Kilómetro Sesenta)","Rancho","Imuris","Sonora"
"84134","San Luis (Cerro Blanco)","Ranchería","Imuris","Sonora"
"84135","Babasac","Rancho","Imuris","Sonora"
"84135","Dos Bellotas","Ranchería","Imuris","Sonora"
"84135","El Álamo","Ejido","Imuris","Sonora"
"84135","El Carmen","Ranchería","Imuris","Sonora"
"84135","El Coyote (La Quirugueña)","Ranchería","Imuris","Sonora"
"84135","El Oso","Ranchería","Imuris","Sonora"
"84135","El Salto","Ranchería","Imuris","Sonora"
"84135","La Canoíta","Ranchería","Imuris","Sonora"
"84135","La Cantina","Ranchería","Imuris","Sonora"
"84135","La Casa de Piedra","Ranchería","Imuris","Sonora"
"84135","La Cieneguita","Ranchería","Imuris","Sonora"
"84135","La Galera","Ranchería","Imuris","Sonora"
"84135","La Laguna","Ranchería","Imuris","Sonora"
"84135","Las Cruces","Ranchería","Imuris","Sonora"
"84135","Las Palmas","Ranchería","Imuris","Sonora"
"84135","Puerta del Cajón","Ranchería","Imuris","Sonora"
"84136","Campo Carretero","Colonia","Imuris","Sonora"
"84136","El Crucero","Colonia","Imuris","Sonora"
"84136","La Mesa","Colonia","Imuris","Sonora"
"84136","Terrenate","Colonia","Imuris","Sonora"
"84136","Cañada del Diablo","Colonia","Imuris","Sonora"
"84136","Agua Caliente","Ranchería","Imuris","Sonora"
"84136","El Alballar","Ranchería","Imuris","Sonora"
"84136","El Llano","Ejido","Imuris","Sonora"
"84136","El Nogal","Ranchería","Imuris","Sonora"
"84136","El Pantano (Calle los Alisos)","Ejido","Imuris","Sonora"
"84136","El Ranchito","Ejido","Imuris","Sonora"
"84136","Pearson","Ranchería","Imuris","Sonora"
"84136","Yerbabuena","Ranchería","Imuris","Sonora"
"84137","El Alamillo","Ranchería","Imuris","Sonora"
"84137","Aguaje el Toro","Ranchería","Imuris","Sonora"
"84137","El Molino","Ranchería","Imuris","Sonora"
"84137","Hierba Buena","Ranchería","Imuris","Sonora"
"84137","La Víbora","Ranchería","Imuris","Sonora"
"84137","Los Picachos","Ranchería","Imuris","Sonora"
"84137","Los Pocitos","Ranchería","Imuris","Sonora"
"84137","Ojo de Agua","Ranchería","Imuris","Sonora"
"84140","Santa Cruz","Pueblo","Santa Cruz","Sonora"
"84147","El Llano","Rancho","Santa Cruz","Sonora"
"84147","Miguel Hidalgo (San Lázaro)","Ejido","Santa Cruz","Sonora"
"84150","Milpillas","Pueblo","Santa Cruz","Sonora"
"84160","La Misión Residencial","Fraccionamiento","Magdalena","Sonora"
"84160","El Aterrizaje","Colonia","Magdalena","Sonora"
"84160","El Estadio","Colonia","Magdalena","Sonora"
"84160","Magdalena de Kino","Colonia","Magdalena","Sonora"
"84160","Magdalena de Kino Centro","Colonia","Magdalena","Sonora"
"84160","Ferrocarril","Colonia","Magdalena","Sonora"
"84160","Lomas de Kino","Colonia","Magdalena","Sonora"
"84160","Fátima","Colonia","Magdalena","Sonora"
"84160","La Madera","Colonia","Magdalena","Sonora"
"84160","La Antena","Colonia","Magdalena","Sonora"
"84160","La Victoria","Colonia","Magdalena","Sonora"
"84160","La Choya","Colonia","Magdalena","Sonora"
"84160","El Mirasol","Colonia","Magdalena","Sonora"
"84160","El Polvorín","Colonia","Magdalena","Sonora"
"84160","García Barragán","Colonia","Magdalena","Sonora"
"84160","San Felipe","Colonia","Magdalena","Sonora"
"84160","El Mirador","Colonia","Magdalena","Sonora"
"84160","Los Rosales","Colonia","Magdalena","Sonora"
"84160","San Martin","Colonia","Magdalena","Sonora"
"84160","INFONAVIT Kino","Fraccionamiento","Magdalena","Sonora"
"84160","Zona Industrial","Zona industrial","Magdalena","Sonora"
"84160","Del Río","Fraccionamiento","Magdalena","Sonora"
"84160","La Industria","Colonia","Magdalena","Sonora"
"84160","Los Álamos","Fraccionamiento","Magdalena","Sonora"
"84160","ISSSTESON","Fraccionamiento","Magdalena","Sonora"
"84160","Villa Trento","Fraccionamiento","Magdalena","Sonora"
"84160","San Javier","Fraccionamiento","Magdalena","Sonora"
"84160","Amanecer de Kino","Fraccionamiento","Magdalena","Sonora"
"84160","Burócrata","Fraccionamiento","Magdalena","Sonora"
"84160","El Palenque","Colonia","Magdalena","Sonora"
"84160","Vista Verde","Fraccionamiento","Magdalena","Sonora"
"84160","Las Misiones","Fraccionamiento","Magdalena","Sonora"
"84160","El Rastro","Colonia","Magdalena","Sonora"
"84160","Barrio la Choya de San Ignacio","Rancho","Magdalena","Sonora"
"84160","El Centenario","Ranchería","Magdalena","Sonora"
"84160","El Cinco","Ranchería","Magdalena","Sonora"
"84160","El Cuatro","Ranchería","Magdalena","Sonora"
"84160","Nueva Magdalena","Colonia","Magdalena","Sonora"
"84160","La Milpa de los Coronados","Ranchería","Magdalena","Sonora"
"84164","El Mezquite","Colonia","Magdalena","Sonora"
"84164","El Cerro","Barrio","Magdalena","Sonora"
"84164","La Galera","Ranchería","Magdalena","Sonora"
"84165","San Isidro","Colonia","Magdalena","Sonora"
"84167","El Sasabe","Colonia","Magdalena","Sonora"
"84170","El Tasícuri","Colonia","Magdalena","Sonora"
"84170","San Ignacio","Pueblo","Magdalena","Sonora"
"84170","Buenavista","Ranchería","Magdalena","Sonora"
"84170","Las Peñitas","Ranchería","Magdalena","Sonora"
"84170","Cañada del Corral (Los Anillos)","Ranchería","Magdalena","Sonora"
"84170","El Alambre","Ranchería","Magdalena","Sonora"
"84170","El Echadero","Ranchería","Magdalena","Sonora"
"84170","El Manchón de Casas","Ranchería","Magdalena","Sonora"
"84170","El Pecado","Ranchería","Magdalena","Sonora"
"84170","El Ranchito","Ranchería","Magdalena","Sonora"
"84170","El Ranchito","Ejido","Magdalena","Sonora"
"84170","Corrales el Mezquite","Ranchería","Magdalena","Sonora"
"84170","San Francisco","Hacienda","Magdalena","Sonora"
"84170","La Mesa de Bedolla","Ranchería","Magdalena","Sonora"
"84170","La Coteña","Ranchería","Magdalena","Sonora"
"84170","La Montieleña","Ranchería","Magdalena","Sonora"
"84170","La Natalia","Ranchería","Magdalena","Sonora"
"84170","La Tésota","Ranchería","Magdalena","Sonora"
"84170","La Yaqui","Ranchería","Magdalena","Sonora"
"84170","El Vallecito","Ranchería","Magdalena","Sonora"
"84170","San Gabriel","Ranchería","Magdalena","Sonora"
"84170","De Tomás","Rancho","Magdalena","Sonora"
"84170","San Isidro","Ranchería","Magdalena","Sonora"
"84170","San Judas","Ranchería","Magdalena","Sonora"
"84170","Tierra de los Leones","Ranchería","Magdalena","Sonora"
"84170","Valle Verde","Ranchería","Magdalena","Sonora"
"84171","El Alamito","Ranchería","Magdalena","Sonora"
"84171","La Esperanza","Ranchería","Magdalena","Sonora"
"84171","La Jojoba","Ranchería","Magdalena","Sonora"
"84171","La Nopalera","Ranchería","Magdalena","Sonora"
"84171","Las Cuevitas","Ranchería","Magdalena","Sonora"
"84173","El Cúmaro","Ranchería","Magdalena","Sonora"
"84173","El Chinal","Ranchería","Magdalena","Sonora"
"84173","El Pocito","Ranchería","Magdalena","Sonora"
"84173","La Bandera","Ranchería","Magdalena","Sonora"
"84173","La Presita","Ranchería","Magdalena","Sonora"
"84173","La Tinaja Colorada","Ranchería","Magdalena","Sonora"
"84173","La Tinaja Prieta","Ranchería","Magdalena","Sonora"
"84173","Las Orquídeas","Ranchería","Magdalena","Sonora"
"84173","Los Peñasquitos","Ranchería","Magdalena","Sonora"
"84173","Los Pimientos","Ranchería","Magdalena","Sonora"
"84173","Los Pozos Viejos","Ranchería","Magdalena","Sonora"
"84173","Los Pozos Viejos","Ejido","Magdalena","Sonora"
"84173","San Enrique","Ranchería","Magdalena","Sonora"
"84173","San Luis","Ranchería","Magdalena","Sonora"
"84173","San Manuel","Ranchería","Magdalena","Sonora"
"84174","El Álamo","Ranchería","Magdalena","Sonora"
"84174","El Cajoncito","Ranchería","Magdalena","Sonora"
"84174","El Nopal","Ranchería","Magdalena","Sonora"
"84174","El Ojo de Agua","Ranchería","Magdalena","Sonora"
"84174","El Potrero","Ranchería","Magdalena","Sonora"
"84174","El Vado","Ranchería","Magdalena","Sonora"
"84174","El Yeso","Ranchería","Magdalena","Sonora"
"84174","La Bellota","Ranchería","Magdalena","Sonora"
"84174","Las Caborqueñas","Ranchería","Magdalena","Sonora"
"84174","Los Taraises","Ranchería","Magdalena","Sonora"
"84174","De Fernando Esquer","Rancho","Magdalena","Sonora"
"84174","Santa Amalia","Ranchería","Magdalena","Sonora"
"84175","La Misión","Ranchería","Magdalena","Sonora"
"84175","San Lorenzo","Ranchería","Magdalena","Sonora"
"84175","Agua Blanca","Ranchería","Magdalena","Sonora"
"84175","Barrio de los Robles","Ranchería","Magdalena","Sonora"
"84175","Los Rosales","Colonia","Magdalena","Sonora"
"84175","Campo Peñasco Dorado","Ranchería","Magdalena","Sonora"
"84175","Cervantes Aguirre Sony","Ranchería","Magdalena","Sonora"
"84175","Chupadero","Ranchería","Magdalena","Sonora"
"84175","Los Nogales","Ranchería","Magdalena","Sonora"
"84175","San Isidro","Rancho","Magdalena","Sonora"
"84175","Corrales el Santo Niño","Ranchería","Magdalena","Sonora"
"84175","Santo Niño","Ranchería","Magdalena","Sonora"
"84175","El Aguajito","Ranchería","Magdalena","Sonora"
"84175","El Alto","Ranchería","Magdalena","Sonora"
"84175","El Cajoncito","Ranchería","Magdalena","Sonora"
"84175","El Cajoncito","Ejido","Magdalena","Sonora"
"84175","San Marcial","Ranchería","Magdalena","Sonora"
"84175","El Chasco","Ranchería","Magdalena","Sonora"
"84175","El Cuadro","Ranchería","Magdalena","Sonora"
"84175","El Nogal","Ranchería","Magdalena","Sonora"
"84175","El Ombligo","Ranchería","Magdalena","Sonora"
"84175","Juanita Guerrero","Ranchería","Magdalena","Sonora"
"84175","El Peñasco","Ranchería","Magdalena","Sonora"
"84175","El Peñasco Colorado","Ranchería","Magdalena","Sonora"
"84175","El Portón","Ranchería","Magdalena","Sonora"
"84175","El Recodo","Rancho","Magdalena","Sonora"
"84175","El Recodo","Ejido","Magdalena","Sonora"
"84175","El Rincón","Ranchería","Magdalena","Sonora"
"84175","El Saucito","Ranchería","Magdalena","Sonora"
"84175","El Sauz","Ranchería","Magdalena","Sonora"
"84175","El Tapiro","Ranchería","Magdalena","Sonora"
"84175","La Pasadita","Ranchería","Magdalena","Sonora"
"84175","El Tascalito","Ranchería","Magdalena","Sonora"
"84175","El Tejanito","Ranchería","Magdalena","Sonora"
"84175","El Tigre","Ranchería","Magdalena","Sonora"
"84175","González","Ranchería","Magdalena","Sonora"
"84175","El Recodo [Avícola]","Ranchería","Magdalena","Sonora"
"84175","Santa Regina","Ranchería","Magdalena","Sonora"
"84175","Huerta de los Gavino","Ranchería","Magdalena","Sonora"
"84175","José Durazo Moreno","Ranchería","Magdalena","Sonora"
"84175","La Angostura","Ranchería","Magdalena","Sonora"
"84175","La Angostura","Ejido","Magdalena","Sonora"
"84175","La Cuesta","Ranchería","Magdalena","Sonora"
"84175","La Curva","Ranchería","Magdalena","Sonora"
"84175","La Lomita (Buena Vista)","Ranchería","Magdalena","Sonora"
"84175","Magaña Ortiz","Ranchería","Magdalena","Sonora"
"84175","Daniel Peralta","Ranchería","Magdalena","Sonora"
"84175","La Mirandeña","Ranchería","Magdalena","Sonora"
"84175","Héctor G López","Rancho","Magdalena","Sonora"
"84175","Arnulfo Javalera García","Ranchería","Magdalena","Sonora"
"84175","Ignacio Contreras","Ranchería","Magdalena","Sonora"
"84175","La Tinaja Bonita","Ranchería","Magdalena","Sonora"
"84175","La Biznaga","Ranchería","Magdalena","Sonora"
"84175","Las Aguilillas","Ranchería","Magdalena","Sonora"
"84175","Las Mesteñas","Ranchería","Magdalena","Sonora"
"84175","Las Mochas","Ranchería","Magdalena","Sonora"
"84175","Las Parrillas","Ranchería","Magdalena","Sonora"
"84175","Lizárraga","Ranchería","Magdalena","Sonora"
"84175","Familia Romo","Ranchería","Magdalena","Sonora"
"84175","Los Caporales","Ranchería","Magdalena","Sonora"
"84175","Los Carrillos","Ranchería","Magdalena","Sonora"
"84175","Los Morenos","Ranchería","Magdalena","Sonora"
"84175","Los Olivos","Ranchería","Magdalena","Sonora"
"84175","Casa Blanca","Ranchería","Magdalena","Sonora"
"84175","Valenzuela [Partes Usadas]","Ranchería","Magdalena","Sonora"
"84175","Peñasco San Lorenzo","Ranchería","Magdalena","Sonora"
"84175","Pozo Nuevo","Ranchería","Magdalena","Sonora"
"84175","Los Bravo","Ranchería","Magdalena","Sonora"
"84175","Raúl Osorio","Ranchería","Magdalena","Sonora"
"84175","Potrero de Dávila","Ranchería","Magdalena","Sonora"
"84175","Enrique Ruiz","Ranchería","Magdalena","Sonora"
"84175","Martín Vicente Martínez Pino","Ranchería","Magdalena","Sonora"
"84175","Fernando Aguirre","Rancho","Magdalena","Sonora"
"84175","Irigoyen","Rancho","Magdalena","Sonora"
"84175","Salsipuedes","Ranchería","Magdalena","Sonora"
"84175","Javier Islava","Ranchería","Magdalena","Sonora"
"84175","Recodo","Ranchería","Magdalena","Sonora"
"84175","Óscar Contreras","Ranchería","Magdalena","Sonora"
"84175","San Isidro","Ranchería","Magdalena","Sonora"
"84175","San Lorenzo la Angostura","Ranchería","Magdalena","Sonora"
"84175","La Amapoleña","Ranchería","Magdalena","Sonora"
"84175","Santa Elia","Ranchería","Magdalena","Sonora"
"84175","Santa Fe","Ranchería","Magdalena","Sonora"
"84175","Teodoro Ramírez P","Rancho","Magdalena","Sonora"
"84175","Tres Hermanos","Ranchería","Magdalena","Sonora"
"84176","La Cebolla","Rancho","Magdalena","Sonora"
"84176","El Carrizo","Ranchería","Magdalena","Sonora"
"84176","Arturo Mendoza","Ranchería","Magdalena","Sonora"
"84176","Austreberto León","Ranchería","Magdalena","Sonora"
"84176","Bella Esperanza","Ranchería","Magdalena","Sonora"
"84176","Bellavista","Ranchería","Magdalena","Sonora"
"84176","Buena Vista","Ranchería","Magdalena","Sonora"
"84176","Buenaventura (El Duende)","Ranchería","Magdalena","Sonora"
"84176","Charco Hondo","Ejido","Magdalena","Sonora"
"84176","El Abandonado","Ranchería","Magdalena","Sonora"
"84176","El Calichi","Ranchería","Magdalena","Sonora"
"84176","El Cúmaro","Ranchería","Magdalena","Sonora"
"84176","El Chinito","Ranchería","Magdalena","Sonora"
"84176","El Chino","Ranchería","Magdalena","Sonora"
"84176","El Chupadero","Ranchería","Magdalena","Sonora"
"84176","El Durazno","Ranchería","Magdalena","Sonora"
"84176","El Infierno","Ranchería","Magdalena","Sonora"
"84176","El Maguey","Ranchería","Magdalena","Sonora"
"84176","El Pino","Ranchería","Magdalena","Sonora"
"84176","El Pozo Nuevo","Ranchería","Magdalena","Sonora"
"84176","El Ranchito","Ranchería","Magdalena","Sonora"
"84176","El Represo","Ranchería","Magdalena","Sonora"
"84176","El Sacrificio","Ranchería","Magdalena","Sonora"
"84176","El Sahuarito","Ranchería","Magdalena","Sonora"
"84176","El Sahuaro","Ranchería","Magdalena","Sonora"
"84176","El Sauce","Ranchería","Magdalena","Sonora"
"84176","El Toji","Ranchería","Magdalena","Sonora"
"84176","El Topahui","Ranchería","Magdalena","Sonora"
"84176","El Volantín","Ranchería","Magdalena","Sonora"
"84176","Esperanza Valle","Ranchería","Magdalena","Sonora"
"84176","Francisco Campillo","Ranchería","Magdalena","Sonora"
"84176","Fredeberto León","Ranchería","Magdalena","Sonora"
"84176","Gutiérrez (La Cebolla)","Ranchería","Magdalena","Sonora"
"84176","Iván Javier León","Ranchería","Magdalena","Sonora"
"84176","Jesús Nacamura","Ranchería","Magdalena","Sonora"
"84176","José María Valle Méndez","Ranchería","Magdalena","Sonora"
"84176","José Ortega","Ranchería","Magdalena","Sonora"
"84176","Juan Pedro Monteverde","Ranchería","Magdalena","Sonora"
"84176","La Biznaga","Ranchería","Magdalena","Sonora"
"84176","La Cebolla Vieja","Ranchería","Magdalena","Sonora"
"84176","La Escondida","Ranchería","Magdalena","Sonora"
"84176","La Escondida","Rancho","Magdalena","Sonora"
"84176","La Escondida","Ejido","Magdalena","Sonora"
"84176","La Gallinera","Ranchería","Magdalena","Sonora"
"84176","La Garita","Ranchería","Magdalena","Sonora"
"84176","La Granadita","Ranchería","Magdalena","Sonora"
"84176","La Jojobita (La Jojoba)","Ranchería","Magdalena","Sonora"
"84176","La Laguna","Ranchería","Magdalena","Sonora"
"84176","La Lomita","Ranchería","Magdalena","Sonora"
"84176","La Taza","Ranchería","Magdalena","Sonora"
"84176","La Tésota (El Fresno)","Ranchería","Magdalena","Sonora"
"84176","Las Grullas","Ranchería","Magdalena","Sonora"
"84176","Las Playas","Ranchería","Magdalena","Sonora"
"84176","Loma Linda","Ranchería","Magdalena","Sonora"
"84176","Los Chinos","Ejido","Magdalena","Sonora"
"84176","Los Olivos","Ranchería","Magdalena","Sonora"
"84176","Los Olmos","Ranchería","Magdalena","Sonora"
"84176","Los Pinos","Ranchería","Magdalena","Sonora"
"84176","Los Pinos","Ejido","Magdalena","Sonora"
"84176","Murrieta","Ranchería","Magdalena","Sonora"
"84176","Nanenachi","Ranchería","Magdalena","Sonora"
"84176","Rafael Ortega","Ranchería","Magdalena","Sonora"
"84176","Franco","Rancho","Magdalena","Sonora"
"84176","El Tecolote","Ranchería","Magdalena","Sonora"
"84176","Guadalupe","Rancho","Magdalena","Sonora"
"84176","Viejo","Rancho","Magdalena","Sonora"
"84176","San Agustín","Ranchería","Magdalena","Sonora"
"84176","San Francisco","Ranchería","Magdalena","Sonora"
"84176","San Francisco II","Ranchería","Magdalena","Sonora"
"84176","San Lázaro","Ranchería","Magdalena","Sonora"
"84176","San Martín","Ranchería","Magdalena","Sonora"
"84176","San Martín","Ejido","Magdalena","Sonora"
"84176","Santa Clara","Ranchería","Magdalena","Sonora"
"84176","Santa Elena","Ranchería","Magdalena","Sonora"
"84176","Tito León","Ranchería","Magdalena","Sonora"
"84177","El Chupadero","Ranchería","Magdalena","Sonora"
"84177","El Encino","Ranchería","Magdalena","Sonora"
"84177","El Jotaiqui","Ranchería","Magdalena","Sonora"
"84177","La Compuerta","Ranchería","Magdalena","Sonora"
"84177","Las Rastras","Ranchería","Magdalena","Sonora"
"84177","López (Arredondo)","Rancho","Magdalena","Sonora"
"84178","El Aguajito","Ranchería","Magdalena","Sonora"
"84178","El Carricito","Ranchería","Magdalena","Sonora"
"84178","El Carrizo (Sotomayor)","Ranchería","Magdalena","Sonora"
"84178","El Mezquite","Ranchería","Magdalena","Sonora"
"84178","El Rincón","Ranchería","Magdalena","Sonora"
"84178","La Agüita","Ranchería","Magdalena","Sonora"
"84178","La Cieneguita","Ranchería","Magdalena","Sonora"
"84178","La Cuesta","Ranchería","Magdalena","Sonora"
"84178","La Joya","Ranchería","Magdalena","Sonora"
"84178","Los Chirriones","Ranchería","Magdalena","Sonora"
"84178","Los Nogales","Ranchería","Magdalena","Sonora"
"84178","Los Nogales (Los Nogales Viejos)","Ranchería","Magdalena","Sonora"
"84178","Santa Margarita","Ranchería","Magdalena","Sonora"
"84180","Naco Centro","Colonia","Naco","Sonora"
"84183","San José","Colonia","Naco","Sonora"
"84184","La Esperanza","Colonia","Naco","Sonora"
"84184","INFONAVIT del Sol","Colonia","Naco","Sonora"
"84184","Barrio Nuevo","Colonia","Naco","Sonora"
"84185","Cerro de la Cruz","Colonia","Naco","Sonora"
"84185","Industrial","Colonia","Naco","Sonora"
"84185","Luis Donaldo Colosio","Colonia","Naco","Sonora"
"84185","Los Encinos","Colonia","Naco","Sonora"
"84186","Pancho García","Colonia","Naco","Sonora"
"84186","Santa Cruz","Colonia","Naco","Sonora"
"84186","Minera","Colonia","Naco","Sonora"
"84187","Alberto Ledezma","Ejido","Naco","Sonora"
"84187","José Ángel Romero","Ejido","Naco","Sonora"
"84187","Ejidal","Colonia","Naco","Sonora"
"84190","José Ángel Rascón","Ejido","Naco","Sonora"
"84193","Juan Ramírez","Ejido","Naco","Sonora"
"84194","La Milpona (Martín Villa)","Ranchería","Naco","Sonora"
"84194","San Pedro","Ranchería","Naco","Sonora"
"84194","Cuauhtémoc","Ejido","Naco","Sonora"
"84195","José Arrizón","Ejido","Naco","Sonora"
"84195","Parcela Bórquez","Ejido","Naco","Sonora"
"84195","Pancho Bombas","Ejido","Naco","Sonora"
"84195","Parcela Delgado","Ejido","Naco","Sonora"
"84195","Parcela Escolar","Ejido","Naco","Sonora"
"84195","RH (Parcela Robles)","Rancho","Naco","Sonora"
"84196","Corral de Enmedio","Ejido","Naco","Sonora"
"84196","Los Toros","Ejido","Naco","Sonora"
"84196","Nogalar","Ejido","Naco","Sonora"
"84197","El Marly","Ejido","Naco","Sonora"
"84197","La Huerta","Ejido","Naco","Sonora"
"84197","La Morita","Rancho","Naco","Sonora"
"84200","Agua Prieta Centro","Colonia","Agua Prieta","Sonora"
"84210","Ferrocarril","Colonia","Agua Prieta","Sonora"
"84210","Sector Industrial","Colonia","Agua Prieta","Sonora"
"84212","Albergue Divina Providencia","Equipamiento","Agua Prieta","Sonora"
"84213","La Paloma","Fraccionamiento","Agua Prieta","Sonora"
"84213","Los Valles","Fraccionamiento","Agua Prieta","Sonora"
"84213","Palapas Haciendas","Fraccionamiento","Agua Prieta","Sonora"
"84213","Villas de Toscana","Fraccionamiento","Agua Prieta","Sonora"
"84213","Herrería Diamante","Fraccionamiento","Agua Prieta","Sonora"
"84213","Coronado","Fraccionamiento","Agua Prieta","Sonora"
"84213","Paseos del Parque","Fraccionamiento","Agua Prieta","Sonora"
"84213","Carlos de la Madrid","Rancho","Agua Prieta","Sonora"
"84213","Fundación Brazos de Amor","Equipamiento","Agua Prieta","Sonora"
"84213","GM","Rancho","Agua Prieta","Sonora"
"84213","Las Isabeles","Rancho","Agua Prieta","Sonora"
"84213","Petra de Ozorni","Rancho","Agua Prieta","Sonora"
"84213","Tres en Uno (Las Palapas)","Equipamiento","Agua Prieta","Sonora"
"84213","Vicente Licea Márquez","Rancho","Agua Prieta","Sonora"
"84214","Puesta del Sol","Fraccionamiento","Agua Prieta","Sonora"
"84214","Sacramento Residencial","Fraccionamiento","Agua Prieta","Sonora"
"84214","Santa Fe","Fraccionamiento","Agua Prieta","Sonora"
"84214","Buenavista","Fraccionamiento","Agua Prieta","Sonora"
"84214","El Campanario","Fraccionamiento","Agua Prieta","Sonora"
"84214","Ligas Madrid","Fraccionamiento","Agua Prieta","Sonora"
"84214","Parque Industrial del Río","Zona industrial","Agua Prieta","Sonora"
"84214","Manuel Valdez Valdez","Rancho","Agua Prieta","Sonora"
"84214","Unión Ganadera","Granja","Agua Prieta","Sonora"
"84215","Centro de Readaptación Social (CERESO)","Equipamiento","Agua Prieta","Sonora"
"84215","Martín Rivera Ojeda","Rancho","Agua Prieta","Sonora"
"84220","Militar","Colonia","Agua Prieta","Sonora"
"84230","Villa de Andalucía","Fraccionamiento","Agua Prieta","Sonora"
"84230","Obrera","Colonia","Agua Prieta","Sonora"
"84230","Deportiva","Colonia","Agua Prieta","Sonora"
"84230","INFONAVIT El Alamito","Colonia","Agua Prieta","Sonora"
"84230","Lomas del Sol","Colonia","Agua Prieta","Sonora"
"84230","Valle Bonito","Fraccionamiento","Agua Prieta","Sonora"
"84230","Cueva de los Leones","Colonia","Agua Prieta","Sonora"
"84230","Cerrada San Ángel","Fraccionamiento","Agua Prieta","Sonora"
"84230","Las Praderas","Colonia","Agua Prieta","Sonora"
"84230","Loma Linda","Fraccionamiento","Agua Prieta","Sonora"
"84230","FOVISSSTE","Fraccionamiento","Agua Prieta","Sonora"
"84240","Jesús García","Colonia","Agua Prieta","Sonora"
"84250","Nueva","Colonia","Agua Prieta","Sonora"
"84259","Ejidal","Colonia","Agua Prieta","Sonora"
"84259","Ladrillera","Colonia","Agua Prieta","Sonora"
"84259","Tres Caminos","Colonia","Agua Prieta","Sonora"
"84259","Ladrillera II","Colonia","Agua Prieta","Sonora"
"84259","Solidaridad","Colonia","Agua Prieta","Sonora"
"84260","Vallarta","Colonia","Agua Prieta","Sonora"
"84260","Esperanza","Colonia","Agua Prieta","Sonora"
"84267","Vildosola","Colonia","Agua Prieta","Sonora"
"84267","Instituto Tecnológico de Agua Prieta","Equipamiento","Agua Prieta","Sonora"
"84267","Armando López Nogales","Colonia","Agua Prieta","Sonora"
"84269","Bicentenario","Colonia","Agua Prieta","Sonora"
"84269","Jardines de Bachicuy","Fraccionamiento","Agua Prieta","Sonora"
"84269","Linda Vista","Fraccionamiento","Agua Prieta","Sonora"
"84269","INFONAVIT Industrial","Colonia","Agua Prieta","Sonora"
"84269","Pueblo Nuevo","Colonia","Agua Prieta","Sonora"
"84269","Magisterial","Colonia","Agua Prieta","Sonora"
"84269","Beltrones","Colonia","Agua Prieta","Sonora"
"84269","Ejidal II","Colonia","Agua Prieta","Sonora"
"84269","Buenos Aires","Colonia","Agua Prieta","Sonora"
"84269","Vecinos Unidos","Fraccionamiento","Agua Prieta","Sonora"
"84269","Las Colinas","Colonia","Agua Prieta","Sonora"
"84269","Aribabi","Fraccionamiento","Agua Prieta","Sonora"
"84269","Industrial","Zona industrial","Agua Prieta","Sonora"
"84270","Manuel J Clouthier","Colonia","Agua Prieta","Sonora"
"84270","Acapulco","Colonia","Agua Prieta","Sonora"
"84270","Luis Donaldo Colosio","Colonia","Agua Prieta","Sonora"
"84270","Salsipuedes","Colonia","Agua Prieta","Sonora"
"84270","Burócrata","Colonia","Agua Prieta","Sonora"
"84270","Los Cipreses","Colonia","Agua Prieta","Sonora"
"84270","San Ángel","Colonia","Agua Prieta","Sonora"
"84279","Alto Valle","Fraccionamiento","Agua Prieta","Sonora"
"84279","Campestres","Colonia","Agua Prieta","Sonora"
"84279","Nuevo Progreso","Colonia","Agua Prieta","Sonora"
"84279","Valles Duarte","Fraccionamiento","Agua Prieta","Sonora"
"84279","Bachicuy","Colonia","Agua Prieta","Sonora"
"84279","Club de Tiro El Bajío","Equipamiento","Agua Prieta","Sonora"
"84279","Loreto Sanez Quiroz","Rancho","Agua Prieta","Sonora"
"84279","Familia Mejía","Rancho","Agua Prieta","Sonora"
"84300","Morelos","Colonia","Agua Prieta","Sonora"
"84300","El Fresno","Colonia","Agua Prieta","Sonora"
"84300","El Mezquitalito","Ejido","Agua Prieta","Sonora"
"84300","El Rincón","Ejido","Agua Prieta","Sonora"
"84300","La Cabellera","Ranchería","Agua Prieta","Sonora"
"84300","La Cabellera","Ejido","Agua Prieta","Sonora"
"84300","La Esperanza","Ejido","Agua Prieta","Sonora"
"84300","La Pitahaya","Ejido","Agua Prieta","Sonora"
"84300","La Tinaja","Ranchería","Agua Prieta","Sonora"
"84300","Los Aguajes","Ejido","Agua Prieta","Sonora"
"84300","Los Azogues","Ejido","Agua Prieta","Sonora"
"84300","Los Pinos","Ejido","Agua Prieta","Sonora"
"84300","Molino Quemado","Ejido","Agua Prieta","Sonora"
"84300","Nuevo","Rancho","Agua Prieta","Sonora"
"84300","Salsipuedes","Ejido","Agua Prieta","Sonora"
"84303","Planta de Cal de Agua Prieta","Zona industrial","Agua Prieta","Sonora"
"84303","Abel Acosta Anaya","Ejido","Agua Prieta","Sonora"
"84303","Raymundo Gastelum","Ejido","Agua Prieta","Sonora"
"84303","Alberto Gracía Grijalva","Ejido","Agua Prieta","Sonora"
"84303","Alfonso García Romo","Ejido","Agua Prieta","Sonora"
"84303","La Lechuza","Ejido","Agua Prieta","Sonora"
"84303","Armando Gámez","Ejido","Agua Prieta","Sonora"
"84303","Benito Domínguez Ballesteros","Ejido","Agua Prieta","Sonora"
"84303","Benito Gámez Núñez","Rancho","Agua Prieta","Sonora"
"84303","El Cachanilla","Ejido","Agua Prieta","Sonora"
"84303","Sergio Quijada","Ejido","Agua Prieta","Sonora"
"84303","Doctor Vázquez","Ejido","Agua Prieta","Sonora"
"84303","David Muñoz Orona","Ejido","Agua Prieta","Sonora"
"84303","El Azufre","Ejido","Agua Prieta","Sonora"
"84303","El Cúmaro","Ejido","Agua Prieta","Sonora"
"84303","El Fresnal","Ejido","Agua Prieta","Sonora"
"84303","El Oso","Ejido","Agua Prieta","Sonora"
"84303","El Trece","Ejido","Agua Prieta","Sonora"
"84303","Ernesto Gracia Tena","Ejido","Agua Prieta","Sonora"
"84303","Fernando Ramírez","Ejido","Agua Prieta","Sonora"
"84303","Francisco Ramírez","Ejido","Agua Prieta","Sonora"
"84303","Guillermo Carrillo González","Ejido","Agua Prieta","Sonora"
"84303","Herlinda Celaya Ibarra","Ejido","Agua Prieta","Sonora"
"84303","Jaime Acedo","Ejido","Agua Prieta","Sonora"
"84303","Jesús Moreno","Ejido","Agua Prieta","Sonora"
"84303","Jesús Terán Morales","Ejido","Agua Prieta","Sonora"
"84303","Joaquín Zamudio Ramírez","Ejido","Agua Prieta","Sonora"
"84303","Jorge Leyva Iribe","Ejido","Agua Prieta","Sonora"
"84303","Jorge Nicolás Barra","Ejido","Agua Prieta","Sonora"
"84303","José Manuel Flores Moreno","Ejido","Agua Prieta","Sonora"
"84303","José Ramón Grijalva Jiménez (Kilómetro Cinco)","Ejido","Agua Prieta","Sonora"
"84303","Juan Félix Mejía","Ejido","Agua Prieta","Sonora"
"84303","Alfredo Lachica","Ejido","Agua Prieta","Sonora"
"84303","Julia León Molina","Ranchería","Agua Prieta","Sonora"
"84303","La Herradura","Ejido","Agua Prieta","Sonora"
"84303","La Ladrillera","Ejido","Agua Prieta","Sonora"
"84303","La Manga","Ejido","Agua Prieta","Sonora"
"84303","El Fresnal","Rancho","Agua Prieta","Sonora"
"84303","Licenciado Anselmo Murillo","Ejido","Agua Prieta","Sonora"
"84303","Los Cúmaros","Ejido","Agua Prieta","Sonora"
"84303","Los Fresnales","Ejido","Agua Prieta","Sonora"
"84303","Los Janitos","Ejido","Agua Prieta","Sonora"
"84303","Ganadera Flores Moreno","Ejido","Agua Prieta","Sonora"
"84303","Manuel Ortega Morales","Ejido","Agua Prieta","Sonora"
"84303","Mario Ruiz Madrid","Ejido","Agua Prieta","Sonora"
"84303","Miguel Ángel Bermudes","Ejido","Agua Prieta","Sonora"
"84303","Nicolás González","Ejido","Agua Prieta","Sonora"
"84303","Los Amigos","Ejido","Agua Prieta","Sonora"
"84303","Raúl Ortega Morales","Ejido","Agua Prieta","Sonora"
"84303","Ramón Sosa","Ejido","Agua Prieta","Sonora"
"84303","Ramón Tapia","Ejido","Agua Prieta","Sonora"
"84303","Bacaparra","Rancho","Agua Prieta","Sonora"
"84303","Katib","Rancho","Agua Prieta","Sonora"
"84303","El Fresnal","Ranchería","Agua Prieta","Sonora"
"84303","Nuevo el Cachetón","Rancho","Agua Prieta","Sonora"
"84303","El Greco","Ejido","Agua Prieta","Sonora"
"84303","Cinco Estrellas","Rancho","Agua Prieta","Sonora"
"84303","Represo","Ejido","Agua Prieta","Sonora"
"84303","Ricardo Cornídez","Ejido","Agua Prieta","Sonora"
"84303","Ricardo Dórame Madrid (Kilómetro Trece)","Ejido","Agua Prieta","Sonora"
"84304","Mina el Llantas","Zona industrial","Agua Prieta","Sonora"
"84304","Campo Verde","Ejido","Agua Prieta","Sonora"
"84304","Corralón Federal","Ejido","Agua Prieta","Sonora"
"84304","El Alamito","Ejido","Agua Prieta","Sonora"
"84304","El Álamo","Ejido","Agua Prieta","Sonora"
"84304","El Camionero [Restaurante]","Ejido","Agua Prieta","Sonora"
"84304","El Nogalito","Ejido","Agua Prieta","Sonora"
"84304","El Sauce","Ejido","Agua Prieta","Sonora"
"84304","Jorge Félix","Ejido","Agua Prieta","Sonora"
"84304","Francisco Adarga Yáñez","Ejido","Agua Prieta","Sonora"
"84304","Ignacio Anguiano","Ejido","Agua Prieta","Sonora"
"84304","La Gloria","Ejido","Agua Prieta","Sonora"
"84304","La Piedra","Ejido","Agua Prieta","Sonora"
"84304","Catalina","Ejido","Agua Prieta","Sonora"
"84304","La Puerta Negra","Ejido","Agua Prieta","Sonora"
"84304","La Rancheta del Alamito","Ejido","Agua Prieta","Sonora"
"84304","La Victoria","Ejido","Agua Prieta","Sonora"
"84304","Juan Carlos Ochoa Valenzuela","Ejido","Agua Prieta","Sonora"
"84304","Las Cenizas","Ejido","Agua Prieta","Sonora"
"84304","Las Eloísas (El Papalote)","Ejido","Agua Prieta","Sonora"
"84304","Laser Night Club","Ejido","Agua Prieta","Sonora"
"84304","Los Alamitos","Ejido","Agua Prieta","Sonora"
"84304","Los Altos","Ejido","Agua Prieta","Sonora"
"84304","Marcelo Rascón","Ejido","Agua Prieta","Sonora"
"84304","El Mirador","Ejido","Agua Prieta","Sonora"
"84304","Familia Zamarrón","Ejido","Agua Prieta","Sonora"
"84304","La Piedra Bola","Ejido","Agua Prieta","Sonora"
"84304","Plaza Ortiz","Ejido","Agua Prieta","Sonora"
"84304","Familia López Ríos","Ejido","Agua Prieta","Sonora"
"84304","Roberto Salcido Cano","Ejido","Agua Prieta","Sonora"
"84304","San Antonio","Ejido","Agua Prieta","Sonora"
"84304","San Francisco","Ejido","Agua Prieta","Sonora"
"84304","Dávila [Taller]","Ejido","Agua Prieta","Sonora"
"84304","Yunque Antonio Hernández","Ejido","Agua Prieta","Sonora"
"84305","Cabullona","Ejido","Agua Prieta","Sonora"
"84305","Avitia","Ejido","Agua Prieta","Sonora"
"84305","El Papalote","Ejido","Agua Prieta","Sonora"
"84305","El Porvenir","Ejido","Agua Prieta","Sonora"
"84305","El Porvenir (Munguía)","Ejido","Agua Prieta","Sonora"
"84305","El Santo Niño","Ejido","Agua Prieta","Sonora"
"84305","El Veinticinco","Ejido","Agua Prieta","Sonora"
"84305","Las Peñas","Ejido","Agua Prieta","Sonora"
"84306","Los Chinos","Ranchería","Agua Prieta","Sonora"
"84306","El Rusbayo","Ejido","Agua Prieta","Sonora"
"84306","El Alisal","Rancho","Agua Prieta","Sonora"
"84306","La Ciénega","Ejido","Agua Prieta","Sonora"
"84306","La Junta de los Ríos","Ejido","Agua Prieta","Sonora"
"84306","La Malia","Rancho","Agua Prieta","Sonora"
"84306","La Sota","Ejido","Agua Prieta","Sonora"
"84306","Las Águilas","Ejido","Agua Prieta","Sonora"
"84306","Las Agujas","Ejido","Agua Prieta","Sonora"
"84306","Los Chinos","Ejido","Agua Prieta","Sonora"
"84306","Seco","Rancho","Agua Prieta","Sonora"
"84306","San Antonio","Ejido","Agua Prieta","Sonora"
"84306","San Francisco","Ejido","Agua Prieta","Sonora"
"84306","San Isidro (El Bacatete)","Ejido","Agua Prieta","Sonora"
"84307","Agua Blanca","Ejido","Agua Prieta","Sonora"
"84307","El Ojito","Rancho","Agua Prieta","Sonora"
"84307","El Alamito","Ejido","Agua Prieta","Sonora"
"84307","El Mojón","Ejido","Agua Prieta","Sonora"
"84307","El Pozo","Ejido","Agua Prieta","Sonora"
"84307","El Pozo (San Juan)","Ejido","Agua Prieta","Sonora"
"84307","La Tinaja","Rancho","Agua Prieta","Sonora"
"84307","Los Almireces","Ejido","Agua Prieta","Sonora"
"84310","18 de Agosto (Corral de Palos)","Ejido","Agua Prieta","Sonora"
"84310","Seca","Ejido","Agua Prieta","Sonora"
"84310","Cuchuverachi","Ejido","Agua Prieta","Sonora"
"84310","El Gis (El Fist)","Ejido","Agua Prieta","Sonora"
"84310","Las Anitas","Ejido","Agua Prieta","Sonora"
"84310","Mesa de la Víbora","Ejido","Agua Prieta","Sonora"
"84310","Ramón Oquita Montenegro (La Cieneguita)","Ejido","Agua Prieta","Sonora"
"84310","Gallardo","Rancho","Agua Prieta","Sonora"
"84310","San Bernardino","Ejido","Agua Prieta","Sonora"
"84313","Adán Zorilla","Ejido","Agua Prieta","Sonora"
"84313","Atilano Barrón","Ejido","Agua Prieta","Sonora"
"84313","El Diablo","Ejido","Agua Prieta","Sonora"
"84313","El Nogalito","Rancho","Agua Prieta","Sonora"
"84313","El Potrero Seco","Ejido","Agua Prieta","Sonora"
"84313","Los Ojos Calientes","Rancho","Agua Prieta","Sonora"
"84313","Puerta Blanca","Ejido","Agua Prieta","Sonora"
"84314","El Pinito","Ejido","Agua Prieta","Sonora"
"84314","El Valle","Ejido","Agua Prieta","Sonora"
"84314","Estación Cuarentenaria","Ejido","Agua Prieta","Sonora"
"84314","Las Barras","Ejido","Agua Prieta","Sonora"
"84314","Puerto San Luis (Restaurante)","Ejido","Agua Prieta","Sonora"
"84314","Nuevo","Rancho","Agua Prieta","Sonora"
"84315","El Capadero","Ejido","Agua Prieta","Sonora"
"84315","El Hucaral","Ejido","Agua Prieta","Sonora"
"84315","El Papalote Mocho","Rancho","Agua Prieta","Sonora"
"84315","El Tapila","Ejido","Agua Prieta","Sonora"
"84315","Enrique Amador Camacho","Ejido","Agua Prieta","Sonora"
"84315","Enrique Amador Camacho (El Cajón Bonito)","Rancho","Agua Prieta","Sonora"
"84315","La Sota","Ejido","Agua Prieta","Sonora"
"84315","La Vinata","Rancho","Agua Prieta","Sonora"
"84315","La Virgen","Rancho","Agua Prieta","Sonora"
"84315","Los Chirriones","Rancho","Agua Prieta","Sonora"
"84315","Los Embudos","Ejido","Agua Prieta","Sonora"
"84315","Los Embudos","Ranchería","Agua Prieta","Sonora"
"84315","Los Embudos","Rancho","Agua Prieta","Sonora"
"84315","Santa Cecilia","Ejido","Agua Prieta","Sonora"
"84316","El Alisal","Rancho","Agua Prieta","Sonora"
"84316","El Sale","Ejido","Agua Prieta","Sonora"
"84316","La Pistola","Rancho","Agua Prieta","Sonora"
"84316","Los Álamos","Rancho","Agua Prieta","Sonora"
"84316","Los Jabalíes","Rancho","Agua Prieta","Sonora"
"84316","Pitaycachi","Ejido","Agua Prieta","Sonora"
"84317","Bella Vista","Ejido","Agua Prieta","Sonora"
"84317","El Apache","Ejido","Agua Prieta","Sonora"
"84317","De las Borregas","Rancho","Agua Prieta","Sonora"
"84317","Grande","Rancho","Agua Prieta","Sonora"
"84318","El Represito","Rancho","Agua Prieta","Sonora"
"84318","Pan Duro","Rancho","Agua Prieta","Sonora"
"84320","Balcón","Colonia","Fronteras","Sonora"
"84320","Ferrocarril","Colonia","Fronteras","Sonora"
"84320","Molino","Colonia","Fronteras","Sonora"
"84320","Yaqui","Colonia","Fronteras","Sonora"
"84320","El Edén","Ranchería","Fronteras","Sonora"
"84320","El Ojo de Agua","Ranchería","Fronteras","Sonora"
"84320","La Junta","Ejido","Fronteras","Sonora"
"84320","Las Juntas (La Bajadita)","Ranchería","Fronteras","Sonora"
"84320","Ojo de Agua","Ranchería","Fronteras","Sonora"
"84320","Puente Grande (El Puente)","Ranchería","Fronteras","Sonora"
"84320","Ladrillera","Colonia","Fronteras","Sonora"
"84320","Los Girasoles","Colonia","Fronteras","Sonora"
"84320","Fronteras Centro","Colonia","Fronteras","Sonora"
"84320","Ejidal","Colonia","Fronteras","Sonora"
"84324","Baltazar","Ranchería","Fronteras","Sonora"
"84324","Cañada de las Sandías (Las Delicias)","Ranchería","Fronteras","Sonora"
"84324","El Cajoncito","Ranchería","Fronteras","Sonora"
"84324","El Malacate","Ranchería","Fronteras","Sonora"
"84324","El Mezquite","Ranchería","Fronteras","Sonora"
"84324","Juribana","Ranchería","Fronteras","Sonora"
"84324","La Mesa","Ranchería","Fronteras","Sonora"
"84324","La Morena","Ranchería","Fronteras","Sonora"
"84324","La Tinaja","Ejido","Fronteras","Sonora"
"84324","Las Borregas","Ranchería","Fronteras","Sonora"
"84324","Las Higueras","Ranchería","Fronteras","Sonora"
"84324","Los Berrendos","Ranchería","Fronteras","Sonora"
"84324","Tomás Romero (Agua de los Caballos)","Ranchería","Fronteras","Sonora"
"84325","Buenavista","Ranchería","Fronteras","Sonora"
"84325","Carretillas","Ranchería","Fronteras","Sonora"
"84325","Cerro Blanco","Ranchería","Fronteras","Sonora"
"84325","Cerro Colorado","Ranchería","Fronteras","Sonora"
"84325","Chupadero","Ranchería","Fronteras","Sonora"
"84325","Corodehuachi","Ranchería","Fronteras","Sonora"
"84325","Cuatro Hermanos","Ranchería","Fronteras","Sonora"
"84325","Cuchuta","Ranchería","Fronteras","Sonora"
"84325","Miguel Sánchez Adame","Ejido","Fronteras","Sonora"
"84325","El Bejucal","Ranchería","Fronteras","Sonora"
"84325","El Borbollón (El Represo)","Ranchería","Fronteras","Sonora"
"84325","El Chapulín","Ranchería","Fronteras","Sonora"
"84325","El Gallo","Ranchería","Fronteras","Sonora"
"84325","El Nogal","Ranchería","Fronteras","Sonora"
"84325","El Pinito","Ranchería","Fronteras","Sonora"
"84325","El Pino","Ranchería","Fronteras","Sonora"
"84325","El Tanque","Ranchería","Fronteras","Sonora"
"84325","La Isla","Ranchería","Fronteras","Sonora"
"84325","La Paloma","Ranchería","Fronteras","Sonora"
"84325","La Perinola","Ranchería","Fronteras","Sonora"
"84325","La Reforma","Ranchería","Fronteras","Sonora"
"84325","Las Pompitas","Ranchería","Fronteras","Sonora"
"84325","Los Baños","Ranchería","Fronteras","Sonora"
"84325","Los Chupaderos","Ranchería","Fronteras","Sonora"
"84325","Los Gavilanes","Ranchería","Fronteras","Sonora"
"84325","Mababi","Ranchería","Fronteras","Sonora"
"84325","Nuevo","Rancho","Fronteras","Sonora"
"84325","San Isidro","Ranchería","Fronteras","Sonora"
"84325","San Miguelito","Ranchería","Fronteras","Sonora"
"84325","La Paloma Campestres","Fraccionamiento","Fronteras","Sonora"
"84325","Cuquiarachi","Ranchería","Fronteras","Sonora"
"84326","Agua Don Pablo","Ranchería","Fronteras","Sonora"
"84326","Buenavista","Ranchería","Fronteras","Sonora"
"84326","Cerro Prieto Dos","Ranchería","Fronteras","Sonora"
"84326","Cerro Prieto Uno","Ranchería","Fronteras","Sonora"
"84326","El Bámori","Ranchería","Fronteras","Sonora"
"84326","El Búfalo","Ranchería","Fronteras","Sonora"
"84326","El Caracol","Ranchería","Fronteras","Sonora"
"84326","El Peñasco","Ranchería","Fronteras","Sonora"
"84326","El Pirito","Ranchería","Fronteras","Sonora"
"84326","El Saucito","Ranchería","Fronteras","Sonora"
"84326","El Toro","Ranchería","Fronteras","Sonora"
"84326","La Boca","Ranchería","Fronteras","Sonora"
"84326","La Ciénega","Ranchería","Fronteras","Sonora"
"84326","La Isla","Ranchería","Fronteras","Sonora"
"84326","La Zapa","Ranchería","Fronteras","Sonora"
"84326","Las Polleras","Ranchería","Fronteras","Sonora"
"84326","Loma Suelta","Ranchería","Fronteras","Sonora"
"84326","Los Álamos","Ranchería","Fronteras","Sonora"
"84326","Los Alisos","Ranchería","Fronteras","Sonora"
"84326","Los Atolillos","Ranchería","Fronteras","Sonora"
"84326","Los Atolillos II","Ranchería","Fronteras","Sonora"
"84326","Magallanes","Ranchería","Fronteras","Sonora"
"84326","Algarrobos","Rancho","Fronteras","Sonora"
"84326","Los Gatos","Rancho","Fronteras","Sonora"
"84326","San Antonio","Ranchería","Fronteras","Sonora"
"84326","San Antonio Dos","Ranchería","Fronteras","Sonora"
"84326","San Joaquín","Ranchería","Fronteras","Sonora"
"84326","San Rafael","Ranchería","Fronteras","Sonora"
"84326","Santa Rosa","Ranchería","Fronteras","Sonora"
"84326","Kilómetro Cuarenta y Siete","Ejido","Fronteras","Sonora"
"84327","Adolfo Ruíz Cortínez","Ranchería","Fronteras","Sonora"
"84327","Ajos del Norte","Ranchería","Fronteras","Sonora"
"84327","Badehuachi","Ranchería","Fronteras","Sonora"
"84327","El Destierro","Ranchería","Fronteras","Sonora"
"84327","El Encino (Milpa los García)","Ranchería","Fronteras","Sonora"
"84327","El Gavilán","Ranchería","Fronteras","Sonora"
"84327","El Güereguito","Ranchería","Fronteras","Sonora"
"84327","El Indito","Ranchería","Fronteras","Sonora"
"84327","El Nacimiento","Ranchería","Fronteras","Sonora"
"84327","El Vadito","Ranchería","Fronteras","Sonora"
"84327","La Amnistía","Ranchería","Fronteras","Sonora"
"84327","La Cueva de Elías","Ranchería","Fronteras","Sonora"
"84327","La Joya","Ranchería","Fronteras","Sonora"
"84327","La Junta","Ranchería","Fronteras","Sonora"
"84327","La Mesa Bonita de Lares","Ranchería","Fronteras","Sonora"
"84327","La Puerta","Ranchería","Fronteras","Sonora"
"84327","La Puerta","Ejido","Fronteras","Sonora"
"84327","Las Angelitas","Ranchería","Fronteras","Sonora"
"84327","Las Anitas","Ranchería","Fronteras","Sonora"
"84327","Las Glorias","Ranchería","Fronteras","Sonora"
"84327","Las Lías","Ranchería","Fronteras","Sonora"
"84327","Los Alisos","Ranchería","Fronteras","Sonora"
"84327","Los Fresnos","Ranchería","Fronteras","Sonora"
"84327","Puente de Fierro","Ranchería","Fronteras","Sonora"
"84327","San Benardino (La Roqueña)","Ranchería","Fronteras","Sonora"
"84328","Abraham Hernández","Ranchería","Fronteras","Sonora"
"84328","Alisos de Batana (Los Alisos)","Ranchería","Fronteras","Sonora"
"84328","Batana (Rancho Nuevo)","Ranchería","Fronteras","Sonora"
"84328","El Álamo","Ranchería","Fronteras","Sonora"
"84328","El Bajadero","Ranchería","Fronteras","Sonora"
"84328","El Capulín","Ranchería","Fronteras","Sonora"
"84328","El Chalet (Las Sandías)","Ranchería","Fronteras","Sonora"
"84328","El Jarazo","Ranchería","Fronteras","Sonora"
"84328","El Paredón Colorado","Ranchería","Fronteras","Sonora"
"84328","El Potrerón","Ranchería","Fronteras","Sonora"
"84328","El Pozo","Ranchería","Fronteras","Sonora"
"84328","El Ranchito","Ranchería","Fronteras","Sonora"
"84328","El Rinconcito","Ranchería","Fronteras","Sonora"
"84328","El Soldado","Ranchería","Fronteras","Sonora"
"84328","El Taraisal","Ranchería","Fronteras","Sonora"
"84328","El Vigía","Ranchería","Fronteras","Sonora"
"84328","La Bellota","Ranchería","Fronteras","Sonora"
"84328","La Bloquera","Ranchería","Fronteras","Sonora"
"84328","La Ciénega","Ranchería","Fronteras","Sonora"
"84328","La Escondida","Ranchería","Fronteras","Sonora"
"84328","La Higuerita","Ranchería","Fronteras","Sonora"
"84328","La Milpa de Copetillo","Ranchería","Fronteras","Sonora"
"84328","La Pera","Ranchería","Fronteras","Sonora"
"84328","La Puerta","Ranchería","Fronteras","Sonora"
"84328","Las Sandías","Ranchería","Fronteras","Sonora"
"84328","Los Alisos","Ranchería","Fronteras","Sonora"
"84328","Los Olmos","Ranchería","Fronteras","Sonora"
"84328","Martín Hernández","Ranchería","Fronteras","Sonora"
"84328","Mesa de la Valdeza","Ranchería","Fronteras","Sonora"
"84328","Milpa Dolores Amaya","Ranchería","Fronteras","Sonora"
"84328","Milpa los Lara","Ranchería","Fronteras","Sonora"
"84328","Minera Pavo Real","Ranchería","Fronteras","Sonora"
"84328","Vado","Ranchería","Fronteras","Sonora"
"84328","Turicachi","Ejido","Fronteras","Sonora"
"84330","Esqueda Centro","Colonia","Fronteras","Sonora"
"84333","Ejidal","Colonia","Fronteras","Sonora"
"84333","INFONAVIT","Colonia","Fronteras","Sonora"
"84333","Gilberto Luna","Colonia","Fronteras","Sonora"
"84333","Laguna","Colonia","Fronteras","Sonora"
"84333","Los Álamos","Colonia","Fronteras","Sonora"
"84334","Minera","Colonia","Fronteras","Sonora"
"84334","El Álamo","Ranchería","Fronteras","Sonora"
"84334","Aterrizaje","Colonia","Fronteras","Sonora"
"84334","La Madrid","Colonia","Fronteras","Sonora"
"84334","Ladrilleras","Colonia","Fronteras","Sonora"
"84334","Lomas Altas","Colonia","Fronteras","Sonora"
"84334","Mesa Bonita","Colonia","Fronteras","Sonora"
"84334","Santa Fe","Colonia","Fronteras","Sonora"
"84334","Sud Pacífico","Colonia","Fronteras","Sonora"
"84335","Del Río","Colonia","Fronteras","Sonora"
"84335","Valle","Colonia","Fronteras","Sonora"
"84336","El Gallo","Colonia","Fronteras","Sonora"
"84336","El Bajío","Colonia","Fronteras","Sonora"
"84340","Las Torres","Colonia","Nacozari de García","Sonora"
"84340","Alamito Bajo","Colonia","Nacozari de García","Sonora"
"84340","Alamito Alto","Colonia","Nacozari de García","Sonora"
"84340","Solidaridad","Colonia","Nacozari de García","Sonora"
"84340","Presidentes","Colonia","Nacozari de García","Sonora"
"84340","Alameda","Colonia","Nacozari de García","Sonora"
"84340","Americana","Colonia","Nacozari de García","Sonora"
"84340","Beltrones","Colonia","Nacozari de García","Sonora"
"84340","Buenos Aires","Colonia","Nacozari de García","Sonora"
"84340","El Asilo","Colonia","Nacozari de García","Sonora"
"84340","El Fortín","Colonia","Nacozari de García","Sonora"
"84340","El Seis","Barrio","Nacozari de García","Sonora"
"84340","Gómez Morín","Colonia","Nacozari de García","Sonora"
"84340","Jesús García","Colonia","Nacozari de García","Sonora"
"84340","Kilómetro Seis","Colonia","Nacozari de García","Sonora"
"84340","La Sirena","Colonia","Nacozari de García","Sonora"
"84340","Las Milpitas","Colonia","Nacozari de García","Sonora"
"84340","Libertad","Colonia","Nacozari de García","Sonora"
"84340","Linda Vista","Colonia","Nacozari de García","Sonora"
"84340","Loma Bonita","Colonia","Nacozari de García","Sonora"
"84340","Los Álamos","Colonia","Nacozari de García","Sonora"
"84340","Los Tres Álamos","Colonia","Nacozari de García","Sonora"
"84340","Luis Donaldo Colosio","Colonia","Nacozari de García","Sonora"
"84340","Magisterial","Colonia","Nacozari de García","Sonora"
"84340","Melchor Ocampo","Colonia","Nacozari de García","Sonora"
"84340","Nuevo","Colonia","Nacozari de García","Sonora"
"84340","Nuevo Horizonte","Colonia","Nacozari de García","Sonora"
"84340","Oaxaca","Colonia","Nacozari de García","Sonora"
"84340","Oposura","Colonia","Nacozari de García","Sonora"
"84340","Rastro Viejo","Colonia","Nacozari de García","Sonora"
"84340","Rodolfo Félix Valdéz","Colonia","Nacozari de García","Sonora"
"84340","Vicente Fox","Colonia","Nacozari de García","Sonora"
"84340","Nacozari de García Centro","Colonia","Nacozari de García","Sonora"
"84340","La Angostura","Zona industrial","Nacozari de García","Sonora"
"84340","Cantera 2","Colonia","Nacozari de García","Sonora"
"84340","Cantera 1","Colonia","Nacozari de García","Sonora"
"84340","Puesta Del Sol","Colonia","Nacozari de García","Sonora"
"84340","Lomas Nuevas","Colonia","Nacozari de García","Sonora"
"84340","Lomas de Nacozari","Colonia","Nacozari de García","Sonora"
"84340","Olas Altas","Colonia","Nacozari de García","Sonora"
"84340","Tepupa","Colonia","Nacozari de García","Sonora"
"84345","El Tajo","Colonia","Nacozari de García","Sonora"
"84346","La Caridad (Fracción G)","Colonia","Nacozari de García","Sonora"
"84346","Los Pilares de Nacozari","Ejido","Nacozari de García","Sonora"
"84346","Satélite Tres","Colonia","Nacozari de García","Sonora"
"84347","El Ranchito","Colonia","Nacozari de García","Sonora"
"84347","El Abanico","Colonia","Nacozari de García","Sonora"
"84347","El Globo","Colonia","Nacozari de García","Sonora"
"84348","Nacozari Viejo","Ejido","Nacozari de García","Sonora"
"84349","Santo Domingo","Ejido","Nacozari de García","Sonora"
"84360","Bavispe","Pueblo","Bavispe","Sonora"
"84363","Cruz de Tamaya","Ranchería","Bavispe","Sonora"
"84363","El Carricito","Ranchería","Bavispe","Sonora"
"84363","El Fuste","Ranchería","Bavispe","Sonora"
"84363","El Jucaral","Ranchería","Bavispe","Sonora"
"84363","La Calera","Ranchería","Bavispe","Sonora"
"84363","La Matancita","Ranchería","Bavispe","Sonora"
"84364","El Batamote","Ranchería","Bavispe","Sonora"
"84364","El Encino","Ranchería","Bavispe","Sonora"
"84364","El Rincón de la Sal","Ranchería","Bavispe","Sonora"
"84364","La Bellota Uno","Ranchería","Bavispe","Sonora"
"84364","La Chaparrosa","Ranchería","Bavispe","Sonora"
"84364","Lote de Sonora","Ranchería","Bavispe","Sonora"
"84365","San Miguelito","Pueblo","Bavispe","Sonora"
"84365","Arroyo la Cañada","Ranchería","Bavispe","Sonora"
"84365","El Agua Caliente","Ranchería","Bavispe","Sonora"
"84365","El Aterrizaje","Ranchería","Bavispe","Sonora"
"84365","El Realito","Ranchería","Bavispe","Sonora"
"84365","El Transval","Ranchería","Bavispe","Sonora"
"84365","La Batea","Ranchería","Bavispe","Sonora"
"84365","La Cueva","Ranchería","Bavispe","Sonora"
"84365","La Laborcita","Ranchería","Bavispe","Sonora"
"84365","La Misión","Ranchería","Bavispe","Sonora"
"84365","La Nopalera","Ranchería","Bavispe","Sonora"
"84365","La Vinata","Ranchería","Bavispe","Sonora"
"84365","Nogahuas","Ranchería","Bavispe","Sonora"
"84365","Ojo de Monte","Ranchería","Bavispe","Sonora"
"84365","Nuevo","Rancho","Bavispe","Sonora"
"84365","Tierras del Callejón","Ranchería","Bavispe","Sonora"
"84366","La Galerita","Rancho","Bavispe","Sonora"
"84366","Callejón de San Francisco","Ranchería","Bavispe","Sonora"
"84366","Casa Blanca","Ranchería","Bavispe","Sonora"
"84366","El Durazno","Ranchería","Bavispe","Sonora"
"84366","El Llano","Ranchería","Bavispe","Sonora"
"84366","El Salto","Ranchería","Bavispe","Sonora"
"84366","La Cañada","Ranchería","Bavispe","Sonora"
"84366","La Cruz","Ranchería","Bavispe","Sonora"
"84366","La Galera","Ranchería","Bavispe","Sonora"
"84366","Las Delicias","Ranchería","Bavispe","Sonora"
"84366","Pueblo Nuevo","Granja","Bavispe","Sonora"
"84366","San Francisco","Ranchería","Bavispe","Sonora"
"84366","San José de la Galera","Ranchería","Bavispe","Sonora"
"84367","Los Otates de Medina","Ranchería","Bavispe","Sonora"
"84370","La Cueva","Ranchería","Bavispe","Sonora"
"84370","Oaxaca","Ranchería","Bavispe","Sonora"
"84373","La Mezcalera","Ranchería","Bavispe","Sonora"
"84373","Los Alisos","Ranchería","Bavispe","Sonora"
"84374","Barrios","Ranchería","Bavispe","Sonora"
"84374","Chinoverachi","Ranchería","Bavispe","Sonora"
"84374","El Membrillo","Ranchería","Bavispe","Sonora"
"84374","El Morado","Ranchería","Bavispe","Sonora"
"84374","La Estrella","Ranchería","Bavispe","Sonora"
"84374","La Mora","Pueblo","Bavispe","Sonora"
"84374","Los Nogales","Ranchería","Bavispe","Sonora"
"84374","Milpillas","Ranchería","Bavispe","Sonora"
"84374","Tafer [Campamento]","Ranchería","Bavispe","Sonora"
"84374","Tasabiri","Ranchería","Bavispe","Sonora"
"84375","La Pita","Ranchería","Bavispe","Sonora"
"84376","El Texano","Ranchería","Bavispe","Sonora"
"84376","Las Mayitas","Ranchería","Bavispe","Sonora"
"84377","Aguaje del Mariscal","Ranchería","Bavispe","Sonora"
"84377","El Toro","Ranchería","Bavispe","Sonora"
"84377","La Vega Azul","Ranchería","Bavispe","Sonora"
"84377","Las Carpitas","Ranchería","Bavispe","Sonora"
"84377","Las Riveras","Ranchería","Bavispe","Sonora"
"84377","Los Caballos","Ranchería","Bavispe","Sonora"
"84377","Pilares de Teras","Ranchería","Bavispe","Sonora"
"84380","Bacerac Centro","Colonia","Bacerac","Sonora"
"84390","Ciénega de Horcones","Ejido","Bacerac","Sonora"
"84390","El Porvenir","Rancho","Bacerac","Sonora"
"84390","El Campito","Ranchería","Bacerac","Sonora"
"84390","La Lluvia","Ranchería","Bacerac","Sonora"
"84390","La Ramada","Ranchería","Bacerac","Sonora"
"84390","La Tinaja","Ranchería","Bacerac","Sonora"
"84390","Las Cuevas Coloradas","Ranchería","Bacerac","Sonora"
"84390","Agua Fría","Ranchería","Bacerac","Sonora"
"84393","Basucumachi","Ranchería","Bacerac","Sonora"
"84393","El Bajío del Oso","Ranchería","Bacerac","Sonora"
"84393","El Molino","Ranchería","Bacerac","Sonora"
"84393","El Ranchito","Ranchería","Bacerac","Sonora"
"84393","La Batea","Ranchería","Bacerac","Sonora"
"84393","La Misión (Tierras de Labor)","Ranchería","Bacerac","Sonora"
"84393","La Palmillera","Ranchería","Bacerac","Sonora"
"84393","Las Ventanitas","Ranchería","Bacerac","Sonora"
"84393","Los Alisos","Ranchería","Bacerac","Sonora"
"84393","Mechapa","Ranchería","Bacerac","Sonora"
"84393","Mechapa","Ejido","Bacerac","Sonora"
"84393","Tamichopa","Ranchería","Bacerac","Sonora"
"84393","Tres Luces","Ranchería","Bacerac","Sonora"
"84393","Teramochi","Ranchería","Bacerac","Sonora"
"84394","El Nogal","Ranchería","Bacerac","Sonora"
"84394","El Quemado","Ranchería","Bacerac","Sonora"
"84394","El Saucito","Ranchería","Bacerac","Sonora"
"84394","La Carrera","Ranchería","Bacerac","Sonora"
"84394","La Joya","Ranchería","Bacerac","Sonora"
"84394","La Venadita","Ranchería","Bacerac","Sonora"
"84394","Las Chivas","Ranchería","Bacerac","Sonora"
"84394","Las Tierritas","Ranchería","Bacerac","Sonora"
"84394","San Juan","Ranchería","Bacerac","Sonora"
"84395","Ciénega Baja","Ranchería","Bacerac","Sonora"
"84395","Dos Cabezas","Ranchería","Bacerac","Sonora"
"84395","El Americano","Ranchería","Bacerac","Sonora"
"84395","El Bonito","Ranchería","Bacerac","Sonora"
"84395","El Borrego","Ranchería","Bacerac","Sonora"
"84395","El Cable","Ranchería","Bacerac","Sonora"
"84395","El Cajón de Elías","Ranchería","Bacerac","Sonora"
"84395","El Caprín","Ranchería","Bacerac","Sonora"
"84395","El Gavilán","Ranchería","Bacerac","Sonora"
"84395","El Medio","Ranchería","Bacerac","Sonora"
"84395","El Pinalito (Fracción Este)","Ranchería","Bacerac","Sonora"
"84395","El Porvenir","Ranchería","Bacerac","Sonora"
"84395","Jaquiverachi","Ranchería","Bacerac","Sonora"
"84395","La Cueva","Ranchería","Bacerac","Sonora"
"84395","La Cueva","Ejido","Bacerac","Sonora"
"84395","La Joya","Ranchería","Bacerac","Sonora"
"84395","Las Águilas","Ranchería","Bacerac","Sonora"
"84395","Las Cantelas","Ranchería","Bacerac","Sonora"
"84395","Las Carboneras","Ranchería","Bacerac","Sonora"
"84395","Las Moctezumas","Ranchería","Bacerac","Sonora"
"84395","Santo Niño","Ranchería","Bacerac","Sonora"
"84395","Siboneyes","Ranchería","Bacerac","Sonora"
"84395","San José de los Pozos","Rancho","Bacerac","Sonora"
"84396","El Huaragua","Ranchería","Bacerac","Sonora"
"84396","La Boquilla","Ranchería","Bacerac","Sonora"
"84396","La Cieneguita","Ranchería","Bacerac","Sonora"
"84396","La Estancia","Ranchería","Bacerac","Sonora"
"84396","La Joya","Ranchería","Bacerac","Sonora"
"84396","Las Higueritas","Ranchería","Bacerac","Sonora"
"84396","San Pedro","Ranchería","Bacerac","Sonora"
"84397","El Leoncito","Ranchería","Bacerac","Sonora"
"84397","La Junta","Ranchería","Bacerac","Sonora"
"84397","San Isidro","Ranchería","Bacerac","Sonora"
"84400","Huachinera Centro","Colonia","Huachinera","Sonora"
"84403","La Calera","Barrio","Huachinera","Sonora"
"84404","Cerrito el Calvario","Barrio","Huachinera","Sonora"
"84405","La Higuera","Barrio","Huachinera","Sonora"
"84406","Bacatete","Barrio","Huachinera","Sonora"
"84407","Tacuba","Barrio","Huachinera","Sonora"
"84415","Juribana","Ranchería","Huachinera","Sonora"
"84427","Aribabi","Ejido","Huachinera","Sonora"
"84440","Nácori Chico","Pueblo","Nácori Chico","Sonora"
"84445","El Sauz","Colonia","Nácori Chico","Sonora"
"84446","Buena Vista","Colonia","Nácori Chico","Sonora"
"84447","Tecoriname","Ejido","Nácori Chico","Sonora"
"84450","La Mesa Tres Ríos","Ejido","Nácori Chico","Sonora"
"84460","Granados","Pueblo","Granados","Sonora"
"84480","Bacadéhuachi Centro","Colonia","Bacadéhuachi","Sonora"
"84483","San Martín","Colonia","Bacadéhuachi","Sonora"
"84484","San Juan","Colonia","Bacadéhuachi","Sonora"
"84485","San Marcos","Colonia","Bacadéhuachi","Sonora"
"84486","San Luis","Colonia","Bacadéhuachi","Sonora"
"84493","El Coyote","Ranchería","Bacadéhuachi","Sonora"
"84493","El Saucito","Ranchería","Bacadéhuachi","Sonora"
"84493","Huérigo II","Ranchería","Bacadéhuachi","Sonora"
"84493","Los Taraices","Ranchería","Bacadéhuachi","Sonora"
"84493","Pie de la Cuesta (Maternon)","Ranchería","Bacadéhuachi","Sonora"
"84493","El Coyote","Rancho","Bacadéhuachi","Sonora"
"84493","San Juan","Ranchería","Bacadéhuachi","Sonora"
"84494","La Galera","Ranchería","Bacadéhuachi","Sonora"
"84494","La Palmita","Rancho","Bacadéhuachi","Sonora"
"84495","El Guacora (Francisco Figueroa)","Ranchería","Bacadéhuachi","Sonora"
"84495","La Morita","Rancho","Bacadéhuachi","Sonora"
"84496","Saucito","Rancho","Bacadéhuachi","Sonora"
"84500","Cumpas Centro","Colonia","Cumpas","Sonora"
"84503","Norte","Colonia","Cumpas","Sonora"
"84504","La Loma","Colonia","Cumpas","Sonora"
"84504","Nuevo Sonora","Colonia","Cumpas","Sonora"
"84505","Los Mochis","Barrio","Cumpas","Sonora"
"84505","Nuevo","Colonia","Cumpas","Sonora"
"84506","Pedregoza","Colonia","Cumpas","Sonora"
"84507","Los Huitos","Colonia","Cumpas","Sonora"
"84510","Álvaro Obregón Sur","Ranchería","Cumpas","Sonora"
"84510","El Tápiro (La Puerta del Sol)","Ranchería","Cumpas","Sonora"
"84510","Los Ventura","Ranchería","Cumpas","Sonora"
"84510","Kilómetro Cinco (Álvaro Obregón)","Pueblo","Cumpas","Sonora"
"84510","Bella Esperanza","Ejido","Cumpas","Sonora"
"84513","Agua Caliente","Ranchería","Cumpas","Sonora"
"84513","Las Reynas","Ranchería","Cumpas","Sonora"
"84513","Los Hoyos (Colonia Sur)","Ranchería","Cumpas","Sonora"
"84513","Monte del Toro","Ranchería","Cumpas","Sonora"
"84513","Campo San Antonio","Ranchería","Cumpas","Sonora"
"84513","Los Hoyos","Pueblo","Cumpas","Sonora"
"84514","El Valle (Colonia el Valle)","Ranchería","Cumpas","Sonora"
"84514","Jesús Manuel Urías","Rancho","Cumpas","Sonora"
"84516","El Ranchito","Ranchería","Cumpas","Sonora"
"84516","El Rodeo","Ranchería","Cumpas","Sonora"
"84516","Las Hornillas","Ranchería","Cumpas","Sonora"
"84517","La Cieneguita","Ranchería","Cumpas","Sonora"
"84520","Héctor Montaño","Rancho","Cumpas","Sonora"
"84520","Tierras Prietas","Rancho","Cumpas","Sonora"
"84520","Ojo de Agua","Pueblo","Cumpas","Sonora"
"84524","Batecorababi","Ranchería","Cumpas","Sonora"
"84524","La Colonia","Pueblo","Cumpas","Sonora"
"84524","Jécori","Pueblo","Cumpas","Sonora"
"84524","Teonadepa","Pueblo","Cumpas","Sonora"
"84525","El Limón","Ranchería","Cumpas","Sonora"
"84525","El Tochi (Jesús Chávez)","Ranchería","Cumpas","Sonora"
"84526","Cumubabi (El Verde)","Ranchería","Cumpas","Sonora"
"84527","El Consuelo","Ranchería","Cumpas","Sonora"
"84530","Huásabas Centro","Colonia","Huásabas","Sonora"
"84533","Buscuchi","Colonia","Huásabas","Sonora"
"84534","Nuevo","Colonia","Huásabas","Sonora"
"84535","Basuchon","Colonia","Huásabas","Sonora"
"84536","La Isla","Colonia","Huásabas","Sonora"
"84560","Moctezuma","Colonia","Moctezuma","Sonora"
"84563","Coplamar","Colonia","Moctezuma","Sonora"
"84563","La Loma","Colonia","Moctezuma","Sonora"
"84563","Samuel Ocaña","Colonia","Moctezuma","Sonora"
"84564","La Joya","Colonia","Moctezuma","Sonora"
"84564","San Martín","Colonia","Moctezuma","Sonora"
"84564","Las Cruces","Colonia","Moctezuma","Sonora"
"84565","El Parian","Colonia","Moctezuma","Sonora"
"84566","Las Liebres","Colonia","Moctezuma","Sonora"
"84566","Lomas del Pedregal","Colonia","Moctezuma","Sonora"
"84566","El Ranchito","Colonia","Moctezuma","Sonora"
"84567","La Pila","Colonia","Moctezuma","Sonora"
"84567","Reforma","Colonia","Moctezuma","Sonora"
"84567","Nueva Reforma","Colonia","Moctezuma","Sonora"
"84573","Nícora","Ranchería","Moctezuma","Sonora"
"84573","San Patricio de la Mesa","Hacienda","Moctezuma","Sonora"
"84576","El Llano","Rancho","Moctezuma","Sonora"
"84576","El Llano","Ranchería","Moctezuma","Sonora"
"84576","San Clemente de Terapa","Ejido","Moctezuma","Sonora"
"84580","Villa Hidalgo","Pueblo","Villa Hidalgo","Sonora"
"84583","San Juan del Río","Ejido","Villa Hidalgo","Sonora"
"84600","El Rincón","Colonia","Santa Ana","Sonora"
"84600","Kennedy","Colonia","Santa Ana","Sonora"
"84600","Niños Héroes","Colonia","Santa Ana","Sonora"
"84600","San Isidro","Colonia","Santa Ana","Sonora"
"84600","Santa Cecilia","Colonia","Santa Ana","Sonora"
"84600","Santa Rita","Colonia","Santa Ana","Sonora"
"84600","Villa Bonita","Colonia","Santa Ana","Sonora"
"84600","Santa Ana Centro","Colonia","Santa Ana","Sonora"
"84600","Bellavista","Colonia","Santa Ana","Sonora"
"84600","Kilómetro 106","Colonia","Santa Ana","Sonora"
"84600","INFONAVIT","Colonia","Santa Ana","Sonora"
"84600","El Mirador","Colonia","Santa Ana","Sonora"
"84600","La Loma","Colonia","Santa Ana","Sonora"
"84600","Los Arcos","Colonia","Santa Ana","Sonora"
"84600","Fátima","Colonia","Santa Ana","Sonora"
"84600","El Polvorín","Barrio","Santa Ana","Sonora"
"84600","Las Playitas","Colonia","Santa Ana","Sonora"
"84600","Microondas","Barrio","Santa Ana","Sonora"
"84600","3 Imágenes","Colonia","Santa Ana","Sonora"
"84600","V 8","Colonia","Santa Ana","Sonora"
"84600","La Terracita","Colonia","Santa Ana","Sonora"
"84600","Del Rio","Colonia","Santa Ana","Sonora"
"84600","FOVISSSTE","Colonia","Santa Ana","Sonora"
"84600","Lomas de Santa Ana","Colonia","Santa Ana","Sonora"
"84600","La Granja","Colonia","Santa Ana","Sonora"
"84601","El Pantanito","Pueblo","Santa Ana","Sonora"
"84602","Santa Martha","Ejido","Santa Ana","Sonora"
"84603","La Cieneguita","Ranchería","Santa Ana","Sonora"
"84603","Santa Ana Viejo","Colonia","Santa Ana","Sonora"
"84607","La Polvadera","Rancho","Santa Ana","Sonora"
"84607","Coyotillo Sur","Rancho","Santa Ana","Sonora"
"84610","La Carleña Dos","Rancho","Santa Ana","Sonora"
"84610","La Carleña","Ranchería","Santa Ana","Sonora"
"84610","El Claro","Pueblo","Santa Ana","Sonora"
"84610","Santa Rita","Ranchería","Santa Ana","Sonora"
"84617","Estación Llano","Pueblo","Santa Ana","Sonora"
"84620","Heroica Ciudad de Cananea Centro","Colonia","Cananea","Sonora"
"84622","Cananea Vieja","Colonia","Cananea","Sonora"
"84622","El Peñascal","Colonia","Cananea","Sonora"
"84622","El Llanito","Colonia","Cananea","Sonora"
"84622","El Volteadero","Colonia","Cananea","Sonora"
"84622","Mesa de Garibay","Colonia","Cananea","Sonora"
"84622","Petroleros","Colonia","Cananea","Sonora"
"84622","Leyes de Reforma I","Colonia","Cananea","Sonora"
"84622","Barrilito","Colonia","Cananea","Sonora"
"84622","La Estación","Colonia","Cananea","Sonora"
"84622","Petroleros 2","Colonia","Cananea","Sonora"
"84623","Las Lomas Residencial","Fraccionamiento","Cananea","Sonora"
"84623","Parque Tamosura","Zona comercial","Cananea","Sonora"
"84623","Villas de Cananea","Colonia","Cananea","Sonora"
"84623","Burócrata","Colonia","Cananea","Sonora"
"84623","Lindavista","Colonia","Cananea","Sonora"
"84623","Minera Sección II","Colonia","Cananea","Sonora"
"84623","Industrial","Colonia","Cananea","Sonora"
"84623","Minera Sección I","Colonia","Cananea","Sonora"
"84623","Mártires de Cananea","Colonia","Cananea","Sonora"
"84623","Agropecuaria","Colonia","Cananea","Sonora"
"84623","Valle Del Cobre","Colonia","Cananea","Sonora"
"84623","Los Hangares","Colonia","Cananea","Sonora"
"84623","Valle Grande","Colonia","Cananea","Sonora"
"84623","Santa Teresa","Colonia","Cananea","Sonora"
"84623","Leyes de Reforma II","Colonia","Cananea","Sonora"
"84623","Nuevo Cananea","Colonia","Cananea","Sonora"
"84623","Napoleón Gómez Zada","Colonia","Cananea","Sonora"
"84623","El Dorado","Colonia","Cananea","Sonora"
"84623","Boulevard","Colonia","Cananea","Sonora"
"84623","Río Blanco","Colonia","Cananea","Sonora"
"84623","La Empacadora","Colonia","Cananea","Sonora"
"84623","Nuevo Buenavista","Colonia","Cananea","Sonora"
"84623","Valle Dorado","Colonia","Cananea","Sonora"
"84623","Magisterio","Colonia","Cananea","Sonora"
"84623","1 de Junio","Colonia","Cananea","Sonora"
"84623","Zona de Tolerancia","Barrio","Cananea","Sonora"
"84623","Fucuy","Colonia","Cananea","Sonora"
"84624","El Ronquillo","Colonia","Cananea","Sonora"
"84624","Mesa Sur","Colonia","Cananea","Sonora"
"84624","Planta Nueva","Colonia","Cananea","Sonora"
"84624","Ayuntamiento","Colonia","Cananea","Sonora"
"84624","El Romerillo","Colonia","Cananea","Sonora"
"84624","Campestre","Colonia","Cananea","Sonora"
"84624","Los Pinos","Colonia","Cananea","Sonora"
"84624","Recintos del Cobre","Colonia","Cananea","Sonora"
"84624","Campestre Oriente","Colonia","Cananea","Sonora"
"84624","Tres Marías","Colonia","Cananea","Sonora"
"84624","Estadio","Colonia","Cananea","Sonora"
"84624","San Isidro","Colonia","Cananea","Sonora"
"84624","Cementerio Viejo","Colonia","Cananea","Sonora"
"84624","Santo Niño","Colonia","Cananea","Sonora"
"84624","El Hoyo","Colonia","Cananea","Sonora"
"84624","Monarca","Colonia","Cananea","Sonora"
"84624","Mesa Norte","Colonia","Cananea","Sonora"
"84624","Correo","Colonia","Cananea","Sonora"
"84624","El Green","Colonia","Cananea","Sonora"
"84624","Fortín","Colonia","Cananea","Sonora"
"84624","El Faro","Colonia","Cananea","Sonora"
"84624","La Matanza","Ranchería","Cananea","Sonora"
"84625","Las Tres Puertas","Ranchería","Cananea","Sonora"
"84630","José María Morelos y Pavón (Sauceda)","Ejido","Cananea","Sonora"
"84630","Antonio Córdova","Ranchería","Cananea","Sonora"
"84630","Casa Blanca","Ranchería","Cananea","Sonora"
"84630","Corral de Enmedio","Ranchería","Cananea","Sonora"
"84630","El Águila","Ranchería","Cananea","Sonora"
"84630","Estación Sauceda","Ranchería","Cananea","Sonora"
"84630","La Cieneguita","Ranchería","Cananea","Sonora"
"84630","La Misión","Ranchería","Cananea","Sonora"
"84630","Las Gaviotas","Ranchería","Cananea","Sonora"
"84630","Las Nutrias","Ranchería","Cananea","Sonora"
"84630","Linda Vista","Ranchería","Cananea","Sonora"
"84630","Los Caballos [Potreros]","Ranchería","Cananea","Sonora"
"84630","Los Tejabanes","Ranchería","Cananea","Sonora"
"84630","Mi Ranchito (El Piojito)","Ranchería","Cananea","Sonora"
"84630","Ranchito Escondido","Ranchería","Cananea","Sonora"
"84630","San Juan","Ranchería","Cananea","Sonora"
"84630","Brena","Rancho","Cananea","Sonora"
"84630","San Rafael","Ranchería","Cananea","Sonora"
"84630","Sauceda","Ranchería","Cananea","Sonora"
"84633","Cuitaca","Ranchería","Cananea","Sonora"
"84633","Vicente Guerrero","Ejido","Cananea","Sonora"
"84633","Cananeíta","Ranchería","Cananea","Sonora"
"84633","Parque Industrial de Cananea","Zona industrial","Cananea","Sonora"
"84633","Coplamar","Ranchería","Cananea","Sonora"
"84633","El Álamo","Ranchería","Cananea","Sonora"
"84633","El Establo","Ranchería","Cananea","Sonora"
"84633","El Mirador","Ranchería","Cananea","Sonora"
"84633","El Pinal","Ranchería","Cananea","Sonora"
"84633","El Pinalito","Ranchería","Cananea","Sonora"
"84633","El Ranchito","Ranchería","Cananea","Sonora"
"84633","La Mariquita (Rancho Nuevo)","Rancho","Cananea","Sonora"
"84633","La Milpa (El Uno)","Ranchería","Cananea","Sonora"
"84633","La Planilla","Ranchería","Cananea","Sonora"
"84633","Las Cabañitas","Ranchería","Cananea","Sonora"
"84633","Las Gallinas","Ranchería","Cananea","Sonora"
"84633","Las Peñitas","Ranchería","Cananea","Sonora"
"84633","Los Alisos","Ranchería","Cananea","Sonora"
"84633","Los Alisos","Ejido","Cananea","Sonora"
"84633","Los Campitos","Ranchería","Cananea","Sonora"
"84633","Tordillo","Ranchería","Cananea","Sonora"
"84633","Unión Ganadera Local de Cananea","Ranchería","Cananea","Sonora"
"84634","Ignacio Zaragoza (La Mesa)","Ejido","Cananea","Sonora"
"84634","Emiliano Zapata","Ejido","Cananea","Sonora"
"84634","Cañón de Evans","Ranchería","Cananea","Sonora"
"84634","Corrales el Toro","Ranchería","Cananea","Sonora"
"84634","El Cinco (Divisaderos)","Ranchería","Cananea","Sonora"
"84634","El Papalote","Ranchería","Cananea","Sonora"
"84634","El Quemado","Ranchería","Cananea","Sonora"
"84634","El Rincón del Burro","Ranchería","Cananea","Sonora"
"84634","El Sauz","Ranchería","Cananea","Sonora"
"84634","El Uno","Ranchería","Cananea","Sonora"
"84634","La Joya Norte","Ranchería","Cananea","Sonora"
"84634","La Laguna","Ranchería","Cananea","Sonora"
"84634","La Laguna los Patos","Ranchería","Cananea","Sonora"
"84634","La Puerta de Cuquiarichi","Ranchería","Cananea","Sonora"
"84634","Las Cabañas","Ranchería","Cananea","Sonora"
"84634","Los Álamos","Ranchería","Cananea","Sonora"
"84634","Los Chontes","Ranchería","Cananea","Sonora"
"84634","Los Dos Arbolitos (El Mavaris)","Ranchería","Cananea","Sonora"
"84634","Los Olivos","Ranchería","Cananea","Sonora"
"84634","Villa Verde","Ranchería","Cananea","Sonora"
"84635","Cañada Ancha","Ranchería","Cananea","Sonora"
"84635","Cañón de Evans (El Salto)","Ranchería","Cananea","Sonora"
"84635","El Alacrán","Ranchería","Cananea","Sonora"
"84635","El Alazán","Ranchería","Cananea","Sonora"
"84635","El Caracol (Carranza)","Ranchería","Cananea","Sonora"
"84635","El Caracol (Roberto Corella)","Ranchería","Cananea","Sonora"
"84635","El Miller","Ranchería","Cananea","Sonora"
"84635","El Pozo","Ranchería","Cananea","Sonora"
"84635","Jenoverachi","Ranchería","Cananea","Sonora"
"84635","La Churea","Ranchería","Cananea","Sonora"
"84635","La Gloria","Ranchería","Cananea","Sonora"
"84635","La Mexicana","Ranchería","Cananea","Sonora"
"84635","La Mora","Ranchería","Cananea","Sonora"
"84635","La Puerta del Bellotal (El Bellotal)","Ranchería","Cananea","Sonora"
"84635","La Virgen (Los Galindo)","Ranchería","Cananea","Sonora"
"84635","Las Moras","Ranchería","Cananea","Sonora"
"84635","Los Ajos Viejos","Ranchería","Cananea","Sonora"
"84635","Los Conejos","Ranchería","Cananea","Sonora"
"84635","Los Gallegos","Ranchería","Cananea","Sonora"
"84635","Los Paredones","Ranchería","Cananea","Sonora"
"84635","Los Tecolotes","Ranchería","Cananea","Sonora"
"84635","Ojo de Agua","Ranchería","Cananea","Sonora"
"84635","Ojo de Agua de Arvallo","Ranchería","Cananea","Sonora"
"84635","Ojo de Agua de Arvallo (Salsipuedes)","Ranchería","Cananea","Sonora"
"84635","Puerta el Alacrán","Ranchería","Cananea","Sonora"
"84636","Agua Caliente","Ranchería","Cananea","Sonora"
"84636","Agua del Potrillo (Aguaje el Potrillo)","Ranchería","Cananea","Sonora"
"84636","Casa de Lámina","Ranchería","Cananea","Sonora"
"84636","El Álamo","Ranchería","Cananea","Sonora"
"84636","El Chiltepín","Ranchería","Cananea","Sonora"
"84636","El Chorro","Ranchería","Cananea","Sonora"
"84636","El Mezquite","Ranchería","Cananea","Sonora"
"84636","La Bellota","Ranchería","Cananea","Sonora"
"84636","La Cieneguita","Ranchería","Cananea","Sonora"
"84636","La Colorada","Ranchería","Cananea","Sonora"
"84636","La Morita","Ranchería","Cananea","Sonora"
"84636","La Puerta del Bellotal","Ranchería","Cananea","Sonora"
"84636","La Tinaja","Ranchería","Cananea","Sonora"
"84636","Las Palomas","Ranchería","Cananea","Sonora"
"84636","Los Alisos","Ranchería","Cananea","Sonora"
"84636","Los Pozos Cuates","Ranchería","Cananea","Sonora"
"84636","Palo Quemado (El Quemado)","Ranchería","Cananea","Sonora"
"84636","Puerta el Encanto","Ranchería","Cananea","Sonora"
"84636","San Carlos","Ranchería","Cananea","Sonora"
"84636","Sotolar","Ranchería","Cananea","Sonora"
"84636","Tres Sabinas","Ranchería","Cananea","Sonora"
"84637","16 de Septiembre (Los Nogales)","Ejido","Cananea","Sonora"
"84637","Bajío Bonito","Ranchería","Cananea","Sonora"
"84637","Cerro Blanco","Ranchería","Cananea","Sonora"
"84637","Cowboy","Ranchería","Cananea","Sonora"
"84637","Dos Cowboy","Ranchería","Cananea","Sonora"
"84637","El Chifón","Ranchería","Cananea","Sonora"
"84637","La Hacienda (Los Nogales)","Ranchería","Cananea","Sonora"
"84637","Las Gallinas","Ranchería","Cananea","Sonora"
"84637","Los Alisos","Ejido","Cananea","Sonora"
"84637","Los Tepetatitos","Ejido","Cananea","Sonora"
"84637","Ojo de Piedra","Ejido","Cananea","Sonora"
"84637","Ojo de Pima (El Cinco)","Ejido","Cananea","Sonora"
"84637","San Isidro Dos","Ranchería","Cananea","Sonora"
"84637","San Isidro Uno","Ranchería","Cananea","Sonora"
"84637","San Juan","Ranchería","Cananea","Sonora"
"84637","Tepetates","Ranchería","Cananea","Sonora"
"84640","Arizpe Centro","Colonia","Arizpe","Sonora"
"84640","El Alamito","Colonia","Arizpe","Sonora"
"84640","La Loma","Colonia","Arizpe","Sonora"
"84640","Pueblito de Ures","Colonia","Arizpe","Sonora"
"84640","Nuevo Arizpe","Colonia","Arizpe","Sonora"
"84650","Tahuichopa","Ranchería","Arizpe","Sonora"
"84650","Bacanuchi","Pueblo","Arizpe","Sonora"
"84650","Depachi Tres","Ranchería","Arizpe","Sonora"
"84650","Depachi Uno","Ranchería","Arizpe","Sonora"
"84650","El Basimachi de Chinapa","Ranchería","Arizpe","Sonora"
"84650","El Bruno","Ranchería","Arizpe","Sonora"
"84650","El Charco","Ranchería","Arizpe","Sonora"
"84650","El Diablo","Ranchería","Arizpe","Sonora"
"84650","El Durazno Uno","Ranchería","Arizpe","Sonora"
"84650","El Molino de Bacanuchi","Ranchería","Arizpe","Sonora"
"84650","El Pescado","Rancho","Arizpe","Sonora"
"84650","El Rodeo","Ranchería","Arizpe","Sonora"
"84650","El Tronconal","Ranchería","Arizpe","Sonora"
"84650","Granaditas de Bacanuchi","Ranchería","Arizpe","Sonora"
"84650","La Cañada","Rancho","Arizpe","Sonora"
"84650","La Granja","Rancho","Arizpe","Sonora"
"84650","La Nueva Colonia de Chinapa (La Colonia)","Ranchería","Arizpe","Sonora"
"84650","La Poltrona","Ranchería","Arizpe","Sonora"
"84650","La Providencia (El Bruno)","Ranchería","Arizpe","Sonora"
"84650","La Puerta (El Puertón)","Ranchería","Arizpe","Sonora"
"84650","La Rinconada","Ranchería","Arizpe","Sonora"
"84650","La Virgen","Ranchería","Arizpe","Sonora"
"84650","Las Piedras de Lumbre","Ranchería","Arizpe","Sonora"
"84650","Los Tablones","Ranchería","Arizpe","Sonora"
"84650","Los Vallecitos","Ranchería","Arizpe","Sonora"
"84650","Ranchito Madero","Rancho","Arizpe","Sonora"
"84650","San Nicolás","Ranchería","Arizpe","Sonora"
"84650","Santa Elena","Ranchería","Arizpe","Sonora"
"84650","Setadehuachi","Ranchería","Arizpe","Sonora"
"84653","El Águila (Las Águilas)","Ranchería","Arizpe","Sonora"
"84653","El Barril","Ranchería","Arizpe","Sonora"
"84653","El Derrumbadero","Ranchería","Arizpe","Sonora"
"84653","El Tubito","Ranchería","Arizpe","Sonora"
"84653","La Fortuna","Ranchería","Arizpe","Sonora"
"84653","Las Ánimas","Ranchería","Arizpe","Sonora"
"84653","Ojo de Agua Bacanuchi","Ranchería","Arizpe","Sonora"
"84653","Pozo Nuevo","Ranchería","Arizpe","Sonora"
"84653","San Antonio","Ranchería","Arizpe","Sonora"
"84654","Agua Caliente","Ranchería","Arizpe","Sonora"
"84654","Campo Frío","Ranchería","Arizpe","Sonora"
"84654","Derrepente (De Pellat)","Ranchería","Arizpe","Sonora"
"84654","El Derrepente","Ranchería","Arizpe","Sonora"
"84654","El Socavón","Ranchería","Arizpe","Sonora"
"84654","El Testerazo","Ranchería","Arizpe","Sonora"
"84654","El Yeso","Ranchería","Arizpe","Sonora"
"84654","La Cieneguita","Ranchería","Arizpe","Sonora"
"84654","La Labor","Rancho","Arizpe","Sonora"
"84654","La Tinaja","Ranchería","Arizpe","Sonora"
"84655","El Babiso","Ranchería","Arizpe","Sonora"
"84655","El Cumaral","Ranchería","Arizpe","Sonora"
"84655","El Picacho (Tierras Prietas)","Rancho","Arizpe","Sonora"
"84655","El Valle","Ranchería","Arizpe","Sonora"
"84655","Tehuachi","Ranchería","Arizpe","Sonora"
"84656","Bamori","Ejido","Arizpe","Sonora"
"84656","Sinoquipe","Pueblo","Arizpe","Sonora"
"84656","Agua Caliente (De Carrillo)","Ranchería","Arizpe","Sonora"
"84656","Baparimaca","Ranchería","Arizpe","Sonora"
"84656","Bavicanora","Ranchería","Arizpe","Sonora"
"84656","Casa de Piedra","Ranchería","Arizpe","Sonora"
"84656","Crisanto","Ranchería","Arizpe","Sonora"
"84656","Crisanto (De Barrios)","Ranchería","Arizpe","Sonora"
"84656","El Alamito","Ranchería","Arizpe","Sonora"
"84656","El Álamo (Letrero)","Ranchería","Arizpe","Sonora"
"84656","El Basimachi","Ranchería","Arizpe","Sonora"
"84656","El Chiltepín","Ranchería","Arizpe","Sonora"
"84656","El Comichi","Ranchería","Arizpe","Sonora"
"84656","El Guarisivachi","Ranchería","Arizpe","Sonora"
"84656","El Jova","Ranchería","Arizpe","Sonora"
"84656","El Matadero","Ranchería","Arizpe","Sonora"
"84656","El Molino de Bamori","Ranchería","Arizpe","Sonora"
"84656","El Ranchito","Ranchería","Arizpe","Sonora"
"84656","El Rebaje","Ranchería","Arizpe","Sonora"
"84656","El Sombrero","Ranchería","Arizpe","Sonora"
"84656","El Tepiri","Ranchería","Arizpe","Sonora"
"84656","Jitisorachi (Fernando Rosas)","Ranchería","Arizpe","Sonora"
"84656","Jitisorachi Dos","Ranchería","Arizpe","Sonora"
"84656","Jitosorachi (De Montoya y Ruiz)","Ranchería","Arizpe","Sonora"
"84656","La Cañada del Horno","Ranchería","Arizpe","Sonora"
"84656","La Capilla de Tetuachi","Ranchería","Arizpe","Sonora"
"84656","La Guitarra","Ranchería","Arizpe","Sonora"
"84656","La Huerta Grande","Ranchería","Arizpe","Sonora"
"84656","La Vinatería","Ranchería","Arizpe","Sonora"
"84656","Las Cendraditas","Ranchería","Arizpe","Sonora"
"84656","Las Hornillas","Rancho","Arizpe","Sonora"
"84656","Las Peñitas","Ranchería","Arizpe","Sonora"
"84656","Los Nogalitos (El Nogalito)","Rancho","Arizpe","Sonora"
"84656","Los Placeritos","Ranchería","Arizpe","Sonora"
"84656","Molino Viejo","Ranchería","Arizpe","Sonora"
"84656","Peñasco Alto","Ranchería","Arizpe","Sonora"
"84656","Pueblo Viejo","Rancho","Arizpe","Sonora"
"84656","San Ignacio","Ranchería","Arizpe","Sonora"
"84657","Chinapa","Pueblo","Arizpe","Sonora"
"84657","Buenavista","Colonia","Arizpe","Sonora"
"84657","Basochuca","Ranchería","Arizpe","Sonora"
"84657","Campo Colorado","Ranchería","Arizpe","Sonora"
"84657","Comateto","Ranchería","Arizpe","Sonora"
"84657","El California (La Cuesta)","Ranchería","Arizpe","Sonora"
"84657","El Mezquitalito","Ranchería","Arizpe","Sonora"
"84657","El Molino de Buenavista (El Molino)","Ranchería","Arizpe","Sonora"
"84657","El Nogal","Ranchería","Arizpe","Sonora"
"84657","El Pantanito","Ranchería","Arizpe","Sonora"
"84657","El Sacrificio","Ranchería","Arizpe","Sonora"
"84657","El Salsipuedes","Ranchería","Arizpe","Sonora"
"84657","El Socorro","Ranchería","Arizpe","Sonora"
"84657","Huepaverachi","Ranchería","Arizpe","Sonora"
"84657","La Bolita (La Bolita de Chinapa)","Ranchería","Arizpe","Sonora"
"84657","La Galera","Rancho","Arizpe","Sonora"
"84657","La Huerta (Basochuca)","Ranchería","Arizpe","Sonora"
"84657","Las Cuevitas","Ranchería","Arizpe","Sonora"
"84657","Las Pajareras","Ranchería","Arizpe","Sonora"
"84657","San Pedro","Ranchería","Arizpe","Sonora"
"84657","Santa Rosa Nuevo","Ranchería","Arizpe","Sonora"
"84660","Caporachi","Ranchería","Cucurpe","Sonora"
"84660","Cucurpe","Pueblo","Cucurpe","Sonora"
"84670","6 de Enero","Ejido","Cucurpe","Sonora"
"84670","El Carrizal","Ranchería","Cucurpe","Sonora"
"84674","Agua Fría (Saracachi)","Ranchería","Cucurpe","Sonora"
"84674","Chupisonora","Rancho","Cucurpe","Sonora"
"84676","El Baicimaco (Agua del Cerro)","Ranchería","Cucurpe","Sonora"
"84676","La Torreña","Ranchería","Cucurpe","Sonora"
"84676","La Calera (Divisadero)","Ranchería","Cucurpe","Sonora"
"84676","El Pintor","Ranchería","Cucurpe","Sonora"
"84677","Cañada Ancha","Rancho","Cucurpe","Sonora"
"84677","La Paleteña","Rancho","Cucurpe","Sonora"
"84678","La Malenita","Ranchería","Cucurpe","Sonora"
"84678","La Peña I","Rancho","Cucurpe","Sonora"
"84678","San Javier","Ranchería","Cucurpe","Sonora"
"84679","Santa Ana de Chairababi","Rancho","Cucurpe","Sonora"
"84680","Bacoachi Centro","Colonia","Bacoachi","Sonora"
"84683","Los Pinos","Colonia","Bacoachi","Sonora"
"84690","Unámichi","Ejido","Bacoachi","Sonora"
"84690","Cañada de la Cruz (La Cruz)","Ranchería","Bacoachi","Sonora"
"84690","Chaparaco Nuevo","Ranchería","Bacoachi","Sonora"
"84690","El Cúmaro (La Vinata)","Rancho","Bacoachi","Sonora"
"84690","El Chaparaco (Chaparaco Viejo)","Ranchería","Bacoachi","Sonora"
"84690","Las Cuatro Rosas","Rancho","Bacoachi","Sonora"
"84690","Luis Quiroga","Rancho","Bacoachi","Sonora"
"84690","Tepuverachi","Granja","Bacoachi","Sonora"
"84693","Bajío de Nuestra Señora de Guadalupe (Bajío Gpe)","Rancho","Bacoachi","Sonora"
"84693","Los Janitos","Rancho","Bacoachi","Sonora"
"84693","Teguaracorachi","Rancho","Bacoachi","Sonora"
"84694","Mututicachi","Ejido","Bacoachi","Sonora"
"84694","Cerro Colorado (San José de la Cuesta)","Rancho","Bacoachi","Sonora"
"84694","Los Nogales","Rancho","Bacoachi","Sonora"
"84694","Ojo de Agua (Cascabel)","Rancho","Bacoachi","Sonora"
"84694","San Roberto (El Apache)","Rancho","Bacoachi","Sonora"
"84695","Santa Lucía","Ranchería","Bacoachi","Sonora"
"84700","San Pedro de la Cueva Centro","Colonia","San Pedro de la Cueva","Sonora"
"84703","Huépari","Ejido","San Pedro de la Cueva","Sonora"
"84705","La Ranchería (Rancherías)","Ejido","San Pedro de la Cueva","Sonora"
"84709","San José de Batuc (Batuquito)","Ejido","San Pedro de la Cueva","Sonora"
"84710","Nuevo Tepupa","Colonia","San Pedro de la Cueva","Sonora"
"84711","Nuevo Suaqui","Ejido","San Pedro de la Cueva","Sonora"
"84730","Divisaderos","Pueblo","Divisaderos","Sonora"
"84743","Las Tinajitas","Rancho","Divisaderos","Sonora"
"84744","Los Griegos","Rancho","Divisaderos","Sonora"
"84745","El Álamo","Rancho","Divisaderos","Sonora"
"84746","La Morita","Rancho","Divisaderos","Sonora"
"84747","Ranchito de Abajo","Rancho","Divisaderos","Sonora"
"84750","Tepache","Pueblo","Tepache","Sonora"
"84754","Casa Grande","Ejido","Tepache","Sonora"
"84760","Lampazos","Ranchería","Tepache","Sonora"
"84770","Villa Pesqueira (Mátape)","Pueblo","Villa Pesqueira","Sonora"
"84775","Nacori Grande","Ejido","Villa Pesqueira","Sonora"
"84790","Adivino","Ejido","Villa Pesqueira","Sonora"
"84800","Opodepe","Pueblo","Opodepe","Sonora"
"84806","Santa Margarita","Ranchería","Opodepe","Sonora"
"84820","Pueblo Viejo","Ranchería","Opodepe","Sonora"
"84824","Tuape","Ejido","Opodepe","Sonora"
"84830","Querobabi","Pueblo","Opodepe","Sonora"
"84850","Merésichic","Ejido","Opodepe","Sonora"
"84860","Norte","Colonia","Huépac","Sonora"
"84860","Porvenir","Colonia","Huépac","Sonora"
"84860","Sur","Colonia","Huépac","Sonora"
"84860","La Bombita Dos","Ranchería","Huépac","Sonora"
"84860","Huépac Centro","Colonia","Huépac","Sonora"
"84860","Ojo de Agua de Huépac","Colonia","Huépac","Sonora"
"84874","Ranchito de Huépac","Colonia","Huépac","Sonora"
"84880","Banámichi Centro","Colonia","Banámichi","Sonora"
"84890","El Álamo","Rancho","Banámichi","Sonora"
"84890","El Nogal","Rancho","Banámichi","Sonora"
"84890","El Picacho","Rancho","Banámichi","Sonora"
"84893","El Cazo","Ranchería","Banámichi","Sonora"
"84893","El Molino","Rancho","Banámichi","Sonora"
"84893","La Capilla","Rancho","Banámichi","Sonora"
"84894","Bacachi","Rancho","Banámichi","Sonora"
"84894","La Mora","Colonia","Banámichi","Sonora"
"84894","Bajío de Campa","Rancho","Banámichi","Sonora"
"84894","El Bajío de Palo Blanco","Rancho","Banámichi","Sonora"
"84894","Huertita los Martínez","Ranchería","Banámichi","Sonora"
"84894","La Mora (La Granja)","Granja","Banámichi","Sonora"
"84894","La Nopalera","Rancho","Banámichi","Sonora"
"84895","Las Delicias","Ejido","Banámichi","Sonora"
"84895","La Arena Blanca","Ranchería","Banámichi","Sonora"
"84895","La Martina","Rancho","Banámichi","Sonora"
"84900","Alameda","Colonia","Ures","Sonora"
"84900","La Colonia","Colonia","Ures","Sonora"
"84900","La Matanza","Colonia","Ures","Sonora"
"84900","Las Glorias","Colonia","Ures","Sonora"
"84900","Palo Fierro","Colonia","Ures","Sonora"
"84900","San Felipe","Colonia","Ures","Sonora"
"84900","San Pedro de Ures (San Pedro)","Colonia","Ures","Sonora"
"84900","Heroica Ciudad de Ures Centro","Colonia","Ures","Sonora"
"84905","Ranchito de Aguilar","Ejido","Ures","Sonora"
"84905","Santiago de Ures (Santiago)","Ejido","Ures","Sonora"
"84906","San Pedro","Ranchería","Ures","Sonora"
"84906","Puerta del Sol","Ejido","Ures","Sonora"
"84907","El Huahui (Adentro)","Ranchería","Ures","Sonora"
"84907","La Estancia","Barrio","Ures","Sonora"
"84907","El Sauz (Sauz de Ures)","Pueblo","Ures","Sonora"
"84910","San Rafael","Ejido","Ures","Sonora"
"84911","Guadalupe (Guadalupe de Ures)","Pueblo","Ures","Sonora"
"84918","Pueblo de Álamos","Pueblo","Ures","Sonora"
"84919","El Seguro","Ejido","Ures","Sonora"
"84919","Rancho Viejo","Ejido","Ures","Sonora"
"84919","Santa Rosalía","Ejido","Ures","Sonora"
"84920","Aconchi","Pueblo","Aconchi","Sonora"
"84920","Tres Álamos","Ranchería","Aconchi","Sonora"
"84920","Barranca las Higueritas","Rancho","Aconchi","Sonora"
"84920","La Loma","Ranchería","Aconchi","Sonora"
"84920","Establo López","Granja","Aconchi","Sonora"
"84923","Agua Caliente","Rancho","Aconchi","Sonora"
"84923","Rafael Noriega Soufflé","Rancho","Aconchi","Sonora"
"84924","Los Alisos","Rancho","Aconchi","Sonora"
"84924","Las Albóndigas","Rancho","Aconchi","Sonora"
"84925","El Tarais","Rancho","Aconchi","Sonora"
"84925","Represo de Romo","Rancho","Aconchi","Sonora"
"84928","San Pablo (San Pablo de Aconchi)","Barrio","Aconchi","Sonora"
"84928","La Alamedita","Rancho","Aconchi","Sonora"
"84928","Havinanchi","Rancho","Aconchi","Sonora"
"84928","La Higuera","Rancho","Aconchi","Sonora"
"84928","La Alameda","Rancho","Aconchi","Sonora"
"84928","El Rodeo (El Rodeo de Aconchi)","Ranchería","Aconchi","Sonora"
"84929","La Estancia","Pueblo","Aconchi","Sonora"
"84929","La Misión","Rancho","Aconchi","Sonora"
"84930","Maicobabi","Rancho","Aconchi","Sonora"
"84930","Las Garzas","Rancho","Aconchi","Sonora"
"84933","La Sauceda","Ranchería","Aconchi","Sonora"
"84934","Tepúa (El Carricito)","Rancho","Aconchi","Sonora"
"84935","Valencia","Rancho","Aconchi","Sonora"
"84940","Baviácora Centro","Colonia","Baviácora","Sonora"
"84943","Loma Norte","Colonia","Baviácora","Sonora"
"84944","Panteón","Colonia","Baviácora","Sonora"
"84945","Loma Sur","Colonia","Baviácora","Sonora"
"84945","El Bagote","Ranchería","Baviácora","Sonora"
"84950","Mazocahui","Pueblo","Baviácora","Sonora"
"84950","La Aurora","Barrio","Baviácora","Sonora"
"84950","Los Puertecitos (El Puertecito)","Ranchería","Baviácora","Sonora"
"84953","San José (San José de Baviácora)","Pueblo","Baviácora","Sonora"
"84953","Suaqui","Pueblo","Baviácora","Sonora"
"84953","La Capilla","Pueblo","Baviácora","Sonora"
"84953","Las Tortugas","Ranchería","Baviácora","Sonora"
"84953","Las Tres Palmas","Ranchería","Baviácora","Sonora"
"84953","Satebachi","Rancho","Baviácora","Sonora"
"84953","La Compuerta","Ranchería","Baviácora","Sonora"
"84955","El Molinote (Hacienda la Concepción)","Pueblo","Baviácora","Sonora"
"84955","La Labor","Ranchería","Baviácora","Sonora"
"84955","El Herrero","Ranchería","Baviácora","Sonora"
"84957","El Altar","Ranchería","Baviácora","Sonora"
"84957","Los Horcones","Ranchería","Baviácora","Sonora"
"84957","La Junta","Rancho","Baviácora","Sonora"
"84958","El Jaralito","Ranchería","Baviácora","Sonora"
"84960","San Felipe de Jesús Centro","Colonia","San Felipe de Jesús","Sonora"
"84960","El Jojobal","Rancho","San Felipe de Jesús","Sonora"
"84980","Rayón Centro","Colonia","Rayón","Sonora"
"84984","La Paz (La Paz de Rayón)","Ranchería","Rayón","Sonora"
"84987","La Galera (El Yuruh)","Ranchería","Rayón","Sonora"
"84987","La Galera","Hacienda","Rayón","Sonora"
"84988","Cerro de Oro","Ejido","Rayón","Sonora"
"84990","Tres Álamos","Ejido","Rayón","Sonora"
"85000","Ciudad Obregón Centro","Colonia","Cajeme","Sonora"
"85000","Electricista","Colonia","Cajeme","Sonora"
"85000","Urbanizable 1","Colonia","Cajeme","Sonora"
"85000","Urbanizable 2","Colonia","Cajeme","Sonora"
"85000","Urbanizable 3","Colonia","Cajeme","Sonora"
"85000","Urbanizable 4","Colonia","Cajeme","Sonora"
"85000","Urbanizable 5","Colonia","Cajeme","Sonora"
"85000","Urbanizable 7","Colonia","Cajeme","Sonora"
"85010","Real del Sol Ampliación","Fraccionamiento","Cajeme","Sonora"
"85013","Zona Norte Comercial","Zona comercial","Cajeme","Sonora"
"85017","La Candelaria","Fraccionamiento","Cajeme","Sonora"
"85017","Santa Catalina","Fraccionamiento","Cajeme","Sonora"
"85017","Buenaventura","Fraccionamiento","Cajeme","Sonora"
"85017","Almudena","Fraccionamiento","Cajeme","Sonora"
"85017","Residencial los Nogales","Fraccionamiento","Cajeme","Sonora"
"85017","Monarcas","Fraccionamiento","Cajeme","Sonora"
"85017","Montelucia Residencial","Fraccionamiento","Cajeme","Sonora"
"85017","Arboleda","Fraccionamiento","Cajeme","Sonora"
"85017","Tossá Residencial","Fraccionamiento","Cajeme","Sonora"
"85019","Obregón Norte Ampliación","Colonia","Cajeme","Sonora"
"85019","Obregón Norte","Colonia","Cajeme","Sonora"
"85019","Real del Sol","Fraccionamiento","Cajeme","Sonora"
"85019","Santa Fe","Fraccionamiento","Cajeme","Sonora"
"85019","Los Alisos","Colonia","Cajeme","Sonora"
"85019","Ejidatarios","Fraccionamiento","Cajeme","Sonora"
"85019","Mirasoles","Fraccionamiento","Cajeme","Sonora"
"85019","Instituto Senda del Yaqui","Equipamiento","Cajeme","Sonora"
"85020","Matías Méndez Limón","Colonia","Cajeme","Sonora"
"85020","Manlio Fabio Beltrones","Colonia","Cajeme","Sonora"
"85020","Villa Guadalupe","Colonia","Cajeme","Sonora"
"85020","Amanecer 1","Fraccionamiento","Cajeme","Sonora"
"85020","Nuevo Amanecer","Fraccionamiento","Cajeme","Sonora"
"85020","Pioneros de Cajeme","Colonia","Cajeme","Sonora"
"85023","Sierra Vista","Fraccionamiento","Cajeme","Sonora"
"85024","Amanecer 2","Fraccionamiento","Cajeme","Sonora"
"85024","Los Olivos","Fraccionamiento","Cajeme","Sonora"
"85030","Los Balcones","Colonia","Cajeme","Sonora"
"85030","Los Poetas","Colonia","Cajeme","Sonora"
"85030","Agrónomos","Colonia","Cajeme","Sonora"
"85037","La Rioja Residencial","Fraccionamiento","Cajeme","Sonora"
"85037","Puente Real","Fraccionamiento","Cajeme","Sonora"
"85038","El Túnel Quintana Roo","Colonia","Cajeme","Sonora"
"85038","Villa California","Fraccionamiento","Cajeme","Sonora"
"85038","La Joya","Colonia","Cajeme","Sonora"
"85038","El Túnel","Colonia","Cajeme","Sonora"
"85038","Granjas FOVISSSTE Norte (Codornices)","Fraccionamiento","Cajeme","Sonora"
"85039","Lomas del Paraíso","Fraccionamiento","Cajeme","Sonora"
"85039","San Pedro Residencial","Fraccionamiento","Cajeme","Sonora"
"85039","FOVISSSTE III","Fraccionamiento","Cajeme","Sonora"
"85039","El Paraíso","Fraccionamiento","Cajeme","Sonora"
"85039","Alta California","Fraccionamiento","Cajeme","Sonora"
"85039","Sonora Agropecuaria (Bachoco)","Granja","Cajeme","Sonora"
"85040","Privada Toscana","Fraccionamiento","Cajeme","Sonora"
"85040","Villa California Zona Norte","Fraccionamiento","Cajeme","Sonora"
"85040","Zona Norte","Colonia","Cajeme","Sonora"
"85040","Pioneros","Fraccionamiento","Cajeme","Sonora"
"85050","Albatorre","Fraccionamiento","Cajeme","Sonora"
"85050","Cajeme","Colonia","Cajeme","Sonora"
"85050","Nuevo Cajeme","Fraccionamiento","Cajeme","Sonora"
"85050","Real del Bosque","Fraccionamiento","Cajeme","Sonora"
"85050","Villa San Antonio","Colonia","Cajeme","Sonora"
"85050","Real del Norte","Fraccionamiento","Cajeme","Sonora"
"85053","Las Puertas","Fraccionamiento","Cajeme","Sonora"
"85053","Puerta de Hierro","Fraccionamiento","Cajeme","Sonora"
"85053","Los Ángeles","Fraccionamiento","Cajeme","Sonora"
"85053","Casa Real","Fraccionamiento","Cajeme","Sonora"
"85053","Los Patios Residencial","Fraccionamiento","Cajeme","Sonora"
"85053","Luis Donaldo Colosio","Colonia","Cajeme","Sonora"
"85053","Villas del Campestre","Fraccionamiento","Cajeme","Sonora"
"85053","Villas del Palmar","Fraccionamiento","Cajeme","Sonora"
"85053","Real de Sabinos","Fraccionamiento","Cajeme","Sonora"
"85059","Aeropuerto Internacional de Ciudad Obregón","Aeropuerto","Cajeme","Sonora"
"85060","Benito Juárez","Colonia","Cajeme","Sonora"
"85060","Los Misioneros (Cachimbas)","Colonia","Cajeme","Sonora"
"85063","Linda Vista","Fraccionamiento","Cajeme","Sonora"
"85063","Mirasierra","Fraccionamiento","Cajeme","Sonora"
"85063","Vista Hermosa","Fraccionamiento","Cajeme","Sonora"
"85064","Las Haciendas los Monjes","Fraccionamiento","Cajeme","Sonora"
"85064","Hacienda San José","Fraccionamiento","Cajeme","Sonora"
"85064","Privadas del Campanario","Fraccionamiento","Cajeme","Sonora"
"85064","Jardines del Lago","Fraccionamiento","Cajeme","Sonora"
"85064","Campanario","Fraccionamiento","Cajeme","Sonora"
"85064","Las Haciendas","Fraccionamiento","Cajeme","Sonora"
"85064","Real de Sevilla","Fraccionamiento","Cajeme","Sonora"
"85065","Calzada Residencial","Fraccionamiento","Cajeme","Sonora"
"85065","Parque Industrial","Zona industrial","Cajeme","Sonora"
"85065","Ramiro Valdéz (El Chorizo)","Colonia","Cajeme","Sonora"
"85065","Villa Satélite","Fraccionamiento","Cajeme","Sonora"
"85070","La Reforma","Colonia","Cajeme","Sonora"
"85080","Municipio Libre","Colonia","Cajeme","Sonora"
"85080","Las Campanas","Fraccionamiento","Cajeme","Sonora"
"85080","Ampliación Miguel Alemán","Colonia","Cajeme","Sonora"
"85090","San Anselmo","Fraccionamiento","Cajeme","Sonora"
"85090","Miravalle","Fraccionamiento","Cajeme","Sonora"
"85090","Ampliación Miravalle","Fraccionamiento","Cajeme","Sonora"
"85095","Valle Dorado","Fraccionamiento","Cajeme","Sonora"
"85096","Villa Fontana","Fraccionamiento","Cajeme","Sonora"
"85096","Nueva Galicia","Fraccionamiento","Cajeme","Sonora"
"85096","El Rodeo","Fraccionamiento","Cajeme","Sonora"
"85096","Villas de Cortés","Fraccionamiento","Cajeme","Sonora"
"85097","Los Héroes","Fraccionamiento","Cajeme","Sonora"
"85097","Valle Verde","Colonia","Cajeme","Sonora"
"85097","Villas del Trigo","Fraccionamiento","Cajeme","Sonora"
"85097","Misión del Sol","Fraccionamiento","Cajeme","Sonora"
"85097","Paseo Alameda","Fraccionamiento","Cajeme","Sonora"
"85097","Hacienda del Sol","Fraccionamiento","Cajeme","Sonora"
"85098","Santa Cecilia","Fraccionamiento","Cajeme","Sonora"
"85098","La Misión","Fraccionamiento","Cajeme","Sonora"
"85098","Sóstenes Valenzuela","Colonia","Cajeme","Sonora"
"85098","Primero de Mayo","Fraccionamiento","Cajeme","Sonora"
"85098","Primavera","Fraccionamiento","Cajeme","Sonora"
"85098","Misión San Xavier","Fraccionamiento","Cajeme","Sonora"
"85098","Misión del Real","Fraccionamiento","Cajeme","Sonora"
"85098","Misión San Rafael","Fraccionamiento","Cajeme","Sonora"
"85099","Misión del Prado","Fraccionamiento","Cajeme","Sonora"
"85099","Central de Abastos","Zona comercial","Cajeme","Sonora"
"85099","Las Misiones","Fraccionamiento","Cajeme","Sonora"
"85100","Privada los Olivos","Fraccionamiento","Cajeme","Sonora"
"85100","Norte","Fraccionamiento","Cajeme","Sonora"
"85100","Chapultepec","Colonia","Cajeme","Sonora"
"85100","Noroeste","Colonia","Cajeme","Sonora"
"85100","Cincuentenario","Fraccionamiento","Cajeme","Sonora"
"85100","Altar Residencial","Fraccionamiento","Cajeme","Sonora"
"85100","Villa Tetabiate","Fraccionamiento","Cajeme","Sonora"
"85110","Cuauhtémoc (Urbanizable 6)","Colonia","Cajeme","Sonora"
"85110","Morelos","Colonia","Cajeme","Sonora"
"85110","La Ladrillera","Colonia","Cajeme","Sonora"
"85110","Quinta Díaz","Colonia","Cajeme","Sonora"
"85110","Ampliación Cuauhtémoc (Urbanizable 6)","Colonia","Cajeme","Sonora"
"85120","Del Valle","Colonia","Cajeme","Sonora"
"85120","FOVISSSTE I","Fraccionamiento","Cajeme","Sonora"
"85120","INFONAVIT Yucuhimari","Fraccionamiento","Cajeme","Sonora"
"85120","Santa Anita","Colonia","Cajeme","Sonora"
"85120","Multifamiliares IMSS","Colonia","Cajeme","Sonora"
"85130","Privada Madrid","Fraccionamiento","Cajeme","Sonora"
"85130","Bellavista","Colonia","Cajeme","Sonora"
"85130","Fuentes del Bosque","Fraccionamiento","Cajeme","Sonora"
"85130","Del Bosque","Colonia","Cajeme","Sonora"
"85130","Villa ITSON","Fraccionamiento","Cajeme","Sonora"
"85130","Bosques del Nainari","Fraccionamiento","Cajeme","Sonora"
"85134","Catena Residencial","Fraccionamiento","Cajeme","Sonora"
"85134","Monterra","Fraccionamiento","Cajeme","Sonora"
"85134","San Marino","Fraccionamiento","Cajeme","Sonora"
"85134","Casa Blanca","Fraccionamiento","Cajeme","Sonora"
"85134","San Juan Capistrano","Fraccionamiento","Cajeme","Sonora"
"85134","Privada de la Laguna","Fraccionamiento","Cajeme","Sonora"
"85134","Los Misioneros","Fraccionamiento","Cajeme","Sonora"
"85134","El Nainari","Hacienda","Cajeme","Sonora"
"85134","Providencia","Ranchería","Cajeme","Sonora"
"85136","Villa del Rey","Fraccionamiento","Cajeme","Sonora"
"85136","Montecarlo","Fraccionamiento","Cajeme","Sonora"
"85136","Sonora Soft Technology Park","Zona industrial","Cajeme","Sonora"
"85136","Alameda del Cedro","Fraccionamiento","Cajeme","Sonora"
"85136","Villas del Real","Fraccionamiento","Cajeme","Sonora"
"85136","Villas del Rey Colonial","Fraccionamiento","Cajeme","Sonora"
"85136","Alameda del Cedro II","Fraccionamiento","Cajeme","Sonora"
"85136","Campo Dos (Ejido Tepeyac)","Ranchería","Cajeme","Sonora"
"85137","Privada Buenavista","Fraccionamiento","Cajeme","Sonora"
"85137","Nainari del Yaqui","Colonia","Cajeme","Sonora"
"85138","Villas del Nainari","Fraccionamiento","Cajeme","Sonora"
"85138","ISSSTESON","Fraccionamiento","Cajeme","Sonora"
"85138","Del Lago","Fraccionamiento","Cajeme","Sonora"
"85140","Cumuripa","Colonia","Cajeme","Sonora"
"85140","FOVISSSTE II","Fraccionamiento","Cajeme","Sonora"
"85140","Hidalgo","Colonia","Cajeme","Sonora"
"85140","Otancahui","Fraccionamiento","Cajeme","Sonora"
"85140","Las Arboledas","Colonia","Cajeme","Sonora"
"85140","Lázaro Mercado","Colonia","Cajeme","Sonora"
"85140","Las Torres","Fraccionamiento","Cajeme","Sonora"
"85140","Bugambilias","Fraccionamiento","Cajeme","Sonora"
"85140","Palmar","Fraccionamiento","Cajeme","Sonora"
"85140","Racket","Fraccionamiento","Cajeme","Sonora"
"85140","Villa Florencia","Fraccionamiento","Cajeme","Sonora"
"85140","Villa Mezquite","Fraccionamiento","Cajeme","Sonora"
"85140","Galeana","Fraccionamiento","Cajeme","Sonora"
"85149","El Sahuaro","Colonia","Cajeme","Sonora"
"85149","Ampliación Cumuripa","Colonia","Cajeme","Sonora"
"85149","Real del Arco","Fraccionamiento","Cajeme","Sonora"
"85150","La Florida","Fraccionamiento","Cajeme","Sonora"
"85150","Las Flores","Fraccionamiento","Cajeme","Sonora"
"85150","Libertad","Colonia","Cajeme","Sonora"
"85150","Prados del Tepeyac","Colonia","Cajeme","Sonora"
"85150","Sochiloa","Colonia","Cajeme","Sonora"
"85150","Hacienda Real","Fraccionamiento","Cajeme","Sonora"
"85150","Prados del Tepeyac Terra","Colonia","Cajeme","Sonora"
"85150","Prados del Tepeyac Promo Hábitat","Fraccionamiento","Cajeme","Sonora"
"85150","Los Portales","Fraccionamiento","Cajeme","Sonora"
"85154","Compostela Residencial","Fraccionamiento","Cajeme","Sonora"
"85154","Villa Alegre","Fraccionamiento","Cajeme","Sonora"
"85154","Las Fuentes","Fraccionamiento","Cajeme","Sonora"
"85154","Los Arcos","Fraccionamiento","Cajeme","Sonora"
"85154","Las Espigas","Fraccionamiento","Cajeme","Sonora"
"85154","Las Fuentes II","Fraccionamiento","Cajeme","Sonora"
"85154","Colinas del Yaqui","Fraccionamiento","Cajeme","Sonora"
"85154","Villa Aurora","Fraccionamiento","Cajeme","Sonora"
"85154","Torre de París","Fraccionamiento","Cajeme","Sonora"
"85154","Posada del Sol","Fraccionamiento","Cajeme","Sonora"
"85157","Las Brisas","Fraccionamiento","Cajeme","Sonora"
"85157","Prados de la Laguna","Fraccionamiento","Cajeme","Sonora"
"85160","Chihuahua","Fraccionamiento","Cajeme","Sonora"
"85160","La Herradura","Fraccionamiento","Cajeme","Sonora"
"85160","Campestre","Colonia","Cajeme","Sonora"
"85160","Cortinas Primera Sección","Colonia","Cajeme","Sonora"
"85160","Campestre 2da. Ampliación","Colonia","Cajeme","Sonora"
"85167","Cortinas Cuarta Sección","Colonia","Cajeme","Sonora"
"85168","Cortinas Tercera Sección","Colonia","Cajeme","Sonora"
"85169","Cortinas Segunda Sección","Colonia","Cajeme","Sonora"
"85170","Constitución","Colonia","Cajeme","Sonora"
"85180","Faustino Félix Serna","Colonia","Cajeme","Sonora"
"85180","Fraccionamiento Comercial 300","Equipamiento","Cajeme","Sonora"
"85190","El Mezquital","Colonia","Cajeme","Sonora"
"85190","Camino Real","Fraccionamiento","Cajeme","Sonora"
"85190","Los Girasoles","Fraccionamiento","Cajeme","Sonora"
"85190","Nueva Palmira","Fraccionamiento","Cajeme","Sonora"
"85190","México","Colonia","Cajeme","Sonora"
"85190","Rincón del Valle","Fraccionamiento","Cajeme","Sonora"
"85190","Villas del Real","Fraccionamiento","Cajeme","Sonora"
"85190","Palma Real","Fraccionamiento","Cajeme","Sonora"
"85190","Quinta Real","Fraccionamiento","Cajeme","Sonora"
"85190","Pedregal","Fraccionamiento","Cajeme","Sonora"
"85190","Los Álamos 2","Fraccionamiento","Cajeme","Sonora"
"85190","Los Álamos","Fraccionamiento","Cajeme","Sonora"
"85190","Real del Valle","Fraccionamiento","Cajeme","Sonora"
"85190","El Roble","Fraccionamiento","Cajeme","Sonora"
"85190","Los Encinos","Fraccionamiento","Cajeme","Sonora"
"85190","Los Encinos II","Fraccionamiento","Cajeme","Sonora"
"85193","Los Presidentes","Fraccionamiento","Cajeme","Sonora"
"85193","El Campito","Ranchería","Cajeme","Sonora"
"85193","Ricardo Topete","Ranchería","Cajeme","Sonora"
"85193","Santa Bárbara","Ranchería","Cajeme","Sonora"
"85193","Valle Blanco","Ranchería","Cajeme","Sonora"
"85194","Francisco Eusebio Kino","Colonia","Cajeme","Sonora"
"85195","Maximiliano Rubio López","Colonia","Cajeme","Sonora"
"85195","Cuauhtémoc Cárdenas","Colonia","Cajeme","Sonora"
"85195","Esperanza Tiznada","Colonia","Cajeme","Sonora"
"85196","Jardines del Valle","Fraccionamiento","Cajeme","Sonora"
"85197","Russo Vogel","Colonia","Cajeme","Sonora"
"85198","Valle del Sol","Fraccionamiento","Cajeme","Sonora"
"85198","Los Algodones","Fraccionamiento","Cajeme","Sonora"
"85198","Aves del Castillo","Colonia","Cajeme","Sonora"
"85198","Las Palmas","Fraccionamiento","Cajeme","Sonora"
"85198","Los Sauces","Fraccionamiento","Cajeme","Sonora"
"85198","Villas del Sol","Fraccionamiento","Cajeme","Sonora"
"85198","Sonora","Colonia","Cajeme","Sonora"
"85198","Aves del Castillo Ultrateck","Colonia","Cajeme","Sonora"
"85199","Misión San Gabriel","Fraccionamiento","Cajeme","Sonora"
"85199","Misión San Gabriel II","Fraccionamiento","Cajeme","Sonora"
"85199","Misión San Gabriel III","Fraccionamiento","Cajeme","Sonora"
"85199","Los Horizontes Campestres","Fraccionamiento","Cajeme","Sonora"
"85199","Praderas del Sur","Fraccionamiento","Cajeme","Sonora"
"85199","Provenza","Fraccionamiento","Cajeme","Sonora"
"85199","Robles del Castillo","Colonia","Cajeme","Sonora"
"85199","Álvaro Obregón (El Ranchito)","Ranchería","Cajeme","Sonora"
"85199","Robles del Castillo Colectivista","Colonia","Cajeme","Sonora"
"85199","Luis Echeverría Álvarez (Álvaro Obregón)","Colonia","Cajeme","Sonora"
"85199","Pradera Bonita","Fraccionamiento","Cajeme","Sonora"
"85199","San Javier","Ranchería","Cajeme","Sonora"
"85199","Las Cobras","Rancho","Cajeme","Sonora"
"85200","Vida Digna","Colonia","Cajeme","Sonora"
"85200","Terrenos Campestres","Colonia","Cajeme","Sonora"
"85200","Pueblo Yaqui","Colonia","Cajeme","Sonora"
"85200","Zona Urbana","Colonia","Cajeme","Sonora"
"85200","Mario Salcedo [Bloque 905]","Ejido","Cajeme","Sonora"
"85200","Héroes del 47","Colonia","Cajeme","Sonora"
"85200","16 de Julio (Rodrigo Macías)","Ejido","Cajeme","Sonora"
"85200","Pascual V Ayón","Barrio","Cajeme","Sonora"
"85200","Adelaida Rábago","Ranchería","Cajeme","Sonora"
"85200","Aeródromo Brizuela","Ranchería","Cajeme","Sonora"
"85200","Alberto Yépiz Beltrán (Bloque 803)","Ranchería","Cajeme","Sonora"
"85200","Santos Castro","Ranchería","Cajeme","Sonora"
"85200","Bachoco","Ranchería","Cajeme","Sonora"
"85200","Benito Zayas","Ranchería","Cajeme","Sonora"
"85200","Blas Guerrero","Ranchería","Cajeme","Sonora"
"85200","Invernadero Luders [Bloque 901]","Ranchería","Cajeme","Sonora"
"85200","Alfredo Oroz [Bloque 903]","Ranchería","Cajeme","Sonora"
"85200","Calle Nueve y Canal Bajo","Ejido","Cajeme","Sonora"
"85200","Campo Cincuenta (Bloque 707)","Ranchería","Cajeme","Sonora"
"85200","Jesús Rodriguez","Ranchería","Cajeme","Sonora"
"85200","Ricardo Orduño","Ranchería","Cajeme","Sonora"
"85200","Campo de Amezcua","Ranchería","Cajeme","Sonora"
"85200","Calle 5 [700 y 800]","Ranchería","Cajeme","Sonora"
"85200","Campo de Carlos Dengel (Bloque 701)","Ranchería","Cajeme","Sonora"
"85200","María Esther Jocobi Valdéz","Ranchería","Cajeme","Sonora"
"85200","Campo de Chamelia","Ejido","Cajeme","Sonora"
"85200","Campo de Isidro Aragón","Ranchería","Cajeme","Sonora"
"85200","Javier Reynoso","Ranchería","Cajeme","Sonora"
"85200","Campo de los Castro (Bloque 609)","Ranchería","Cajeme","Sonora"
"85200","Campo de Róbinson Bours","Ranchería","Cajeme","Sonora"
"85200","Campo de Saldívar","Ranchería","Cajeme","Sonora"
"85200","Campo Millanes","Ranchería","Cajeme","Sonora"
"85200","Campo Emilio Carrasco","Ranchería","Cajeme","Sonora"
"85200","Campo Enrique Luders (Bloque 807)","Ranchería","Cajeme","Sonora"
"85200","Carlos García","Ranchería","Cajeme","Sonora"
"85200","Campo María Elena","Ranchería","Cajeme","Sonora"
"85200","Los Arvizu","Ranchería","Cajeme","Sonora"
"85200","Campo Santa Mina","Ranchería","Cajeme","Sonora"
"85200","Campo Treinta y Cinco","Ranchería","Cajeme","Sonora"
"85200","Campo Treinta y Cinco (Bloque 705)","Ranchería","Cajeme","Sonora"
"85200","Campo 34","Ranchería","Cajeme","Sonora"
"85200","Campo Veintidós","Ejido","Cajeme","Sonora"
"85200","Guadalupe Silvia Chávez","Ranchería","Cajeme","Sonora"
"85200","Damián Ignacio","Ranchería","Cajeme","Sonora"
"85200","Crucero Seiscientos y Meridiano","Ejido","Cajeme","Sonora"
"85200","Cruz Briseño","Ranchería","Cajeme","Sonora"
"85200","Don Chuy (La Setecientos)","Ranchería","Cajeme","Sonora"
"85200","Domingo Ávila","Ranchería","Cajeme","Sonora"
"85200","Los Parceleros","Ranchería","Cajeme","Sonora"
"85200","Miguel Álvarez","Ranchería","Cajeme","Sonora"
"85200","Bloque 703","Ranchería","Cajeme","Sonora"
"85200","Toribio Velázquez (Melesio Yocupicio)","Ejido","Cajeme","Sonora"
"85200","Toribio Velázquez (El Tejabán)","Ejido","Cajeme","Sonora"
"85200","Campo Beltrán","Ranchería","Cajeme","Sonora"
"85200","El Coyote","Ejido","Cajeme","Sonora"
"85200","El Genovevo (Bloque 1104)","Ranchería","Cajeme","Sonora"
"85200","El Milagro","Ranchería","Cajeme","Sonora"
"85200","El Bambú","Ranchería","Cajeme","Sonora"
"85200","El Seis Viejo (El Seis)","Ranchería","Cajeme","Sonora"
"85200","El Tigre","Ranchería","Cajeme","Sonora"
"85200","El Triunfo (Ejido Constituyentes)","Ranchería","Cajeme","Sonora"
"85200","Emeterio Cota","Ranchería","Cajeme","Sonora"
"85200","Moisés Flores","Ranchería","Cajeme","Sonora"
"85200","Familia Cordero","Ranchería","Cajeme","Sonora"
"85200","Familia Urbalejo","Ranchería","Cajeme","Sonora"
"85200","Fermín Moroyoqui (Bloque 1108)","Ranchería","Cajeme","Sonora"
"85200","Fernando Rojo","Ranchería","Cajeme","Sonora"
"85200","Germán Soto (Bloque 1006)","Ranchería","Cajeme","Sonora"
"85200","Guillermo Faiters","Ranchería","Cajeme","Sonora"
"85200","Tata Lázaro","Ranchería","Cajeme","Sonora"
"85200","Héctor Mercado","Ranchería","Cajeme","Sonora"
"85200","Héctor Vázquez","Ranchería","Cajeme","Sonora"
"85200","Homogono Briceño","Ranchería","Cajeme","Sonora"
"85200","Jesús Ricardo Mendoza","Ranchería","Cajeme","Sonora"
"85200","María Dora Vallarta Lugardo","Ranchería","Cajeme","Sonora"
"85200","Jorge Murrieta","Ranchería","Cajeme","Sonora"
"85200","José Ángel Ruiz","Ranchería","Cajeme","Sonora"
"85200","José Báez","Ranchería","Cajeme","Sonora"
"85200","José Villegas","Ranchería","Cajeme","Sonora"
"85200","Juan Carlos Terrazas","Ranchería","Cajeme","Sonora"
"85200","Ficus","Ranchería","Cajeme","Sonora"
"85200","El Oasis [Albercas]","Ranchería","Cajeme","Sonora"
"85200","La Escoba (Calle Uno y Seiscientos)","Ranchería","Cajeme","Sonora"
"85200","La Huerta (Bloque 601)","Ranchería","Cajeme","Sonora"
"85200","La Nueve","Ranchería","Cajeme","Sonora"
"85200","La Orgullosa","Ranchería","Cajeme","Sonora"
"85200","Verde y Noble Mezquite","Rancho","Cajeme","Sonora"
"85200","Las Muñecas","Rancho","Cajeme","Sonora"
"85200","Las Palmas","Ranchería","Cajeme","Sonora"
"85200","Lázaro Ayala","Ranchería","Cajeme","Sonora"
"85200","Real de Bobadilla [Establo]","Ranchería","Cajeme","Sonora"
"85200","Los Ángulos","Ranchería","Cajeme","Sonora"
"85200","La Esperancita","Ranchería","Cajeme","Sonora"
"85200","Los Chinos","Ranchería","Cajeme","Sonora"
"85200","Los Chulos","Ranchería","Cajeme","Sonora"
"85200","Los Jugados","Ranchería","Cajeme","Sonora"
"85200","Manuel Angulo","Ranchería","Cajeme","Sonora"
"85200","Manuel Velázquez","Ranchería","Cajeme","Sonora"
"85200","Federico Arredondo Portillo","Ranchería","Cajeme","Sonora"
"85200","Martha Valdez","Ranchería","Cajeme","Sonora"
"85200","Leonardo Cota","Ranchería","Cajeme","Sonora"
"85200","Cruzberto Buitimea","Ranchería","Cajeme","Sonora"
"85200","Mil Cien y Canal Bajo","Ranchería","Cajeme","Sonora"
"85200","Modesto Vázquez","Ranchería","Cajeme","Sonora"
"85200","Nueve y Media y 5 de Febrero (Bloque 1008)","Ranchería","Cajeme","Sonora"
"85200","Oficina Distrito de Riego","Ejido","Cajeme","Sonora"
"85200","Jesús Valdez","Ranchería","Cajeme","Sonora"
"85200","Oviachic","Ranchería","Cajeme","Sonora"
"85200","Pablo Barrón (Campo 34)","Ranchería","Cajeme","Sonora"
"85200","Palo Quemado","Ranchería","Cajeme","Sonora"
"85200","Patricia Martínez","Ranchería","Cajeme","Sonora"
"85200","Pedro Valenzuela","Ranchería","Cajeme","Sonora"
"85200","Pistas de los Frías (Bloque 706)","Ranchería","Cajeme","Sonora"
"85200","Poblado Calle Nueve","Ranchería","Cajeme","Sonora"
"85200","Bachoco [Porcícola]","Ranchería","Cajeme","Sonora"
"85200","Francisco Javier Naranjo","Ranchería","Cajeme","Sonora"
"85200","Ramón Delgado","Ranchería","Cajeme","Sonora"
"85200","Ramón Oroz","Ranchería","Cajeme","Sonora"
"85200","Carmen Piñuelas Castro","Ranchería","Cajeme","Sonora"
"85200","Rogelio Ceballos","Ranchería","Cajeme","Sonora"
"85200","Rogelio López","Ranchería","Cajeme","Sonora"
"85200","Miguel Arredondo Barrón","Ranchería","Cajeme","Sonora"
"85200","Rosa Amalia Ceballos","Ranchería","Cajeme","Sonora"
"85200","Micaela Balderrama","Ranchería","Cajeme","Sonora"
"85200","Rosario Contreras (Bloque 902)","Ranchería","Cajeme","Sonora"
"85200","Toribio Valenzuela Aguilar","Ranchería","Cajeme","Sonora"
"85200","Constituyentes","Ejido","Cajeme","Sonora"
"85200","Santa Angélica","Ranchería","Cajeme","Sonora"
"85200","Sergios","Ranchería","Cajeme","Sonora"
"85200","Sigifredo Sigmán","Ranchería","Cajeme","Sonora"
"85200","Silvano Beltrán (Bloque 1206)","Ranchería","Cajeme","Sonora"
"85200","Rosaira Vázquez","Ranchería","Cajeme","Sonora"
"85200","Teresa Ramírez","Ranchería","Cajeme","Sonora"
"85200","Tiasa","Ranchería","Cajeme","Sonora"
"85200","Oralia Aragón","Ranchería","Cajeme","Sonora"
"85200","Campestre","Colonia","Cajeme","Sonora"
"85200","Javier Lamarque Cano","Colonia","Cajeme","Sonora"
"85200","Juárez Blancas","Colonia","Cajeme","Sonora"
"85200","Mártires de San Ignacio","Colonia","Cajeme","Sonora"
"85200","Rodolfo Félix Valdez","Colonia","Cajeme","Sonora"
"85200","Zona Ejidal","Colonia","Cajeme","Sonora"
"85203","Cuauhtémoc (Campo Cinco)","Colonia","Cajeme","Sonora"
"85203","Anselmo López Portillo","Colonia","Cajeme","Sonora"
"85203","Nueva Creación","Colonia","Cajeme","Sonora"
"85203","Cajeme","Ejido","Cajeme","Sonora"
"85203","Providencia","Colonia","Cajeme","Sonora"
"85203","Los Capomos","Ranchería","Cajeme","Sonora"
"85203","Campo Veintiocho","Colonia","Cajeme","Sonora"
"85203","Francisco I Madero (Campo 30)","Ejido","Cajeme","Sonora"
"85203","Mora Villalobos (Campo 29)","Ejido","Cajeme","Sonora"
"85203","Campo Cinco (Bloque 501)","Ejido","Cajeme","Sonora"
"85203","Guadalupe Victoria","Colonia","Cajeme","Sonora"
"85203","México (Grupo México)","Colonia","Cajeme","Sonora"
"85203","Campo Número Seis (Cinco y Medio)","Ejido","Cajeme","Sonora"
"85203","La Argentina","Colonia","Cajeme","Sonora"
"85203","Zona de Granjas (Granjas Mica)","Colonia","Cajeme","Sonora"
"85203","Las Areneras","Colonia","Cajeme","Sonora"
"85203","Severo Girón","Colonia","Cajeme","Sonora"
"85203","Chamizal (Predio Tozalcahui)","Ejido","Cajeme","Sonora"
"85203","6 de Enero","Ranchería","Cajeme","Sonora"
"85203","Abel Murrieta","Ranchería","Cajeme","Sonora"
"85203","Las Palapas","Ranchería","Cajeme","Sonora"
"85203","Adrián Félix Orduño","Ranchería","Cajeme","Sonora"
"85203","Agostadero","Ejido","Cajeme","Sonora"
"85203","Agrícola del Nainari (Block 514)","Ranchería","Cajeme","Sonora"
"85203","Espíritu Santo [Agrícola]","Ejido","Cajeme","Sonora"
"85203","Agrofrutícola Guaymitas","Ejido","Cajeme","Sonora"
"85203","Agropecuaria del Río Yaqui","Ranchería","Cajeme","Sonora"
"85203","Palmarejo","Granja","Cajeme","Sonora"
"85203","Alberto Valenzuela (Tozalcahui)","Ranchería","Cajeme","Sonora"
"85203","Gregorio Salazar Cota","Ranchería","Cajeme","Sonora"
"85203","AMSA","Ranchería","Cajeme","Sonora"
"85203","Andrés López Castro","Ranchería","Cajeme","Sonora"
"85203","Antonio Esquer","Ranchería","Cajeme","Sonora"
"85203","Bloque 602 (500 y Meridiano)","Ejido","Cajeme","Sonora"
"85203","Arnulfo Coronado","Ranchería","Cajeme","Sonora"
"85203","Arrieros de Cajeme","Ranchería","Cajeme","Sonora"
"85203","Cipriana Ramírez","Ranchería","Cajeme","Sonora"
"85203","El Nacapul [Avícola]","Ranchería","Cajeme","Sonora"
"85203","Avícola Bachoco Veintidós Cero Cuatro","Ranchería","Cajeme","Sonora"
"85203","Bachoco 32-22 (El Milagro)","Ranchería","Cajeme","Sonora"
"85203","Bachoco Veinticuatro Cero Seis [Avícola]","Ranchería","Cajeme","Sonora"
"85203","Bachoco Veinticuatro Cero Tres [Avícola]","Ranchería","Cajeme","Sonora"
"85203","Benito Juárez","Colonia","Cajeme","Sonora"
"85203","Bertha Gómez","Ranchería","Cajeme","Sonora"
"85203","Bloque Seiscientos Diez","Ranchería","Cajeme","Sonora"
"85203","Bordo del Canal Bajo","Ranchería","Cajeme","Sonora"
"85203","Bordo del Canal (Calzada Francisco Villanueva)","Ejido","Cajeme","Sonora"
"85203","Bordo del Canal Alto","Ejido","Cajeme","Sonora"
"85203","Bruno Ibarra (Rancho Cerezo)","Rancho","Cajeme","Sonora"
"85203","Calle Muerta","Barrio","Cajeme","Sonora"
"85203","Campo Carabeo (Ejido Cócorit)","Ranchería","Cajeme","Sonora"
"85203","El Cincuenta y Cinco","Ranchería","Cajeme","Sonora"
"85203","Campo Cincuenta y Seis","Ranchería","Cajeme","Sonora"
"85203","Campo de Fermín","Ranchería","Cajeme","Sonora"
"85203","Campo del Indio Romero","Ranchería","Cajeme","Sonora"
"85203","Campo Guadalupe","Ranchería","Cajeme","Sonora"
"85203","Campo Jory","Ranchería","Cajeme","Sonora"
"85203","Campo Nacapul","Ranchería","Cajeme","Sonora"
"85203","Campo Rafael Acuña","Ranchería","Cajeme","Sonora"
"85203","Campo Román","Ranchería","Cajeme","Sonora"
"85203","Campo Rosenda (Rosenda Ballesteros Reyes)","Ranchería","Cajeme","Sonora"
"85203","Campo Sabori (Hermelinda Sabori)","Ranchería","Cajeme","Sonora"
"85203","Campo San Juan","Ranchería","Cajeme","Sonora"
"85203","Campo 505","Ranchería","Cajeme","Sonora"
"85203","Campo Treinta y Uno (Ampliación Treinta y Uno)","Ranchería","Cajeme","Sonora"
"85203","Campo Veinticinco","Ranchería","Cajeme","Sonora"
"85203","Campo Veinticuatro","Ranchería","Cajeme","Sonora"
"85203","Ley Fer [Campo Avícola]","Ranchería","Cajeme","Sonora"
"85203","Campo Veintisiete (Maximiliano Olivas)","Ranchería","Cajeme","Sonora"
"85203","Campo Veintisiete (Rómulo Díaz Brown)","Ranchería","Cajeme","Sonora"
"85203","Cristo Rey [Marmolería]","Ranchería","Cajeme","Sonora"
"85203","Canal Alto los Capomos","Ranchería","Cajeme","Sonora"
"85203","Canal Cuatro y Meridiano","Ranchería","Cajeme","Sonora"
"85203","Carlos Valenzuela Pérez (Ejido Cócorit)","Ranchería","Cajeme","Sonora"
"85203","Carlos Verdugo (Bloque 307)","Ranchería","Cajeme","Sonora"
"85203","Caseta (Canal Cuatro y Principal)","Ranchería","Cajeme","Sonora"
"85203","Centro de Superación (Juan Navarrete y Guerrero)","Ranchería","Cajeme","Sonora"
"85203","La Laguna (Cesáreo Delgadillo)","Ranchería","Cajeme","Sonora"
"85203","Reyes Domínguez","Rancho","Cajeme","Sonora"
"85203","Club Aéreo del Yaqui","Ranchería","Cajeme","Sonora"
"85203","Comunidad Xóchitl (Grupo Xóchitl)","Ranchería","Cajeme","Sonora"
"85203","Crisóforo Serrano García","Ranchería","Cajeme","Sonora"
"85203","Cuadra Tornado","Ranchería","Cajeme","Sonora"
"85203","Curva del Seminario","Ranchería","Cajeme","Sonora"
"85203","Daniel López González","Ranchería","Cajeme","Sonora"
"85203","Ramón Zepeda","Ranchería","Cajeme","Sonora"
"85203","Doctor Barba","Ranchería","Cajeme","Sonora"
"85203","Piedras Blancas","Ranchería","Cajeme","Sonora"
"85203","Don José Díaz","Ranchería","Cajeme","Sonora"
"85203","Don Luis","Ranchería","Cajeme","Sonora"
"85203","Dora Alicia Félix Corral","Ranchería","Cajeme","Sonora"
"85203","Espinoza","Rancho","Cajeme","Sonora"
"85203","Eduardo Cotri Romero (Don Yayo)","Ranchería","Cajeme","Sonora"
"85203","Eduardo Nava (La Hectárea)","Ranchería","Cajeme","Sonora"
"85203","Tepeyac","Ejido","Cajeme","Sonora"
"85203","Tepeyac (Campo Dos)","Ejido","Cajeme","Sonora"
"85203","El Agostadero","Ejido","Cajeme","Sonora"
"85203","El Álamo","Ejido","Cajeme","Sonora"
"85203","El Campito","Ejido","Cajeme","Sonora"
"85203","El Chito","Ranchería","Cajeme","Sonora"
"85203","Rubén García","Ranchería","Cajeme","Sonora"
"85203","El Cuatro (La Gloria)","Ranchería","Cajeme","Sonora"
"85203","La Ceiba","Hacienda","Cajeme","Sonora"
"85203","El Duro","Ranchería","Cajeme","Sonora"
"85203","El Potrero (Rubén Velázquez)","Ranchería","Cajeme","Sonora"
"85203","El Indio [Club Familiar]","Ranchería","Cajeme","Sonora"
"85203","El Milagro","Ranchería","Cajeme","Sonora"
"85203","El Milagro (Pedro García Navarro)","Ranchería","Cajeme","Sonora"
"85203","Enrique Encinas","Ranchería","Cajeme","Sonora"
"85203","El Pantanal","Ranchería","Cajeme","Sonora"
"85203","La Huerta [Aeroservicios]","Equipamiento","Cajeme","Sonora"
"85203","El Potrero","Ranchería","Cajeme","Sonora"
"85203","El Ranchito","Rancho","Cajeme","Sonora"
"85203","El Topete","Ejido","Cajeme","Sonora"
"85203","El Ranchito","Ranchería","Cajeme","Sonora"
"85203","El Rodeo","Ranchería","Cajeme","Sonora"
"85203","El Rodeo (La Mosca)","Ranchería","Cajeme","Sonora"
"85203","El Rodeo (María de los Ángeles)","Ranchería","Cajeme","Sonora"
"85203","El Suspiro","Ranchería","Cajeme","Sonora"
"85203","El Suspiro (José María Sotelo Vazquez)","Ranchería","Cajeme","Sonora"
"85203","El Tecolote","Ranchería","Cajeme","Sonora"
"85203","Daniel Gómez","Ranchería","Cajeme","Sonora"
"85203","El Veinticuatro","Ranchería","Cajeme","Sonora"
"85203","El Veranito","Ranchería","Cajeme","Sonora"
"85203","Campo Terrafina","Ranchería","Cajeme","Sonora"
"85203","Enrique Ronquillo (El Paraíso)","Ranchería","Cajeme","Sonora"
"85203","Agropecuaria 4G","Ranchería","Cajeme","Sonora"
"85203","Establo el Mesías","Ranchería","Cajeme","Sonora"
"85203","Establo Guajiro","Ranchería","Cajeme","Sonora"
"85203","Establo los Compadres","Ranchería","Cajeme","Sonora"
"85203","Irma Reyes Encinas","Ranchería","Cajeme","Sonora"
"85203","Establo Valenzuela Moocale","Ranchería","Cajeme","Sonora"
"85203","Estación Luis","Ranchería","Cajeme","Sonora"
"85203","Eulalia Suárez Higuera","Ranchería","Cajeme","Sonora"
"85203","Tozalcahui","Ranchería","Cajeme","Sonora"
"85203","Felipe Juzacamea (El Realito)","Ranchería","Cajeme","Sonora"
"85203","Felipe López (Ejido Tozalcahui)","Ranchería","Cajeme","Sonora"
"85203","Felipe Meraz","Ranchería","Cajeme","Sonora"
"85203","Juan Domínguez","Ranchería","Cajeme","Sonora"
"85203","Ferrer Mesa","Ranchería","Cajeme","Sonora"
"85203","Flavio Alfredo López López","Ranchería","Cajeme","Sonora"
"85203","Francisco Castro Ochoa","Ranchería","Cajeme","Sonora"
"85203","Martha Georgina Ibarra","Ranchería","Cajeme","Sonora"
"85203","Ganadera Gume","Ranchería","Cajeme","Sonora"
"85203","Gerardo Reyes","Ranchería","Cajeme","Sonora"
"85203","Gilberto Tapia (Bloque Quinientos Catorce)","Ranchería","Cajeme","Sonora"
"85203","Guadalupe","Ranchería","Cajeme","Sonora"
"85203","Guadalupe Ibarra Sonqui","Ranchería","Cajeme","Sonora"
"85203","Guadalupe Leyva","Ranchería","Cajeme","Sonora"
"85203","Guadalupe Meza (La Engorda)","Ranchería","Cajeme","Sonora"
"85203","Guadalupe Serrano","Ranchería","Cajeme","Sonora"
"85203","Héctor López","Ranchería","Cajeme","Sonora"
"85203","Héctor Valenzuela Velázquez","Ranchería","Cajeme","Sonora"
"85203","Heriberto Ibarra","Ranchería","Cajeme","Sonora"
"85203","Hipódromo","Ranchería","Cajeme","Sonora"
"85203","Ignacio Sallard","Ranchería","Cajeme","Sonora"
"85203","Invernadero del Yaqui","Ranchería","Cajeme","Sonora"
"85203","Jacinto Ibarra Castro","Ranchería","Cajeme","Sonora"
"85203","La Calzada [Balneario]","Equipamiento","Cajeme","Sonora"
"85203","Jesús Casillas","Ranchería","Cajeme","Sonora"
"85203","Jesús Manuel Meza","Ranchería","Cajeme","Sonora"
"85203","Jesús Román","Ranchería","Cajeme","Sonora"
"85203","Jimmy y Adrían (La Casona)","Ranchería","Cajeme","Sonora"
"85203","Jiropa","Ranchería","Cajeme","Sonora"
"85203","Jorge Demoss","Ranchería","Cajeme","Sonora"
"85203","Jorge Luis Bernal Mungarro","Ranchería","Cajeme","Sonora"
"85203","Ganadera GPB","Ranchería","Cajeme","Sonora"
"85203","San Juditas","Rancho","Cajeme","Sonora"
"85203","José Isabel Domínguez","Ranchería","Cajeme","Sonora"
"85203","José Jesús Ibarra (Bloque 101)","Ranchería","Cajeme","Sonora"
"85203","Consuelo Vallecillos Vázquez","Ranchería","Cajeme","Sonora"
"85203","José Reyes Ramírez","Ranchería","Cajeme","Sonora"
"85203","José Roberto Martínez","Ranchería","Cajeme","Sonora"
"85203","Josefa Acosta M","Ranchería","Cajeme","Sonora"
"85203","Rodolfo Duarte Ochoa","Ranchería","Cajeme","Sonora"
"85203","Juan Martínez Bustillos","Ranchería","Cajeme","Sonora"
"85203","Juan Saavedra","Ranchería","Cajeme","Sonora"
"85203","Kákaro","Ranchería","Cajeme","Sonora"
"85203","La Biznaga","Ranchería","Cajeme","Sonora"
"85203","La Casita de Paja","Ranchería","Cajeme","Sonora"
"85203","La Divina Providencia","Ranchería","Cajeme","Sonora"
"85203","La Hediondilla","Ranchería","Cajeme","Sonora"
"85203","La Huerta","Ranchería","Cajeme","Sonora"
"85203","La Huerta Valenzuela","Ranchería","Cajeme","Sonora"
"85203","La Nopalera","Ranchería","Cajeme","Sonora"
"85203","El Chanate","Ranchería","Cajeme","Sonora"
"85203","Campo Aragón","Ranchería","Cajeme","Sonora"
"85203","La Palmira","Ranchería","Cajeme","Sonora"
"85203","La Pitahaya","Ranchería","Cajeme","Sonora"
"85203","La Ramada [Cuadra]","Ranchería","Cajeme","Sonora"
"85203","La Realidad","Ranchería","Cajeme","Sonora"
"85203","La Troila","Ranchería","Cajeme","Sonora"
"85203","Las Ceibas (Sahuaro Norte)","Rancho","Cajeme","Sonora"
"85203","Las Magnolias","Ranchería","Cajeme","Sonora"
"85203","Lorenzo Félix","Ranchería","Cajeme","Sonora"
"85203","Loreto Portillo","Ranchería","Cajeme","Sonora"
"85203","Los Beltrán","Ranchería","Cajeme","Sonora"
"85203","Los Cuatro","Ranchería","Cajeme","Sonora"
"85203","Los Granillo","Ranchería","Cajeme","Sonora"
"85203","Los Laureles","Ranchería","Cajeme","Sonora"
"85203","Los Maderales","Ranchería","Cajeme","Sonora"
"85203","Los Paraísos","Ranchería","Cajeme","Sonora"
"85203","Los Santa Ana (Los Avioncitos)","Ranchería","Cajeme","Sonora"
"85203","Los Yaquis","Ranchería","Cajeme","Sonora"
"85203","Los Zuñiga","Ranchería","Cajeme","Sonora"
"85203","Manuel Guadalupe Ruiz Castelo","Ranchería","Cajeme","Sonora"
"85203","Manuel Murrieta","Ranchería","Cajeme","Sonora"
"85203","Manuel Ricardo Murrieta","Ranchería","Cajeme","Sonora"
"85203","Manuel Román","Ranchería","Cajeme","Sonora"
"85203","Manuel Valenzuela","Ranchería","Cajeme","Sonora"
"85203","Manuel Vicente Ruiz","Ranchería","Cajeme","Sonora"
"85203","Francisco Romero [Tozalcahui]","Ranchería","Cajeme","Sonora"
"85203","Margarita Valenzuela Valenzuela","Ranchería","Cajeme","Sonora"
"85203","María Jesús Gutiérrez","Ranchería","Cajeme","Sonora"
"85203","Campo de Ramos","Ranchería","Cajeme","Sonora"
"85203","María Olga Enrique Rosas","Ranchería","Cajeme","Sonora"
"85203","Martina Muñoz","Ranchería","Cajeme","Sonora"
"85203","Marín Enríquez Espinoza","Ranchería","Cajeme","Sonora"
"85203","Martín Rivas (Rancho Irineo)","Rancho","Cajeme","Sonora"
"85203","Martina Quiñones Barrera (Predio Tozalcahui)","Ranchería","Cajeme","Sonora"
"85203","Brígida Longoria (Predio Tozalcahui)","Ranchería","Cajeme","Sonora"
"85203","Miguel López (Carlota López Cuevas)","Ranchería","Cajeme","Sonora"
"85203","Millán","Ranchería","Cajeme","Sonora"
"85203","Mónica","Ranchería","Cajeme","Sonora"
"85203","Monte Sinaí","Ranchería","Cajeme","Sonora"
"85203","Moreguita","Ranchería","Cajeme","Sonora"
"85203","Moscobampo","Ranchería","Cajeme","Sonora"
"85203","Mulegé (San Tomás)","Ranchería","Cajeme","Sonora"
"85203","Ojai (Número Tres) [Avícola]","Ranchería","Cajeme","Sonora"
"85203","Ontagota","Ranchería","Cajeme","Sonora"
"85203","Ontagota","Granja","Cajeme","Sonora"
"85203","Ontagota (Campo Sofía)","Ranchería","Cajeme","Sonora"
"85203","Pedro Barraza","Ranchería","Cajeme","Sonora"
"85203","Plácido Horacio Arredondo","Ranchería","Cajeme","Sonora"
"85203","Plano Oriente (Gustavo Luders)","Ranchería","Cajeme","Sonora"
"85203","Postura Ocho","Ranchería","Cajeme","Sonora"
"85203","Predio Santa Rosa","Ranchería","Cajeme","Sonora"
"85203","Prisciliano Mascareña (Tozalcahui)","Ranchería","Cajeme","Sonora"
"85203","Productos Agropecuarios","Ranchería","Cajeme","Sonora"
"85203","Herminia López Montoya","Ranchería","Cajeme","Sonora"
"85203","Rafael Salomón","Ranchería","Cajeme","Sonora"
"85203","Ramiro Valdez","Ranchería","Cajeme","Sonora"
"85203","Ramón Francisco Rascón Quiñones","Ranchería","Cajeme","Sonora"
"85203","Ramón Lorenzo Ibarra (Bloque 101)","Ranchería","Cajeme","Sonora"
"85203","Ramón Machado","Ranchería","Cajeme","Sonora"
"85203","Ramón Reyes (La Cabañita)","Ranchería","Cajeme","Sonora"
"85203","Ramón Rocha (Las Palapas)","Ranchería","Cajeme","Sonora"
"85203","Ramona Quiñones Angüis","Ranchería","Cajeme","Sonora"
"85203","Sebas","Rancho","Cajeme","Sonora"
"85203","Rancho Grande [Avícola]","Granja","Cajeme","Sonora"
"85203","Igualama","Rancho","Cajeme","Sonora"
"85203","Quizán","Rancho","Cajeme","Sonora"
"85203","Randolfo Valenzuela (El Bronco)","Ranchería","Cajeme","Sonora"
"85203","Reconversión Agrícola","Ranchería","Cajeme","Sonora"
"85203","Refugio González","Ranchería","Cajeme","Sonora"
"85203","Reyes Domínguez","Ranchería","Cajeme","Sonora"
"85203","Ricardo Hurtado","Ranchería","Cajeme","Sonora"
"85203","Roberto Encinas (Tozalcahui)","Ranchería","Cajeme","Sonora"
"85203","Roberto Flores","Ranchería","Cajeme","Sonora"
"85203","Rubén Pérez","Ranchería","Cajeme","Sonora"
"85203","Sabas Castro Valencia","Ranchería","Cajeme","Sonora"
"85203","Sahuaro Sur (Campo de los Encinas)","Ranchería","Cajeme","Sonora"
"85203","Ricardo González","Ranchería","Cajeme","Sonora"
"85203","San Antonio","Ranchería","Cajeme","Sonora"
"85203","San Ignacio (Campo 2)","Ranchería","Cajeme","Sonora"
"85203","San Isidro","Ranchería","Cajeme","Sonora"
"85203","San Lorenzo","Ranchería","Cajeme","Sonora"
"85203","San Marcos","Ranchería","Cajeme","Sonora"
"85203","San Pedro","Ranchería","Cajeme","Sonora"
"85203","San Rafael","Ranchería","Cajeme","Sonora"
"85203","Santa Anita","Ranchería","Cajeme","Sonora"
"85203","René Alcántar","Ejido","Cajeme","Sonora"
"85203","Santa Fe","Ranchería","Cajeme","Sonora"
"85203","Santa María (El Gavilán)","Ranchería","Cajeme","Sonora"
"85203","Santa Teresa","Ranchería","Cajeme","Sonora"
"85203","Bordo del Canal Bajo","Ranchería","Cajeme","Sonora"
"85203","Sergio Bojórquez Soto (Tozalcahui)","Ranchería","Cajeme","Sonora"
"85203","Sergio Cruz (Ontagota)","Ranchería","Cajeme","Sonora"
"85203","Servicio Agrícola","Ranchería","Cajeme","Sonora"
"85203","Sofía","Ranchería","Cajeme","Sonora"
"85203","SPR los Mezquites de la Huerta","Ranchería","Cajeme","Sonora"
"85203","Taller de Carrocería","Ranchería","Cajeme","Sonora"
"85203","Tepeyac (El Agostadero)","Ejido","Cajeme","Sonora"
"85203","Quinta Victoria","Ranchería","Cajeme","Sonora"
"85203","Tozalcahui (Trinidad López López)","Ranchería","Cajeme","Sonora"
"85203","Unidad Deportiva de la Salud","Ranchería","Cajeme","Sonora"
"85203","Walo Ozuna","Ranchería","Cajeme","Sonora"
"85203","Zona de Tolerancia","Ranchería","Cajeme","Sonora"
"85203","Armando López Nogales","Colonia","Cajeme","Sonora"
"85203","Ciudad del Cielo","Colonia","Cajeme","Sonora"
"85203","Sin Ley","Colonia","Cajeme","Sonora"
"85204","Nueva Unión","Colonia","Cajeme","Sonora"
"85204","Bienestar","Colonia","Cajeme","Sonora"
"85204","Fundadores II","Colonia","Cajeme","Sonora"
"85204","Marte R Gómez (Tobarito)","Colonia","Cajeme","Sonora"
"85204","Los Fundadores","Fraccionamiento","Cajeme","Sonora"
"85204","Haciendas del Valle","Colonia","Cajeme","Sonora"
"85204","La Estrellita","Colonia","Cajeme","Sonora"
"85204","Los Trigales","Colonia","Cajeme","Sonora"
"85204","Zona Urbana Ejidal","Colonia","Cajeme","Sonora"
"85205","La Ladrillera Canal Alto","Ranchería","Cajeme","Sonora"
"85205","Tesopobampo","Ejido","Cajeme","Sonora"
"85205","Yucuribampo","Ejido","Cajeme","Sonora"
"85205","El Henequén","Ejido","Cajeme","Sonora"
"85205","Francisco Villa","Ejido","Cajeme","Sonora"
"85205","Díaz Ordaz","Ejido","Cajeme","Sonora"
"85205","Centauro del Norte","Ejido","Cajeme","Sonora"
"85205","La Carabina","Colonia","Cajeme","Sonora"
"85205","18 de Septiembre","Ejido","Cajeme","Sonora"
"85205","Ampliación Francisco Villa","Ranchería","Cajeme","Sonora"
"85205","Ampliación Ladrillera","Ranchería","Cajeme","Sonora"
"85205","Antena de Radio y Televisión","Ranchería","Cajeme","Sonora"
"85205","Bordo del Canal Alto Sur","Ranchería","Cajeme","Sonora"
"85205","Campestre Yucuribampo","Ranchería","Cajeme","Sonora"
"85205","Cecilio Castillo","Ranchería","Cajeme","Sonora"
"85205","Cerrito de la Virgen","Ranchería","Cajeme","Sonora"
"85205","Club de Tiro y Pesca","Ranchería","Cajeme","Sonora"
"85205","La Esperancita (Dibrusa)","Ranchería","Cajeme","Sonora"
"85205","El Chilicote","Ranchería","Cajeme","Sonora"
"85205","4 Esquinas (La Herradura)","Ranchería","Cajeme","Sonora"
"85205","Campo de los López","Ranchería","Cajeme","Sonora"
"85205","De Avestruces (Cowar Kiwis)","Granja","Cajeme","Sonora"
"85205","Huerta Otilio Montaño","Ranchería","Cajeme","Sonora"
"85205","Joconabampo","Ranchería","Cajeme","Sonora"
"85205","La Antena","Ranchería","Cajeme","Sonora"
"85205","La Herradura [Engorda]","Ranchería","Cajeme","Sonora"
"85205","La Yoreme","Ranchería","Cajeme","Sonora"
"85205","Las Cabañas [Restaurante]","Ranchería","Cajeme","Sonora"
"85205","Las Pitahayas","Ranchería","Cajeme","Sonora"
"85205","Lucas Palafox","Ranchería","Cajeme","Sonora"
"85205","Maru (Granja Porcina)","Granja","Cajeme","Sonora"
"85205","Microondas","Ranchería","Cajeme","Sonora"
"85205","Postura Dos (Rancho Grande)","Granja","Cajeme","Sonora"
"85205","Postura Nueve (Rancho Grande)","Granja","Cajeme","Sonora"
"85205","San Martín","Rancho","Cajeme","Sonora"
"85205","Unión","Rancho","Cajeme","Sonora"
"85205","Raymundo Sarabia","Ranchería","Cajeme","Sonora"
"85205","Roberto Rodríguez","Ranchería","Cajeme","Sonora"
"85205","San Francisco","Rancho","Cajeme","Sonora"
"85205","San Judas","Ranchería","Cajeme","Sonora"
"85205","Bachoco 2708","Granja","Cajeme","Sonora"
"85205","Solidaridad","Ranchería","Cajeme","Sonora"
"85205","Travelers [Hotel]","Ranchería","Cajeme","Sonora"
"85205","Yucuribampo","Rancho","Cajeme","Sonora"
"85206","Progreso (Campo 47)","Ejido","Cajeme","Sonora"
"85206","31 de Octubre","Colonia","Cajeme","Sonora"
"85206","Mundo Ledezma","Ejido","Cajeme","Sonora"
"85206","Federico Barra [Bloque 1407]","Ejido","Cajeme","Sonora"
"85206","Martín Ignacio Navarro","Ranchería","Cajeme","Sonora"
"85206","El Moro [Agroindustrias]","Ranchería","Cajeme","Sonora"
"85206","Campo Alonso Bórquez (Bloque 1005)","Ranchería","Cajeme","Sonora"
"85206","Campo Camacho","Ranchería","Cajeme","Sonora"
"85206","Campo de los Fuertes","Ejido","Cajeme","Sonora"
"85206","Luis Encinas [Bloque 1103]","Ejido","Cajeme","Sonora"
"85206","Fernando Félix Rivera","Ranchería","Cajeme","Sonora"
"85206","Campo Boler","Ranchería","Cajeme","Sonora"
"85206","Don Tacho [Chichi Inzunza]","Ranchería","Cajeme","Sonora"
"85206","Capetamaya","Ejido","Cajeme","Sonora"
"85206","Ojai [Avícola]","Ranchería","Cajeme","Sonora"
"85206","Crianza (Héctor Bórquez)","Ranchería","Cajeme","Sonora"
"85206","José Muñoz Cervantes","Ejido","Cajeme","Sonora"
"85206","El Edén del Yaqui","Ranchería","Cajeme","Sonora"
"85206","Roberto Esquer Cárdenas","Ranchería","Cajeme","Sonora"
"85206","Espanos Agropecuaria (Bloque 1605)","Ejido","Cajeme","Sonora"
"85206","Tres Generaciones (Santa Cecilia)","Ranchería","Cajeme","Sonora"
"85206","Héctor Aguilar (Bloque 1603)","Ranchería","Cajeme","Sonora"
"85206","Heriberta Flores (Bloque 1303)","Ranchería","Cajeme","Sonora"
"85206","Los Miles","Ranchería","Cajeme","Sonora"
"85206","David Káram","Ranchería","Cajeme","Sonora"
"85206","José Karam (Bloque 1107)","Ranchería","Cajeme","Sonora"
"85206","Juan Manzo","Ranchería","Cajeme","Sonora"
"85206","Julián Valenzuela (Bloque 1405)","Ranchería","Cajeme","Sonora"
"85206","La Isla","Ranchería","Cajeme","Sonora"
"85206","Las Palmitas","Ranchería","Cajeme","Sonora"
"85206","Las Piochitas","Ranchería","Cajeme","Sonora"
"85206","Leonarda Jacoméa Ayala","Ranchería","Cajeme","Sonora"
"85206","Gerardo Weihs Navarro","Ranchería","Cajeme","Sonora"
"85206","Marco Antillón","Ranchería","Cajeme","Sonora"
"85206","María Cristina (Bloque 1203)","Ranchería","Cajeme","Sonora"
"85206","María Luisa","Ranchería","Cajeme","Sonora"
"85206","Mariano Escobedo Número Dos","Ranchería","Cajeme","Sonora"
"85206","Miguel Denguel","Ranchería","Cajeme","Sonora"
"85206","Miguel Gaytán","Ranchería","Cajeme","Sonora"
"85206","Ojai","Ranchería","Cajeme","Sonora"
"85206","Tres de Oroz [Bloque 1201]","Ranchería","Cajeme","Sonora"
"85206","Rodrígo Esquer","Ranchería","Cajeme","Sonora"
"85206","San Carlos","Ranchería","Cajeme","Sonora"
"85206","Los Chapitos (Gerardo Ortega)","Ranchería","Cajeme","Sonora"
"85206","Abelardo Rodríguez","Ranchería","Cajeme","Sonora"
"85206","Santa Cruz","Ranchería","Cajeme","Sonora"
"85206","Juan Manso Alanís","Ranchería","Cajeme","Sonora"
"85206","Silvia Navarro Mendívil","Ranchería","Cajeme","Sonora"
"85206","Tomás de la O Aguirre","Ranchería","Cajeme","Sonora"
"85207","Cuauhtémoc (El Salitral)","Ejido","Cajeme","Sonora"
"85207","Morelos Uno","Ejido","Cajeme","Sonora"
"85207","Morelos Dos","Ejido","Cajeme","Sonora"
"85207","Nueva Casa de Teras","Ejido","Cajeme","Sonora"
"85207","Quetchehueca","Ejido","Cajeme","Sonora"
"85207","Sonora Progresista","Colonia","Cajeme","Sonora"
"85207","Bernabé Arana","Ejido","Cajeme","Sonora"
"85207","Acuícola Aquatop","Ranchería","Cajeme","Sonora"
"85207","Acuícola Santa Inés","Ranchería","Cajeme","Sonora"
"85207","Agrícola Tarasca","Ranchería","Cajeme","Sonora"
"85207","Amado Quiñones","Ranchería","Cajeme","Sonora"
"85207","Amsa (Tata Lázaro)","Ranchería","Cajeme","Sonora"
"85207","Bachoco","Ranchería","Cajeme","Sonora"
"85207","Bloque 1710 Campo Agrícola Número 1710","Ranchería","Cajeme","Sonora"
"85207","Bloque Mil Seiscientos Doce","Ranchería","Cajeme","Sonora"
"85207","Guadalupe Cortez","Ranchería","Cajeme","Sonora"
"85207","Brasil (La Dieciséis)","Ranchería","Cajeme","Sonora"
"85207","Julio César","Ranchería","Cajeme","Sonora"
"85207","Lamberto","Ranchería","Cajeme","Sonora"
"85207","Calle Doce","Ranchería","Cajeme","Sonora"
"85207","Campo Capy (Bloque 1708)","Ranchería","Cajeme","Sonora"
"85207","Campo Cota Retez","Ranchería","Cajeme","Sonora"
"85207","Francisco Díaz Brown","Ranchería","Cajeme","Sonora"
"85207","Campo de Inzunza (Bloque 1512)","Ranchería","Cajeme","Sonora"
"85207","Campo de López Carlón (Bloque 1202)","Ranchería","Cajeme","Sonora"
"85207","Campo de los Armenta (Bloque 1501)","Ranchería","Cajeme","Sonora"
"85207","Campo de los Bórquez (Bloque 1604)","Ranchería","Cajeme","Sonora"
"85207","Campo de los Bustamante (Bloque 1805)","Ranchería","Cajeme","Sonora"
"85207","Campo de Manuel Arellano","Ranchería","Cajeme","Sonora"
"85207","San Miguel","Ranchería","Cajeme","Sonora"
"85207","Campo García Preciado","Ranchería","Cajeme","Sonora"
"85207","Hermur","Ranchería","Cajeme","Sonora"
"85207","Campo José María Moreno Mendoza","Ranchería","Cajeme","Sonora"
"85207","Campo Rafael Anaya","Ranchería","Cajeme","Sonora"
"85207","Campo Caballero","Ranchería","Cajeme","Sonora"
"85207","Campo San Antonio","Ranchería","Cajeme","Sonora"
"85207","Casa del Sanjero","Ranchería","Cajeme","Sonora"
"85207","Centro Acuícola del Noroeste","Ranchería","Cajeme","Sonora"
"85207","César E Miranda","Granja","Cajeme","Sonora"
"85207","Conrado Montoya","Ranchería","Cajeme","Sonora"
"85207","Cuauhtémoc (Bloque 1705)","Ranchería","Cajeme","Sonora"
"85207","Eduardo Núñez","Rancho","Cajeme","Sonora"
"85207","Veteranos de la Revolución (Bloque 1502)","Ejido","Cajeme","Sonora"
"85207","Francisco Serrano","Rancho","Cajeme","Sonora"
"85207","El Águila (Bloque 1508)","Ranchería","Cajeme","Sonora"
"85207","El Bosque (Calle Quince)","Ejido","Cajeme","Sonora"
"85207","El Invernadero","Ranchería","Cajeme","Sonora"
"85207","Block 1510","Ranchería","Cajeme","Sonora"
"85207","Establo San Ramón","Ranchería","Cajeme","Sonora"
"85207","Familia Rosas (Campo Rosas)","Ranchería","Cajeme","Sonora"
"85207","Felipe Islas","Ranchería","Cajeme","Sonora"
"85207","Flavio Santa Cruz Chico (Bloque 1608)","Ranchería","Cajeme","Sonora"
"85207","Gabina Viuda de Rivera","Ranchería","Cajeme","Sonora"
"85207","José Francisco Daniel Valdez","Ranchería","Cajeme","Sonora"
"85207","Huerta Emilio Félix (Bloque 1610)","Ranchería","Cajeme","Sonora"
"85207","Jaramillo (Bloque 1707)","Ranchería","Cajeme","Sonora"
"85207","José Márquez","Ranchería","Cajeme","Sonora"
"85207","José Villegas","Ranchería","Cajeme","Sonora"
"85207","Los Machetes (Bloque 1705)","Ranchería","Cajeme","Sonora"
"85207","Gustavo Luders Becerril [Bloque 1302]","Ranchería","Cajeme","Sonora"
"85207","Los Serranos (Bloque 1512)","Ranchería","Cajeme","Sonora"
"85207","Manuel Pérez","Ranchería","Cajeme","Sonora"
"85207","Manuel Rascón","Ranchería","Cajeme","Sonora"
"85207","Marco Antonio Gastelum","Ranchería","Cajeme","Sonora"
"85207","Ojai","Ranchería","Cajeme","Sonora"
"85207","Ostioneros","Ranchería","Cajeme","Sonora"
"85207","Producción Porcina","Ranchería","Cajeme","Sonora"
"85207","Rafael Verdugo (Bloque 1704)","Ranchería","Cajeme","Sonora"
"85207","Ramón Grijalva","Ranchería","Cajeme","Sonora"
"85207","Quinto Cuarto","Ranchería","Cajeme","Sonora"
"85207","Roberto Serna Yáñez","Ranchería","Cajeme","Sonora"
"85207","Salvador Espíndola","Ranchería","Cajeme","Sonora"
"85207","San Gabriel Bloque 1304 (Emiliano Zapata)","Ejido","Cajeme","Sonora"
"85207","Sociedad Cooperativa Progresista de Tera","Ranchería","Cajeme","Sonora"
"85207","Soles Cinco (Bloque 1807)","Ranchería","Cajeme","Sonora"
"85207","Veteranos de la Revolución (Bloque 1606)","Ranchería","Cajeme","Sonora"
"85208","Enrique Orozco","Ranchería","Cajeme","Sonora"
"85208","La Lágrima","Ranchería","Cajeme","Sonora"
"85208","Antonio Rosales","Colonia","Cajeme","Sonora"
"85208","San Isidro","Ejido","Cajeme","Sonora"
"85208","Felipe Neri","Ejido","Cajeme","Sonora"
"85208","Adalberto Rosas (Bloque 1110)","Ranchería","Cajeme","Sonora"
"85208","Adalberto Rosas (Bloque 1112)","Ranchería","Cajeme","Sonora"
"85208","Adrián García","Ranchería","Cajeme","Sonora"
"85208","Agrirecord","Ranchería","Cajeme","Sonora"
"85208","Avícola Bachoco","Ranchería","Cajeme","Sonora"
"85208","Avícola Bachoco (Granja 2507)","Granja","Cajeme","Sonora"
"85208","Avícola Rancho Grande","Granja","Cajeme","Sonora"
"85208","Avícola Rancho Grande","Granja","Cajeme","Sonora"
"85208","Bloque 918","Ranchería","Cajeme","Sonora"
"85208","Bloque Novecientos Veinte","Ranchería","Cajeme","Sonora"
"85208","Bloque Ochocientos Doce","Ranchería","Cajeme","Sonora"
"85208","Bloque Setecientos Diez","Ranchería","Cajeme","Sonora"
"85208","Brígido Ángulo","Ranchería","Cajeme","Sonora"
"85208","Calle Nueve (La Bomba)","Ranchería","Cajeme","Sonora"
"85208","Calle Quinientos Internacional","Ranchería","Cajeme","Sonora"
"85208","Campo de Jaimes","Ranchería","Cajeme","Sonora"
"85208","Campo de los González","Ranchería","Cajeme","Sonora"
"85208","Campo Doctor Orozco","Ranchería","Cajeme","Sonora"
"85208","Campo Nuevo","Ranchería","Cajeme","Sonora"
"85208","Campo Oroz","Ranchería","Cajeme","Sonora"
"85208","Campo Quinientos","Ranchería","Cajeme","Sonora"
"85208","Campo Santa Alicia","Ranchería","Cajeme","Sonora"
"85208","Campo Socorro Macías","Ranchería","Cajeme","Sonora"
"85208","Chicorón (El Dieciocho)","Ranchería","Cajeme","Sonora"
"85208","Grupo Cajeme","Ranchería","Cajeme","Sonora"
"85208","Don Chon Céliz","Ranchería","Cajeme","Sonora"
"85208","Colec San José de Bácum","Ejido","Cajeme","Sonora"
"85208","El Alamito","Ranchería","Cajeme","Sonora"
"85208","El Kiko (Quico)","Ranchería","Cajeme","Sonora"
"85208","El Llano (Santa María) [Agropecuaria]","Ranchería","Cajeme","Sonora"
"85208","El Segundo Aire","Ranchería","Cajeme","Sonora"
"85208","El Tinaco","Ranchería","Cajeme","Sonora"
"85208","Emma Fimbres (Campo de Luis Arturo)","Ranchería","Cajeme","Sonora"
"85208","Ernesto Antillón","Ranchería","Cajeme","Sonora"
"85208","Ernesto Gallegos","Ranchería","Cajeme","Sonora"
"85208","Esperancita","Ranchería","Cajeme","Sonora"
"85208","Establo Oroz","Ranchería","Cajeme","Sonora"
"85208","Estanque del ITSON (Campo ITSON)","Ranchería","Cajeme","Sonora"
"85208","Estercita","Ranchería","Cajeme","Sonora"
"85208","Felipe Neri (Bloque Seiscientos Catorce)","Ranchería","Cajeme","Sonora"
"85208","Ganja la Choya Cinco","Ranchería","Cajeme","Sonora"
"85208","La Cacharamba","Granja","Cajeme","Sonora"
"85208","Invernadero Santa Litta","Ranchería","Cajeme","Sonora"
"85208","Jaime Ivich","Ranchería","Cajeme","Sonora"
"85208","Jesús Beltrán (Seis y Media)","Ranchería","Cajeme","Sonora"
"85208","La Choya","Ranchería","Cajeme","Sonora"
"85208","La Fresno y Seiscientos","Ranchería","Cajeme","Sonora"
"85208","La Posta del CBTA","Ranchería","Cajeme","Sonora"
"85208","Los Cucos","Ranchería","Cajeme","Sonora"
"85208","Los Magueyes","Ranchería","Cajeme","Sonora"
"85208","La Ceiba de la Cuchilla","Ranchería","Cajeme","Sonora"
"85208","Los Tavitos","Ranchería","Cajeme","Sonora"
"85208","Lucy","Ranchería","Cajeme","Sonora"
"85208","Benito Lara","Ranchería","Cajeme","Sonora"
"85208","Manuel Urquídez","Ranchería","Cajeme","Sonora"
"85208","Mariano Escobedo","Ranchería","Cajeme","Sonora"
"85208","Mariano Escobedo (Clemente Borbón)","Ranchería","Cajeme","Sonora"
"85208","Mariano Escobedo (José López Pérez)","Ranchería","Cajeme","Sonora"
"85208","Mario Beltrán","Ranchería","Cajeme","Sonora"
"85208","Mario Beltrán Jr","Ranchería","Cajeme","Sonora"
"85208","Miguel Denguel","Ranchería","Cajeme","Sonora"
"85208","Nazario Ortiz Garza","Ranchería","Cajeme","Sonora"
"85208","Orduño","Ranchería","Cajeme","Sonora"
"85208","Oroz","Ranchería","Cajeme","Sonora"
"85208","Cajeme Productos Pecuarios","Zona comercial","Cajeme","Sonora"
"85208","Patronato del Ciano","Ranchería","Cajeme","Sonora"
"85208","Porcícolas Pecuarias Cajeme","Ranchería","Cajeme","Sonora"
"85208","Porcina los Sauces (Ricardo Valenzuela)","Ranchería","Cajeme","Sonora"
"85208","Postura Cuatro","Ranchería","Cajeme","Sonora"
"85208","Postura Dieciocho Rancho Grande","Granja","Cajeme","Sonora"
"85208","Productora Santa Anita","Ranchería","Cajeme","Sonora"
"85208","Raúl Arredondo","Ranchería","Cajeme","Sonora"
"85208","Rafael Araujo","Ranchería","Cajeme","Sonora"
"85208","Quinta China","Ranchería","Cajeme","Sonora"
"85208","Rancho Grande","Granja","Cajeme","Sonora"
"85208","Rancho Grande [Avícola]","Granja","Cajeme","Sonora"
"85208","Reparaciones Aéreas del Yaqui","Ranchería","Cajeme","Sonora"
"85208","Rubén Meza","Ranchería","Cajeme","Sonora"
"85208","Sagarena","Ranchería","Cajeme","Sonora"
"85208","San Antonio","Ranchería","Cajeme","Sonora"
"85208","San Martín (Ricardo Topete)","Ranchería","Cajeme","Sonora"
"85208","Bloque 810","Ranchería","Cajeme","Sonora"
"85208","Santa Ana","Ranchería","Cajeme","Sonora"
"85208","Santa Clara","Ranchería","Cajeme","Sonora"
"85208","Santa Lita","Ranchería","Cajeme","Sonora"
"85208","Socoada","Ranchería","Cajeme","Sonora"
"85208","Ubaldo Cabrera","Ranchería","Cajeme","Sonora"
"85208","Vargas","Ranchería","Cajeme","Sonora"
"85208","Yucuribampo","Ranchería","Cajeme","Sonora"
"85208","Zaz (Cocoraque)","Ranchería","Cajeme","Sonora"
"85209","Santa María del Buaraje (Bachoco 2502)","Ranchería","Cajeme","Sonora"
"85209","Altos de Jecopaco","Colonia","Cajeme","Sonora"
"85209","El Porvenir","Ranchería","Cajeme","Sonora"
"85209","23 de Octubre","Ejido","Cajeme","Sonora"
"85209","Adela Chairez Salazar (Bloque 1812)","Ejido","Cajeme","Sonora"
"85209","Agropecuaria Santa Bárbara","Ejido","Cajeme","Sonora"
"85209","Alejandro Pablos (Bloque 1810)","Ranchería","Cajeme","Sonora"
"85209","Alfonso Valenzuela Corral (Bloque 1618)","Ranchería","Cajeme","Sonora"
"85209","Allende (El Dieciocho)","Colonia","Cajeme","Sonora"
"85209","Antonio Flores (Bloque 1906)","Ranchería","Cajeme","Sonora"
"85209","Avícola Bachoco (2409)","Ranchería","Cajeme","Sonora"
"85209","Avícola Sección Uno (Bloque 1614)","Ejido","Cajeme","Sonora"
"85209","Campo Ana Lucía (La Granja)","Granja","Cajeme","Sonora"
"85209","Campo de Buen Rostro","Ranchería","Cajeme","Sonora"
"85209","Campo de Concepción Navarro (Bloque 1906)","Ranchería","Cajeme","Sonora"
"85209","Campo de Dionisio Nava","Ranchería","Cajeme","Sonora"
"85209","Campo de Eduardo Prieto","Ranchería","Cajeme","Sonora"
"85209","Campo de Felipe Campoy","Ranchería","Cajeme","Sonora"
"85209","Campo de Jorge Ernesto Tapia Eequer","Ranchería","Cajeme","Sonora"
"85209","Agrícola el Paso","Ranchería","Cajeme","Sonora"
"85209","Campo de Javier Ivich Campoy (Bloque 1716)","Ranchería","Cajeme","Sonora"
"85209","Campo de Miguel Denguel","Ranchería","Cajeme","Sonora"
"85209","Campo de Oroz (Bloque 1318)","Ranchería","Cajeme","Sonora"
"85209","Campo Evaristo López","Ranchería","Cajeme","Sonora"
"85209","Campo Gabriel Gallegos","Ranchería","Cajeme","Sonora"
"85209","Campo José Rochín","Ranchería","Cajeme","Sonora"
"85209","Campo Parada (Bloque 2114)","Ranchería","Cajeme","Sonora"
"85209","Campo Ramona Verduzco (Bloque 1908)","Ranchería","Cajeme","Sonora"
"85209","Campo Rosa Alicia (Bloque 2012)","Ranchería","Cajeme","Sonora"
"85209","Campo San Isidro","Ranchería","Cajeme","Sonora"
"85209","Campo Santa Bárbara","Ranchería","Cajeme","Sonora"
"85209","Carlos Parada Laborín","Ranchería","Cajeme","Sonora"
"85209","Casa del Sanjero (Bloque 2014)","Ranchería","Cajeme","Sonora"
"85209","Caseta de Recursos","Ranchería","Cajeme","Sonora"
"85209","Casita del Levantador","Ranchería","Cajeme","Sonora"
"85209","Cocoraque","Rancho","Cajeme","Sonora"
"85209","Consuelo García","Ranchería","Cajeme","Sonora"
"85209","Benito Juárez (Bloque 1816)","Ranchería","Cajeme","Sonora"
"85209","Guillermo Prieto","Ejido","Cajeme","Sonora"
"85209","Guillermo Prieto (Bloque 1416)","Ejido","Cajeme","Sonora"
"85209","Guillermo Prieto (Bloque 1418)","Rancho","Cajeme","Sonora"
"85209","Jiquilpan (Bloque 1718)","Ejido","Cajeme","Sonora"
"85209","Praxedis (Bloque 1910)","Ejido","Cajeme","Sonora"
"85209","El Bienestar","Ranchería","Cajeme","Sonora"
"85209","El Bordo","Ranchería","Cajeme","Sonora"
"85209","El Mezquite","Ranchería","Cajeme","Sonora"
"85209","Eleodoro Zazueta (Bloque 2106)","Ranchería","Cajeme","Sonora"
"85209","Emilio Beltrán","Ranchería","Cajeme","Sonora"
"85209","Empaque María Luisa Farms","Ranchería","Cajeme","Sonora"
"85209","Eusebio Zamorano Acosta","Ranchería","Cajeme","Sonora"
"85209","Francisco Araiza Celaya (Bloque 1620)","Ejido","Cajeme","Sonora"
"85209","Francisco Javier Ivis (Bloque 1314)","Ranchería","Cajeme","Sonora"
"85209","Francisco Matus","Ranchería","Cajeme","Sonora"
"85209","Francisco Matus","Ejido","Cajeme","Sonora"
"85209","Francisco Pacheco Valenzuela","Ranchería","Cajeme","Sonora"
"85209","Fructuoso Méndez (Bloque 1916)","Ranchería","Cajeme","Sonora"
"85209","Gerardo Borbón (La Dieciséis y Medio)","Ranchería","Cajeme","Sonora"
"85209","Gildardo Vega","Ranchería","Cajeme","Sonora"
"85209","Ojai","Granja","Cajeme","Sonora"
"85209","Gustavo Valenzuela Obregón (La Catorce)","Ranchería","Cajeme","Sonora"
"85209","Hermanas González (Campo Vega)","Ranchería","Cajeme","Sonora"
"85209","Humberto Castillo","Ranchería","Cajeme","Sonora"
"85209","Humberto García","Ranchería","Cajeme","Sonora"
"85209","Jesús Salazar","Ranchería","Cajeme","Sonora"
"85209","José Aguilera","Ranchería","Cajeme","Sonora"
"85209","José Francisco Muñoz","Ranchería","Cajeme","Sonora"
"85209","Juan Salvador Esquer","Ejido","Cajeme","Sonora"
"85209","La Diecinueve","Ranchería","Cajeme","Sonora"
"85209","La Diecisiete","Ranchería","Cajeme","Sonora"
"85209","La Diecisiete (Campo de Pacheco)","Ranchería","Cajeme","Sonora"
"85209","La Diecisiete y Media (Bloque 1808)","Ranchería","Cajeme","Sonora"
"85209","La Mojonera","Ranchería","Cajeme","Sonora"
"85209","Agropecuaria Ille","Ranchería","Cajeme","Sonora"
"85209","La Primavera (Ejido Guillermo Prieto)","Ranchería","Cajeme","Sonora"
"85209","La Quince","Ranchería","Cajeme","Sonora"
"85209","Las Carmelitas (Bloque 1414)","Ranchería","Cajeme","Sonora"
"85209","Las Palmas (Bloque 1806)","Ranchería","Cajeme","Sonora"
"85209","Lázaro Zamora","Ranchería","Cajeme","Sonora"
"85209","Los Machochos","Ejido","Cajeme","Sonora"
"85209","Luis Félix","Ranchería","Cajeme","Sonora"
"85209","Martha Palma Cruz","Ranchería","Cajeme","Sonora"
"85209","Miguel Denguel","Ranchería","Cajeme","Sonora"
"85209","Ojai","Ranchería","Cajeme","Sonora"
"85209","Porcícola San Juan","Ranchería","Cajeme","Sonora"
"85209","Porcícola Santa Margarita","Ranchería","Cajeme","Sonora"
"85209","Porcina Uno","Ejido","Cajeme","Sonora"
"85209","Rafael Parada","Ranchería","Cajeme","Sonora"
"85209","Ramón Baldenegro","Ranchería","Cajeme","Sonora"
"85209","Ramón Zazueta (Bloque 2204)","Ranchería","Cajeme","Sonora"
"85209","Renato Campoy","Ranchería","Cajeme","Sonora"
"85209","Reproductora Pesada 2515 ó 2415","Ranchería","Cajeme","Sonora"
"85209","Romeo Ledenís","Ranchería","Cajeme","Sonora"
"85209","Gómez Brambila","Ranchería","Cajeme","Sonora"
"85209","San Gerardo","Ranchería","Cajeme","Sonora"
"85209","San Isidro (Bloque 1412)","Ranchería","Cajeme","Sonora"
"85209","San Isidro (La Doce y Media)","Ranchería","Cajeme","Sonora"
"85209","San Pedro","Ranchería","Cajeme","Sonora"
"85209","Santa Alicia (Bloque 1514)","Ranchería","Cajeme","Sonora"
"85209","Santa Cecilia","Ranchería","Cajeme","Sonora"
"85209","Santa Julia (Bloque 1516)","Ranchería","Cajeme","Sonora"
"85209","Santa Laura","Ranchería","Cajeme","Sonora"
"85209","Santa Litta","Ranchería","Cajeme","Sonora"
"85209","Francisco Díaz Brown","Rancho","Cajeme","Sonora"
"85209","Santa María Campo","Ejido","Cajeme","Sonora"
"85209","Santa Teresa (Establo)","Ranchería","Cajeme","Sonora"
"85209","Sergio Antillón (Bloque 1314)","Ranchería","Cajeme","Sonora"
"85209","Tomás Stiward","Ranchería","Cajeme","Sonora"
"85209","Toribio Miranda (Bloque 2004)","Ranchería","Cajeme","Sonora"
"85209","Viuda de Campoy","Ranchería","Cajeme","Sonora"
"85210","Los Rosales","Colonia","Cajeme","Sonora"
"85210","Los Rosales Sección 1","Colonia","Cajeme","Sonora"
"85210","Pueblo Bonito","Fraccionamiento","Cajeme","Sonora"
"85210","Esperanza","Pueblo","Cajeme","Sonora"
"85210","Villa Bonita","Fraccionamiento","Cajeme","Sonora"
"85210","Robinson Bours","Colonia","Cajeme","Sonora"
"85210","Ejidal","Colonia","Cajeme","Sonora"
"85210","Leandro Valle","Colonia","Cajeme","Sonora"
"85210","Valle de Héroes","Colonia","Cajeme","Sonora"
"85210","Nueva Esperanza","Colonia","Cajeme","Sonora"
"85210","Francisco Urbalejo","Colonia","Cajeme","Sonora"
"85210","Sonora","Colonia","Cajeme","Sonora"
"85210","Luis Antillon","Colonia","Cajeme","Sonora"
"85210","Hogar y Patrimonio","Colonia","Cajeme","Sonora"
"85210","Villa California Sección Alameda","Fraccionamiento","Cajeme","Sonora"
"85210","Blanca Ramos","Colonia","Cajeme","Sonora"
"85210","Parque Industrial del Sol","Zona industrial","Cajeme","Sonora"
"85210","60 Batallón de Infantería","Zona militar","Cajeme","Sonora"
"85210","Buenavista","Colonia","Cajeme","Sonora"
"85210","Club de Golf","Equipamiento","Cajeme","Sonora"
"85210","Las Praderas","Fraccionamiento","Cajeme","Sonora"
"85210","Praderas Altas","Fraccionamiento","Cajeme","Sonora"
"85210","Pueblo Nuevo","Colonia","Cajeme","Sonora"
"85212","Cumuripa","Ejido","Cajeme","Sonora"
"85212","La Cieneguita","Ranchería","Cajeme","Sonora"
"85212","Realito","Pueblo","Cajeme","Sonora"
"85212","Cajoncitos","Ranchería","Cajeme","Sonora"
"85212","El Aguajito","Ranchería","Cajeme","Sonora"
"85212","El Chiquillo","Ranchería","Cajeme","Sonora"
"85212","El Jito (El Reparo del Jito)","Ranchería","Cajeme","Sonora"
"85212","El Llano","Ranchería","Cajeme","Sonora"
"85212","El Mal Paso","Ranchería","Cajeme","Sonora"
"85212","El Mezquite","Ranchería","Cajeme","Sonora"
"85212","El Mimbre (Rancho la Viznaga)","Rancho","Cajeme","Sonora"
"85212","El Palo Fierro (La Alcantarilla)","Ranchería","Cajeme","Sonora"
"85212","El Palo Verde","Ranchería","Cajeme","Sonora"
"85212","El Porvenir","Colonia","Cajeme","Sonora"
"85212","El Represo","Ranchería","Cajeme","Sonora"
"85212","El Tigre","Ranchería","Cajeme","Sonora"
"85212","La Angostura","Ranchería","Cajeme","Sonora"
"85212","La Ciénega","Ranchería","Cajeme","Sonora"
"85212","La Coyotera","Ranchería","Cajeme","Sonora"
"85212","La Matanza","Ranchería","Cajeme","Sonora"
"85212","La Noria de Leer","Ranchería","Cajeme","Sonora"
"85212","La Petaca","Ranchería","Cajeme","Sonora"
"85212","La Piedrita","Ranchería","Cajeme","Sonora"
"85212","La Sandía","Ranchería","Cajeme","Sonora"
"85212","La Volanta","Ranchería","Cajeme","Sonora"
"85212","Las Palomas","Ranchería","Cajeme","Sonora"
"85212","Las Praderas","Ranchería","Cajeme","Sonora"
"85212","Los Álamos","Ranchería","Cajeme","Sonora"
"85212","Los Algodones","Ranchería","Cajeme","Sonora"
"85212","Los Cuates","Ranchería","Cajeme","Sonora"
"85212","Los Pocitos","Ranchería","Cajeme","Sonora"
"85212","Milpillas","Ranchería","Cajeme","Sonora"
"85212","Palo de Asta","Ranchería","Cajeme","Sonora"
"85212","Palo Fierro","Ranchería","Cajeme","Sonora"
"85212","Peñasco Blanco","Ranchería","Cajeme","Sonora"
"85212","Rodríguez","Ranchería","Cajeme","Sonora"
"85212","Santa Clara","Ranchería","Cajeme","Sonora"
"85212","Tatuacas","Ranchería","Cajeme","Sonora"
"85212","Tubaca","Ranchería","Cajeme","Sonora"
"85213","Buenavista","Pueblo","Cajeme","Sonora"
"85213","Los Hornos","Ejido","Cajeme","Sonora"
"85213","Kilómetro Nueve (El Pueblito)","Colonia","Cajeme","Sonora"
"85213","Adalberto Cornejo","Ranchería","Cajeme","Sonora"
"85213","Agua Caliente","Ranchería","Cajeme","Sonora"
"85213","Agua Caliente (Fraccionamiento)","Ranchería","Cajeme","Sonora"
"85213","Agua de la Cruz","Ranchería","Cajeme","Sonora"
"85213","Agua Fría","Ranchería","Cajeme","Sonora"
"85213","Álamo Solo","Ranchería","Cajeme","Sonora"
"85213","Alejandro Suárez Haros","Ranchería","Cajeme","Sonora"
"85213","Alfonso Polanco","Ranchería","Cajeme","Sonora"
"85213","Alfonso Contreras García","Ranchería","Cajeme","Sonora"
"85213","Antonia Valladárez","Ranchería","Cajeme","Sonora"
"85213","El Correcaminos","Ranchería","Cajeme","Sonora"
"85213","Alfredo Rivera Morales","Ranchería","Cajeme","Sonora"
"85213","Avícola Rancho Grande","Granja","Cajeme","Sonora"
"85213","Balneario el Coyote","Ranchería","Cajeme","Sonora"
"85213","Brunilda Balderrain","Ranchería","Cajeme","Sonora"
"85213","Caseta de Riego","Ranchería","Cajeme","Sonora"
"85213","Chahuilla","Ranchería","Cajeme","Sonora"
"85213","Chimbampo","Ranchería","Cajeme","Sonora"
"85213","Cirio Pazos","Ranchería","Cajeme","Sonora"
"85213","Citahuachi","Ranchería","Cajeme","Sonora"
"85213","Compuerta Veintidós","Ranchería","Cajeme","Sonora"
"85213","Constitución","Ranchería","Cajeme","Sonora"
"85213","Román Tabardillo","Ranchería","Cajeme","Sonora"
"85213","Corral Quemado","Ranchería","Cajeme","Sonora"
"85213","Criba Almada Urrea","Ranchería","Cajeme","Sonora"
"85213","Cruz Mercado","Ranchería","Cajeme","Sonora"
"85213","Cuchos Nuevos","Ranchería","Cajeme","Sonora"
"85213","Diecinueve Canal Alto","Ranchería","Cajeme","Sonora"
"85213","Dragón Aquatiko [Paseo Campestre]","Ranchería","Cajeme","Sonora"
"85213","Ebodio Gastelum (Los Gatos)","Ranchería","Cajeme","Sonora"
"85213","El Alamito","Ranchería","Cajeme","Sonora"
"85213","El Algodón","Ranchería","Cajeme","Sonora"
"85213","El Anzuelo","Ranchería","Cajeme","Sonora"
"85213","El Batuli","Ranchería","Cajeme","Sonora"
"85213","El Cadete","Ranchería","Cajeme","Sonora"
"85213","El Chaday","Ranchería","Cajeme","Sonora"
"85213","El Chiculi","Ranchería","Cajeme","Sonora"
"85213","La Espina de Bubu","Ranchería","Cajeme","Sonora"
"85213","El Crisol","Ranchería","Cajeme","Sonora"
"85213","El Dique Diez","Ranchería","Cajeme","Sonora"
"85213","El Fundador","Ranchería","Cajeme","Sonora"
"85213","El Guayparín","Ranchería","Cajeme","Sonora"
"85213","El Mezquite","Ranchería","Cajeme","Sonora"
"85213","El Mirador (La Pila)","Ranchería","Cajeme","Sonora"
"85213","El Oviáchic","Ranchería","Cajeme","Sonora"
"85213","El Palotal","Ranchería","Cajeme","Sonora"
"85213","El Paraíso [Restaurante]","Ranchería","Cajeme","Sonora"
"85213","El Porvenir","Ranchería","Cajeme","Sonora"
"85213","El Potrero (Compuerta)","Ranchería","Cajeme","Sonora"
"85213","El Ranchito","Ranchería","Cajeme","Sonora"
"85213","El Ranchito (Humberto López)","Ranchería","Cajeme","Sonora"
"85213","El Ranchito (Rancho de Mi Nana y Mi Tata)","Rancho","Cajeme","Sonora"
"85213","El Rincón","Ranchería","Cajeme","Sonora"
"85213","El Sahuaro","Ranchería","Cajeme","Sonora"
"85213","El Yori","Ranchería","Cajeme","Sonora"
"85213","Emilio Gámez (Rancho Aguacate la Nopalera)","Rancho","Cajeme","Sonora"
"85213","Engorda Nueva (Mario)","Ranchería","Cajeme","Sonora"
"85213","Enrique Guerra","Ranchería","Cajeme","Sonora"
"85213","Enrique Valenzuela Paredes","Ranchería","Cajeme","Sonora"
"85213","Familia Vega Encinas","Ranchería","Cajeme","Sonora"
"85213","Fausto García","Ranchería","Cajeme","Sonora"
"85213","Fernando Vega Verdugo","Ranchería","Cajeme","Sonora"
"85213","Lucio Vega","Ranchería","Cajeme","Sonora"
"85213","La Mesita","Ranchería","Cajeme","Sonora"
"85213","Francisco Vega","Ranchería","Cajeme","Sonora"
"85213","Los Arenales","Rancho","Cajeme","Sonora"
"85213","Guadalupe Morales","Ranchería","Cajeme","Sonora"
"85213","Ignacio Pazos Galaz","Ranchería","Cajeme","Sonora"
"85213","Chong Luzanilla","Ranchería","Cajeme","Sonora"
"85213","Jesús Chu Rivas","Ranchería","Cajeme","Sonora"
"85213","Jesús María Vega Encinas","Ranchería","Cajeme","Sonora"
"85213","Jorge Beltrán","Ranchería","Cajeme","Sonora"
"85213","Juan Coronado Figueroa","Ranchería","Cajeme","Sonora"
"85213","José María Iribe","Ranchería","Cajeme","Sonora"
"85213","José María Ramos","Ranchería","Cajeme","Sonora"
"85213","José Ochoa Orduño","Ranchería","Cajeme","Sonora"
"85213","La Abejas","Ranchería","Cajeme","Sonora"
"85213","La Camelia","Ranchería","Cajeme","Sonora"
"85213","Miguel Quintero","Ranchería","Cajeme","Sonora"
"85213","La Encantada","Ranchería","Cajeme","Sonora"
"85213","La Loma","Ranchería","Cajeme","Sonora"
"85213","La Negra","Ranchería","Cajeme","Sonora"
"85213","La Nopalera","Ranchería","Cajeme","Sonora"
"85213","La Palapa","Ranchería","Cajeme","Sonora"
"85213","La Palma","Ranchería","Cajeme","Sonora"
"85213","La Poza","Ranchería","Cajeme","Sonora"
"85213","La Poza (El Parque)","Ranchería","Cajeme","Sonora"
"85213","La Traila","Ranchería","Cajeme","Sonora"
"85213","La Veinticinco (Compuerta de Riego)","Ranchería","Cajeme","Sonora"
"85213","La Ventanita (Los Potreritos)","Ranchería","Cajeme","Sonora"
"85213","Compuerta 14","Ranchería","Cajeme","Sonora"
"85213","La Cabra","Ranchería","Cajeme","Sonora"
"85213","Nadia Germán Armenta","Ranchería","Cajeme","Sonora"
"85213","Las Garzas","Ranchería","Cajeme","Sonora"
"85213","Las Trancas","Ranchería","Cajeme","Sonora"
"85213","Leyva Tamayo","Ranchería","Cajeme","Sonora"
"85213","Los Chinitos","Ranchería","Cajeme","Sonora"
"85213","Los Herrera","Ranchería","Cajeme","Sonora"
"85213","Los Limones","Ranchería","Cajeme","Sonora"
"85213","Los Naranjos (Los Muchachos)","Ranchería","Cajeme","Sonora"
"85213","Los Olivos","Ranchería","Cajeme","Sonora"
"85213","Luis Bobadilla","Ranchería","Cajeme","Sonora"
"85213","Manuel Morales","Ranchería","Cajeme","Sonora"
"85213","María de Jesús Félix León","Ranchería","Cajeme","Sonora"
"85213","La Escondida [Cornelio Vega Cuamea]","Hacienda","Cajeme","Sonora"
"85213","Mateo Rivas Domínguez","Ranchería","Cajeme","Sonora"
"85213","Los Hechos (Ramón Vega)","Ranchería","Cajeme","Sonora"
"85213","San Rafael","Ranchería","Cajeme","Sonora"
"85213","Joel Miguel Ángel Morales Acuña","Ranchería","Cajeme","Sonora"
"85213","Óscar Castro","Ranchería","Cajeme","Sonora"
"85213","Oviáchic","Ranchería","Cajeme","Sonora"
"85213","Palo Blanco","Ranchería","Cajeme","Sonora"
"85213","Palo Fierral","Ranchería","Cajeme","Sonora"
"85213","Paseo el Arroyito","Ranchería","Cajeme","Sonora"
"85213","Paseo el Paraíso","Ranchería","Cajeme","Sonora"
"85213","Paseo la Gloria","Ranchería","Cajeme","Sonora"
"85213","Delfina Cuamea Orduño","Ranchería","Cajeme","Sonora"
"85213","Pedro Ramos","Ranchería","Cajeme","Sonora"
"85213","Álvaro Obregón [Presa]","Ranchería","Cajeme","Sonora"
"85213","Presa Chiculi","Ranchería","Cajeme","Sonora"
"85213","PTM","Ranchería","Cajeme","Sonora"
"85213","Teresa Guizosa","Ranchería","Cajeme","Sonora"
"85213","Ramón Olguín","Ranchería","Cajeme","Sonora"
"85213","Ramón Palafox","Ranchería","Cajeme","Sonora"
"85213","Campestre Agua Caliente","Ranchería","Cajeme","Sonora"
"85213","Ramona Andrade (El Sabino)","Ranchería","Cajeme","Sonora"
"85213","Ranchito de Don Julio","Ranchería","Cajeme","Sonora"
"85213","El Serrucho","Rancho","Cajeme","Sonora"
"85213","De los Dos Hechos (El Bitachi)","Rancho","Cajeme","Sonora"
"85213","De Rafael Sonqui","Rancho","Cajeme","Sonora"
"85213","Don Beto","Rancho","Cajeme","Sonora"
"85213","Isaías (Panadero)","Rancho","Cajeme","Sonora"
"85213","Nuevo","Rancho","Cajeme","Sonora"
"85213","Nuevo (Las Isabeles)","Rancho","Cajeme","Sonora"
"85213","San Rafael","Rancho","Cajeme","Sonora"
"85213","Seco","Rancho","Cajeme","Sonora"
"85213","René Mercado","Ranchería","Cajeme","Sonora"
"85213","Represo (El Jeroglífico)","Ranchería","Cajeme","Sonora"
"85213","Rodolfo Monge","Ranchería","Cajeme","Sonora"
"85213","Romeritos","Ranchería","Cajeme","Sonora"
"85213","El Canelo","Ranchería","Cajeme","Sonora"
"85213","José Ramos","Ranchería","Cajeme","Sonora"
"85213","San Francisco","Ranchería","Cajeme","Sonora"
"85213","El Niño Bronco","Ranchería","Cajeme","Sonora"
"85213","Santa Amalia","Ranchería","Cajeme","Sonora"
"85213","Santa Mercedes","Ranchería","Cajeme","Sonora"
"85213","Santo Niño (Ignacio Chávez)","Ranchería","Cajeme","Sonora"
"85213","Seferino Encinas","Ranchería","Cajeme","Sonora"
"85213","Sierra Vista","Ranchería","Cajeme","Sonora"
"85213","Siete Canal Bajo (Loma Kilómetro Siete)","Ranchería","Cajeme","Sonora"
"85213","Tinidad Franco","Ranchería","Cajeme","Sonora"
"85213","Tomás Vargas","Ranchería","Cajeme","Sonora"
"85213","Los Reyes","Ranchería","Cajeme","Sonora"
"85214","Agua de Enmedio","Ranchería","Cajeme","Sonora"
"85214","Agua Escondida","Ranchería","Cajeme","Sonora"
"85214","Aguaje la Escondida","Ranchería","Cajeme","Sonora"
"85214","Álamo Raizudo","Ranchería","Cajeme","Sonora"
"85214","El Aguajito","Ranchería","Cajeme","Sonora"
"85214","El Aguajito","Ejido","Cajeme","Sonora"
"85214","El Cajón","Ranchería","Cajeme","Sonora"
"85214","El Carrizo","Rancho","Cajeme","Sonora"
"85214","El Disparate","Ranchería","Cajeme","Sonora"
"85214","El Disparate","Ejido","Cajeme","Sonora"
"85214","El Olvido","Ranchería","Cajeme","Sonora"
"85214","El Olvido","Ejido","Cajeme","Sonora"
"85214","El Salto","Ranchería","Cajeme","Sonora"
"85214","Guadalupe","Ranchería","Cajeme","Sonora"
"85214","La Higuerita","Ranchería","Cajeme","Sonora"
"85214","La Lagunita","Ranchería","Cajeme","Sonora"
"85214","La Noria","Ranchería","Cajeme","Sonora"
"85214","La Noria (Otereña)","Ranchería","Cajeme","Sonora"
"85214","La Pitahaya","Ranchería","Cajeme","Sonora"
"85214","La Rabia","Ranchería","Cajeme","Sonora"
"85214","La Rabia","Ejido","Cajeme","Sonora"
"85214","La Tuna","Ranchería","Cajeme","Sonora"
"85214","La Ventana","Ranchería","Cajeme","Sonora"
"85214","La Ventana","Ejido","Cajeme","Sonora"
"85214","Lomas de Peñasco Blanco","Ranchería","Cajeme","Sonora"
"85214","Los Chinitos (Ejido Nogales)","Rancho","Cajeme","Sonora"
"85214","Los Herreras","Ranchería","Cajeme","Sonora"
"85214","Los Nogales","Ejido","Cajeme","Sonora"
"85214","Los Tres Cerritos","Ranchería","Cajeme","Sonora"
"85214","Los Tres Puertos","Ranchería","Cajeme","Sonora"
"85214","San José de la Cieneguita","Ranchería","Cajeme","Sonora"
"85214","Técori","Ranchería","Cajeme","Sonora"
"85214","Tres Cerritos","Ranchería","Cajeme","Sonora"
"85215","El Ranchito","Pueblo","Cajeme","Sonora"
"85215","Aforadora SARH","Ranchería","Cajeme","Sonora"
"85215","Agua Caliente","Ranchería","Cajeme","Sonora"
"85215","Agua del Zacate (Agua Zarca)","Ranchería","Cajeme","Sonora"
"85215","Agua Salada","Ranchería","Cajeme","Sonora"
"85215","Corral de Piedra","Ranchería","Cajeme","Sonora"
"85215","El Alamito","Ranchería","Cajeme","Sonora"
"85215","El Apache","Ranchería","Cajeme","Sonora"
"85215","El Cajoncito","Ranchería","Cajeme","Sonora"
"85215","El Chiculi","Ranchería","Cajeme","Sonora"
"85215","El Nacimiento","Ranchería","Cajeme","Sonora"
"85215","El Pozo","Ranchería","Cajeme","Sonora"
"85215","El Realito","Ejido","Cajeme","Sonora"
"85215","El Sombrerete","Ranchería","Cajeme","Sonora"
"85215","La Centradita","Ranchería","Cajeme","Sonora"
"85215","La Tinaja","Ranchería","Cajeme","Sonora"
"85215","Las Trancas","Ranchería","Cajeme","Sonora"
"85215","Palo Fierro","Ranchería","Cajeme","Sonora"
"85215","Palos Quemados","Ranchería","Cajeme","Sonora"
"85215","Pascola","Ranchería","Cajeme","Sonora"
"85215","Rogelio Lapizco","Rancho","Cajeme","Sonora"
"85215","San José","Ranchería","Cajeme","Sonora"
"85215","San José de Milpillas","Ranchería","Cajeme","Sonora"
"85215","Tordillo","Ranchería","Cajeme","Sonora"
"85216","Vicente Guerrero (El Portón)","Ejido","Cajeme","Sonora"
"85216","Alfonso Murrieta Ruiz","Ranchería","Cajeme","Sonora"
"85216","Bachoco [Avícola]","Ranchería","Cajeme","Sonora"
"85216","Cajeme Productos Pecuarios","Ranchería","Cajeme","Sonora"
"85216","Campo Millar","Ranchería","Cajeme","Sonora"
"85216","El Alamito","Ranchería","Cajeme","Sonora"
"85216","Quinta San Rafael","Ranchería","Cajeme","Sonora"
"85216","El Realito (Carlos Esquer)","Ranchería","Cajeme","Sonora"
"85216","Guadalupe García Corral (El Sereno)","Ranchería","Cajeme","Sonora"
"85216","Francisco Javier Valenzuela","Ranchería","Cajeme","Sonora"
"85216","La Indita","Ranchería","Cajeme","Sonora"
"85216","Predio Esperancita (Andrés Almada Ceceña)","Ranchería","Cajeme","Sonora"
"85216","Predio Esperancita (Ejido Vicente Guerrero)","Granja","Cajeme","Sonora"
"85216","Ramón Camargo (El Predio)","Ranchería","Cajeme","Sonora"
"85216","Seminario Diocesano de Ciudad Obregón","Ejido","Cajeme","Sonora"
"85216","Sesgado","Ranchería","Cajeme","Sonora"
"85217","Las Caleras (La Calera)","Ejido","Cajeme","Sonora"
"85217","Estación Corral","Pueblo","Cajeme","Sonora"
"85217","Loma de Guamúchil","Colonia","Cajeme","Sonora"
"85217","Tajimaroa","Ranchería","Cajeme","Sonora"
"85217","Babojori","Ejido","Cajeme","Sonora"
"85217","Chiktula","Ranchería","Cajeme","Sonora"
"85217","Chinabampo","Ranchería","Cajeme","Sonora"
"85217","El Abolillo","Ranchería","Cajeme","Sonora"
"85217","El Aguajito","Ranchería","Cajeme","Sonora"
"85217","El Babojori","Ranchería","Cajeme","Sonora"
"85217","El Cajón","Ranchería","Cajeme","Sonora"
"85217","El Carrizo","Ranchería","Cajeme","Sonora"
"85217","El Chichiquelite","Ranchería","Cajeme","Sonora"
"85217","El Chupadero","Ranchería","Cajeme","Sonora"
"85217","El Corohuis (Corohuisi)","Ranchería","Cajeme","Sonora"
"85217","El Dique","Ranchería","Cajeme","Sonora"
"85217","El Gato","Ejido","Cajeme","Sonora"
"85217","El Guayacán","Ranchería","Cajeme","Sonora"
"85217","El Guayacán","Ejido","Cajeme","Sonora"
"85217","El Recodo","Ranchería","Cajeme","Sonora"
"85217","El Sombrerete","Ranchería","Cajeme","Sonora"
"85217","Guadalupe Valenzuela Valdez","Ranchería","Cajeme","Sonora"
"85217","La Aguja","Ranchería","Cajeme","Sonora"
"85217","La Aurora","Ranchería","Cajeme","Sonora"
"85217","La Calera de los Murrieta","Ranchería","Cajeme","Sonora"
"85217","La Compuerta","Ranchería","Cajeme","Sonora"
"85217","La Criba","Ranchería","Cajeme","Sonora"
"85217","La Lagunita","Ranchería","Cajeme","Sonora"
"85217","La Matanza","Ranchería","Cajeme","Sonora"
"85217","La Mina","Ranchería","Cajeme","Sonora"
"85217","La Noria","Ranchería","Cajeme","Sonora"
"85217","La Pitahaya (El Tebari)","Ranchería","Cajeme","Sonora"
"85217","La Puerta","Ranchería","Cajeme","Sonora"
"85217","La Sauceda","Ranchería","Cajeme","Sonora"
"85217","La Sepultura","Ranchería","Cajeme","Sonora"
"85217","La Viznaga","Ranchería","Cajeme","Sonora"
"85217","La Viznaga del Yoreme","Ranchería","Cajeme","Sonora"
"85217","Las Cuevitas","Ranchería","Cajeme","Sonora"
"85217","Las Pilas","Ranchería","Cajeme","Sonora"
"85217","Las Tortugas","Ranchería","Cajeme","Sonora"
"85217","Las Tunas","Ranchería","Cajeme","Sonora"
"85217","Loma de Corral (Lomas de Est Corral)","Ranchería","Cajeme","Sonora"
"85217","Los Chinos","Ranchería","Cajeme","Sonora"
"85217","Los Muertos","Ranchería","Cajeme","Sonora"
"85217","Los Pérez","Ranchería","Cajeme","Sonora"
"85217","Ojo de Agua","Ranchería","Cajeme","Sonora"
"85217","Otancahui","Ranchería","Cajeme","Sonora"
"85217","Palo Fierro","Ranchería","Cajeme","Sonora"
"85217","Pozo Dulce","Ranchería","Cajeme","Sonora"
"85217","Puente del Ferrocarril","Ranchería","Cajeme","Sonora"
"85217","De Florentino Villegas","Rancho","Cajeme","Sonora"
"85217","De Odilón Tamayo","Rancho","Cajeme","Sonora"
"85217","Otancahui (Kateuutu)","Rancho","Cajeme","Sonora"
"85217","Pénjamo","Rancho","Cajeme","Sonora"
"85217","San Francisco","Ranchería","Cajeme","Sonora"
"85217","San Juanico","Ranchería","Cajeme","Sonora"
"85217","Techarobo","Ranchería","Cajeme","Sonora"
"85218","La Tinajera","Colonia","Cajeme","Sonora"
"85218","Puente de Picos","Colonia","Cajeme","Sonora"
"85218","Don Poli","Ejido","Cajeme","Sonora"
"85218","Adrenalina Track","Ranchería","Cajeme","Sonora"
"85218","Agrícola DIO","Ranchería","Cajeme","Sonora"
"85218","Aldo","Ranchería","Cajeme","Sonora"
"85218","Alfonso Fuentes Camacho","Ranchería","Cajeme","Sonora"
"85218","Alfredo Ruiz M (El Jacal)","Rancho","Cajeme","Sonora"
"85218","Amada Martínez de Castro","Ranchería","Cajeme","Sonora"
"85218","Antonio Carrasco Martínez","Ranchería","Cajeme","Sonora"
"85218","Antonio Paez","Ranchería","Cajeme","Sonora"
"85218","Armando Borbón","Ranchería","Cajeme","Sonora"
"85218","Arturo Carabéo","Ranchería","Cajeme","Sonora"
"85218","Rancho Grande [Avícola]","Granja","Cajeme","Sonora"
"85218","Bachoco (Granja Reproductora Pesada)","Granja","Cajeme","Sonora"
"85218","Balo Reyes","Ranchería","Cajeme","Sonora"
"85218","Beto Arzola","Ranchería","Cajeme","Sonora"
"85218","Bordos del Bachoco","Ranchería","Cajeme","Sonora"
"85218","Braulio","Ranchería","Cajeme","Sonora"
"85218","Buhítos (Crianza Comercial 3160)","Ranchería","Cajeme","Sonora"
"85218","San Antonio","Ranchería","Cajeme","Sonora"
"85218","Campito Cuevas","Ranchería","Cajeme","Sonora"
"85218","Quinta Campestre los Álamos","Ranchería","Cajeme","Sonora"
"85218","De Valenzuela","Rancho","Cajeme","Sonora"
"85218","Catalinas","Rancho","Cajeme","Sonora"
"85218","Campo de Ramos (Bahía)","Ranchería","Cajeme","Sonora"
"85218","El Campito","Ranchería","Cajeme","Sonora"
"85218","Campo Dulce","Ranchería","Cajeme","Sonora"
"85218","Campo Ernesto","Ranchería","Cajeme","Sonora"
"85218","Campo mi Ilusión","Ranchería","Cajeme","Sonora"
"85218","Campos","Ranchería","Cajeme","Sonora"
"85218","Canal Alto Kilómetro Treinta y Uno","Ranchería","Cajeme","Sonora"
"85218","Canal Porfirio Díaz (Bloquera Porfirio Díaz)","Ranchería","Cajeme","Sonora"
"85218","Carlos Valenzuela","Ranchería","Cajeme","Sonora"
"85218","Carmen Cuen","Ranchería","Cajeme","Sonora"
"85218","Carolina Block","Ranchería","Cajeme","Sonora"
"85218","Cuadra Guadalupe","Ranchería","Cajeme","Sonora"
"85218","Cástulo Amarillas","Ranchería","Cajeme","Sonora"
"85218","Cay Intento","Rancho","Cajeme","Sonora"
"85218","Imelda Meza","Ranchería","Cajeme","Sonora"
"85218","César M Padilla","Rancho","Cajeme","Sonora"
"85218","Cesáreo Juárez","Ranchería","Cajeme","Sonora"
"85218","Constantino López (Kilómetro Siete)","Ranchería","Cajeme","Sonora"
"85218","Corral de Piedra","Ranchería","Cajeme","Sonora"
"85218","Corrales Arvizu","Ranchería","Cajeme","Sonora"
"85218","Corrales San Juan","Ranchería","Cajeme","Sonora"
"85218","Cuadra Kalín","Ranchería","Cajeme","Sonora"
"85218","Cutabampo (Mario Luna)","Ranchería","Cajeme","Sonora"
"85218","Doctor Rodríguez (La Escondida)","Ranchería","Cajeme","Sonora"
"85218","Dolores Juzaino","Ranchería","Cajeme","Sonora"
"85218","Don Clement","Ranchería","Cajeme","Sonora"
"85218","Dos Potrillos","Ranchería","Cajeme","Sonora"
"85218","Edmundo Lugo","Ranchería","Cajeme","Sonora"
"85218","Eduardo Balladares (Campo la Calavera)","Ranchería","Cajeme","Sonora"
"85218","Eduardo Macías Carranza","Ranchería","Cajeme","Sonora"
"85218","Efraín López","Ranchería","Cajeme","Sonora"
"85218","El Álamo","Ranchería","Cajeme","Sonora"
"85218","El Álamo","Ejido","Cajeme","Sonora"
"85218","El Bagao [Establo]","Ranchería","Cajeme","Sonora"
"85218","El Bajío","Ranchería","Cajeme","Sonora"
"85218","El Campito","Rancho","Cajeme","Sonora"
"85218","El Campito (Cribas)","Ranchería","Cajeme","Sonora"
"85218","El Chapote","Ranchería","Cajeme","Sonora"
"85218","El Chicural","Ranchería","Cajeme","Sonora"
"85218","Palofierro","Rancho","Cajeme","Sonora"
"85218","El Dátil (Rancho la Palmita)","Rancho","Cajeme","Sonora"
"85218","El Dolar","Ranchería","Cajeme","Sonora"
"85218","El Establo (Blanca Esthela Colomo) [Restaurante]","Ranchería","Cajeme","Sonora"
"85218","El Gatunoso (Ramón Payán)","Ranchería","Cajeme","Sonora"
"85218","El Guamuchil","Ranchería","Cajeme","Sonora"
"85218","El Jazmín","Ranchería","Cajeme","Sonora"
"85218","El Jito [Establo]","Ranchería","Cajeme","Sonora"
"85218","El Mezquite","Ranchería","Cajeme","Sonora"
"85218","Abuela Nena","Rancho","Cajeme","Sonora"
"85218","El Paraiso","Ranchería","Cajeme","Sonora"
"85218","El Pato","Ranchería","Cajeme","Sonora"
"85218","El Pilareño","Ranchería","Cajeme","Sonora"
"85218","El Poli","Ranchería","Cajeme","Sonora"
"85218","El Porvenir","Ranchería","Cajeme","Sonora"
"85218","El Porvenir","Ejido","Cajeme","Sonora"
"85218","El Quiniqui","Ranchería","Cajeme","Sonora"
"85218","El Ranchito (Granja Rancho Grande)","Granja","Cajeme","Sonora"
"85218","El Reparo (Octavio Méndez)","Ranchería","Cajeme","Sonora"
"85218","El Represo","Ranchería","Cajeme","Sonora"
"85218","El Potrero de los Crark","Ranchería","Cajeme","Sonora"
"85218","El Sauzal","Ranchería","Cajeme","Sonora"
"85218","El Sauzal","Ejido","Cajeme","Sonora"
"85218","El Sibacobi","Ranchería","Cajeme","Sonora"
"85218","San José [Engorda]","Ranchería","Cajeme","Sonora"
"85218","Enrique Quijada Galindo","Ranchería","Cajeme","Sonora"
"85218","Ernesto Weihs Álvarez (Bahía)","Ranchería","Cajeme","Sonora"
"85218","Esperancita Diez","Ranchería","Cajeme","Sonora"
"85218","Esperancita Trece","Ranchería","Cajeme","Sonora"
"85218","Esther Rafaela Álvarez","Ranchería","Cajeme","Sonora"
"85218","Roberto Terán","Ranchería","Cajeme","Sonora"
"85218","Fausto","Ranchería","Cajeme","Sonora"
"85218","Felipe Zamora","Ranchería","Cajeme","Sonora"
"85218","Florentina Amarillas Rochin","Ranchería","Cajeme","Sonora"
"85218","Flores Valenzuela (Charco Hondo)","Ranchería","Cajeme","Sonora"
"85218","Francisca Balladares","Ranchería","Cajeme","Sonora"
"85218","Francisco Contreras Valenzuela","Ranchería","Cajeme","Sonora"
"85218","Javier Villa","Ranchería","Cajeme","Sonora"
"85218","Francisco Gutiérrez (El Álamo)","Ranchería","Cajeme","Sonora"
"85218","Francisco Villa","Ranchería","Cajeme","Sonora"
"85218","Francisco Wilis (La Finca)","Rancho","Cajeme","Sonora"
"85218","Frente a PEMEX","Ejido","Cajeme","Sonora"
"85218","Gerardo Cuén Contreras (La Virgen)","Ranchería","Cajeme","Sonora"
"85218","Graciela Enríquez Carrizosa","Ranchería","Cajeme","Sonora"
"85218","Guadalupe Navarro","Ranchería","Cajeme","Sonora"
"85218","Guayacán","Ranchería","Cajeme","Sonora"
"85218","Héctor Mendívil","Ranchería","Cajeme","Sonora"
"85218","Cuadra Doña Pancha","Ranchería","Cajeme","Sonora"
"85218","Hipólito Rodríguez","Ranchería","Cajeme","Sonora"
"85218","Huerta (Arturo Castro)","Ranchería","Cajeme","Sonora"
"85218","Ingeniero Puig (Terracerías y Nivelaciones)","Ranchería","Cajeme","Sonora"
"85218","Instituto Veracruz","Ranchería","Cajeme","Sonora"
"85218","Isaac Miranda","Ranchería","Cajeme","Sonora"
"85218","Jesús Alatorre (Kilómetro Siete)","Ranchería","Cajeme","Sonora"
"85218","Jorge Arturo Muñoz Campas","Ranchería","Cajeme","Sonora"
"85218","José Gómez","Ranchería","Cajeme","Sonora"
"85218","José Luis Rascón Barragán","Ranchería","Cajeme","Sonora"
"85218","José Santillanez","Ranchería","Cajeme","Sonora"
"85218","Juan Vicente Cota","Ranchería","Cajeme","Sonora"
"85218","Puertas Blancas","Ranchería","Cajeme","Sonora"
"85218","Yovan (Kilómetro Doce)","Ranchería","Cajeme","Sonora"
"85218","Kilómetro Treinta y Nueve","Ranchería","Cajeme","Sonora"
"85218","Los Herrera","Ranchería","Cajeme","Sonora"
"85218","Ranchito Querido","Ranchería","Cajeme","Sonora"
"85218","La Bloquera (Loma de Esquer)","Ranchería","Cajeme","Sonora"
"85218","La Brecha","Ranchería","Cajeme","Sonora"
"85218","La Cabaña","Ranchería","Cajeme","Sonora"
"85218","La Cabaña","Rancho","Cajeme","Sonora"
"85218","La Casona (La Ilusión)","Ranchería","Cajeme","Sonora"
"85218","La Ceiba de los Cuén","Ranchería","Cajeme","Sonora"
"85218","La Criba (Sosa Rancho)","Rancho","Cajeme","Sonora"
"85218","La Cuadra Dorada","Ranchería","Cajeme","Sonora"
"85218","La Cuchilla","Ranchería","Cajeme","Sonora"
"85218","La Esperancita","Ranchería","Cajeme","Sonora"
"85218","La Flor","Ranchería","Cajeme","Sonora"
"85218","La Florida (Hacienda)","Rancho","Cajeme","Sonora"
"85218","La Gitana","Ranchería","Cajeme","Sonora"
"85218","La Herradura","Ranchería","Cajeme","Sonora"
"85218","La Huerta","Ranchería","Cajeme","Sonora"
"85218","La Huerta Cuarto Poder (Huerta de Nuez)","Ranchería","Cajeme","Sonora"
"85218","La Ilusión","Ranchería","Cajeme","Sonora"
"85218","La Ilusión","Ejido","Cajeme","Sonora"
"85218","La Isleta Dos (Agapito)","Ranchería","Cajeme","Sonora"
"85218","La Loma","Ranchería","Cajeme","Sonora"
"85218","La Loma","Ejido","Cajeme","Sonora"
"85218","La Miseria","Ranchería","Cajeme","Sonora"
"85218","La Palma (Rancho de Engorda la Palma)","Rancho","Cajeme","Sonora"
"85218","La Palmita","Ranchería","Cajeme","Sonora"
"85218","La Pensión [Cuadra]","Ranchería","Cajeme","Sonora"
"85218","La Pitahaya","Ranchería","Cajeme","Sonora"
"85218","La Ponderosa","Ranchería","Cajeme","Sonora"
"85218","La Posesión","Ranchería","Cajeme","Sonora"
"85218","La Primavera","Ranchería","Cajeme","Sonora"
"85218","La Rancherita (Bordo del Canal)","Ranchería","Cajeme","Sonora"
"85218","La Reyna","Ranchería","Cajeme","Sonora"
"85218","Chichiquelite","Ranchería","Cajeme","Sonora"
"85218","La Trescientos","Ranchería","Cajeme","Sonora"
"85218","La Villa","Ranchería","Cajeme","Sonora"
"85218","Bernardo Ramos","Ranchería","Cajeme","Sonora"
"85218","Lamberto Obregón","Ranchería","Cajeme","Sonora"
"85218","Landavazo","Ranchería","Cajeme","Sonora"
"85218","Las Amapas","Ranchería","Cajeme","Sonora"
"85218","Las Compuertas","Ranchería","Cajeme","Sonora"
"85218","Las Tres Verdades","Ranchería","Cajeme","Sonora"
"85218","Las Vegas (La Huerta)","Ranchería","Cajeme","Sonora"
"85218","Los Alamitos","Ranchería","Cajeme","Sonora"
"85218","Los Álamos","Ranchería","Cajeme","Sonora"
"85218","Los Algodones","Ranchería","Cajeme","Sonora"
"85218","Los Berrelleza","Ranchería","Cajeme","Sonora"
"85218","Los Cuatro Tarachi","Ranchería","Cajeme","Sonora"
"85218","Los Garcías","Ranchería","Cajeme","Sonora"
"85218","Cuadra la Nogalera","Ranchería","Cajeme","Sonora"
"85218","La Herradura (Alberto Zataraín)","Rancho","Cajeme","Sonora"
"85218","Los Naranjos (La Zapeta)","Ranchería","Cajeme","Sonora"
"85218","Los Novatos","Ranchería","Cajeme","Sonora"
"85218","Manuel García","Ranchería","Cajeme","Sonora"
"85218","Los Tambos","Ranchería","Cajeme","Sonora"
"85218","Los Tejabanes","Ranchería","Cajeme","Sonora"
"85218","Los Tres Regalos","Ranchería","Cajeme","Sonora"
"85218","Los Vega","Ranchería","Cajeme","Sonora"
"85218","Manuel Alcantar [Predio Esquer]","Ranchería","Cajeme","Sonora"
"85218","Manuel Lugo","Ranchería","Cajeme","Sonora"
"85218","José Luis Ochoa","Ranchería","Cajeme","Sonora"
"85218","Esquer","Ranchería","Cajeme","Sonora"
"85218","Mateo Quiñones","Ranchería","Cajeme","Sonora"
"85218","La Marquesa","Ranchería","Cajeme","Sonora"
"85218","Naranjito (Los Cuhen)","Ranchería","Cajeme","Sonora"
"85218","Noé Carrizosa","Ranchería","Cajeme","Sonora"
"85218","Norberto Leyva","Ranchería","Cajeme","Sonora"
"85218","Nueva Creación","Ranchería","Cajeme","Sonora"
"85218","Mirage","Rancho","Cajeme","Sonora"
"85218","San Carlos [Campestre]","Ranchería","Cajeme","Sonora"
"85218","Óscar Ruso Salido (La Parcela)","Ranchería","Cajeme","Sonora"
"85218","Óscar Salazar","Rancho","Cajeme","Sonora"
"85218","Pablo Estirado","Ranchería","Cajeme","Sonora"
"85218","Palo Fierro","Ranchería","Cajeme","Sonora"
"85218","Palofierro","Ranchería","Cajeme","Sonora"
"85218","Paloma Ranch","Ranchería","Cajeme","Sonora"
"85218","Lourdes Valenzuela","Ranchería","Cajeme","Sonora"
"85218","Porfirio Buitimea Mocobachi (La Esperancita)","Ranchería","Cajeme","Sonora"
"85218","Porfirio Castro","Ranchería","Cajeme","Sonora"
"85218","La Virgen [Campo]","Ranchería","Cajeme","Sonora"
"85218","Predio Salazar","Ranchería","Cajeme","Sonora"
"85218","Criba de los 7 Hermanos","Ranchería","Cajeme","Sonora"
"85218","Quinta Arcelia","Ranchería","Cajeme","Sonora"
"85218","Quinta San Jacinto","Ranchería","Cajeme","Sonora"
"85218","Raúl Méndez","Ranchería","Cajeme","Sonora"
"85218","Ramiro Cervantes (Las 3 R)","Ranchería","Cajeme","Sonora"
"85218","Ramón Álvarez (Cutabampo)","Ejido","Cajeme","Sonora"
"85218","Ramona Ríos","Ranchería","Cajeme","Sonora"
"85218","Bajío las Palmas","Rancho","Cajeme","Sonora"
"85218","De Galindo","Rancho","Cajeme","Sonora"
"85218","La Chinita","Rancho","Cajeme","Sonora"
"85218","Gallo Giro","Rancho","Cajeme","Sonora"
"85218","Las Praderas","Rancho","Cajeme","Sonora"
"85218","Nene","Rancho","Cajeme","Sonora"
"85218","Nuevo la Paloma","Rancho","Cajeme","Sonora"
"85218","San Anselmo","Rancho","Cajeme","Sonora"
"85218","Martín Palafox","Ranchería","Cajeme","Sonora"
"85218","San Carlos","Rancho","Cajeme","Sonora"
"85218","San Judas","Rancho","Cajeme","Sonora"
"85218","Rancho San Luis","Granja","Cajeme","Sonora"
"85218","Santa Fe","Rancho","Cajeme","Sonora"
"85218","Tehson","Rancho","Cajeme","Sonora"
"85218","Soles Najul","Ranchería","Cajeme","Sonora"
"85218","Raymundo Ramos","Ranchería","Cajeme","Sonora"
"85218","Raymundo Vivian","Ranchería","Cajeme","Sonora"
"85218","Regalado (El Rancho R4)","Rancho","Cajeme","Sonora"
"85218","Roberto Valencia","Ranchería","Cajeme","Sonora"
"85218","Román Quintero","Ranchería","Cajeme","Sonora"
"85218","Rumaldo Morales (El Mango)","Ranchería","Cajeme","Sonora"
"85218","San Antonio","Hacienda","Cajeme","Sonora"
"85218","San Antonio","Ejido","Cajeme","Sonora"
"85218","San Antonio","Rancho","Cajeme","Sonora"
"85218","San Antonio","Rancho","Cajeme","Sonora"
"85218","San Antonio","Granja","Cajeme","Sonora"
"85218","El Descanso","Exhacienda","Cajeme","Sonora"
"85218","San Antonio (Bahía de Perla)","Ranchería","Cajeme","Sonora"
"85218","San Antonio (Los Hoyos)","Ranchería","Cajeme","Sonora"
"85218","San Bartolo","Ranchería","Cajeme","Sonora"
"85218","San Fernando (Agustín Ibarra)","Ranchería","Cajeme","Sonora"
"85218","San Francisco de la Huerta","Ranchería","Cajeme","Sonora"
"85218","San Judas","Ranchería","Cajeme","Sonora"
"85218","San Martín","Ranchería","Cajeme","Sonora"
"85218","Los Valientes","Ranchería","Cajeme","Sonora"
"85218","San Miguelito","Ejido","Cajeme","Sonora"
"85218","San Pancracio","Ranchería","Cajeme","Sonora"
"85218","Santa Anita","Ranchería","Cajeme","Sonora"
"85218","Santa Cruz","Ranchería","Cajeme","Sonora"
"85218","Santa Rosa","Ejido","Cajeme","Sonora"
"85218","Santa Rosa","Ranchería","Cajeme","Sonora"
"85218","Santa Rosa","Rancho","Cajeme","Sonora"
"85218","Santo Niño","Ranchería","Cajeme","Sonora"
"85218","Siete Hermanos","Ranchería","Cajeme","Sonora"
"85218","Tanque de León (José Romero)","Ranchería","Cajeme","Sonora"
"85218","Trini Zavala (El Mezquite)","Ranchería","Cajeme","Sonora"
"85218","Uly Ely","Ranchería","Cajeme","Sonora"
"85218","Veracruz (El Chorizo)","Ranchería","Cajeme","Sonora"
"85218","Vicente Mejía Dávila (Campo San Antonio)","Ranchería","Cajeme","Sonora"
"85218","Víctor Acosta Valenzuela","Ranchería","Cajeme","Sonora"
"85218","Los Magueyes","Ranchería","Cajeme","Sonora"
"85219","La Huerta","Colonia","Cajeme","Sonora"
"85219","Cócorit","Pueblo","Cajeme","Sonora"
"85219","La Calavera","Barrio","Cajeme","Sonora"
"85219","8 Pueblos","Barrio","Cajeme","Sonora"
"85219","Viviano Murieta","Colonia","Cajeme","Sonora"
"85219","Eduardo Estrella","Colonia","Cajeme","Sonora"
"85219","El Alhuate","Barrio","Cajeme","Sonora"
"85219","El Comti","Barrio","Cajeme","Sonora"
"85219","San José","Barrio","Cajeme","Sonora"
"85219","Sendero Real","Fraccionamiento","Cajeme","Sonora"
"85219","Alameda","Fraccionamiento","Cajeme","Sonora"
"85219","Campestre","Colonia","Cajeme","Sonora"
"85219","Nueva Creación Cócorit","Colonia","Cajeme","Sonora"
"85220","Benito Juárez (La Granja)","Granja","Navojoa","Sonora"
"85220","Jopopaco","Ranchería","Navojoa","Sonora"
"85220","Masiaca","Pueblo","Navojoa","Sonora"
"85220","San José Masiaca","Ejido","Navojoa","Sonora"
"85220","Huebampo","Colonia","Navojoa","Sonora"
"85220","Choacalle","Ranchería","Navojoa","Sonora"
"85220","Cucajaqui","Ejido","Navojoa","Sonora"
"85220","Bulabampo","Rancho","Navojoa","Sonora"
"85220","El Sabinito de Tesia (Tesia y Sus Anexos)","Ranchería","Navojoa","Sonora"
"85220","Estación Masiaca","Ranchería","Navojoa","Sonora"
"85220","Felipe Ángeles","Ranchería","Navojoa","Sonora"
"85220","Guacaporo (Bacaporo)","Ranchería","Navojoa","Sonora"
"85220","Huiribis","Ranchería","Navojoa","Sonora"
"85220","La Finca","Rancho","Navojoa","Sonora"
"85220","Las Amapas (Rancho el Jito)","Rancho","Navojoa","Sonora"
"85220","Las Flores","Ranchería","Navojoa","Sonora"
"85220","Los González","Ranchería","Navojoa","Sonora"
"85220","Los Mochócolis","Ranchería","Navojoa","Sonora"
"85220","Piedra Baya","Ranchería","Navojoa","Sonora"
"85220","Presa Nueva","Ranchería","Navojoa","Sonora"
"85220","Sahuaro","Granja","Navojoa","Sonora"
"85220","San Josecito","Ranchería","Navojoa","Sonora"
"85220","San Pedrito","Ranchería","Navojoa","Sonora"
"85222","Huasaguari","Hacienda","Navojoa","Sonora"
"85222","San Antonio de los Ibarra (San Antonio)","Ejido","Navojoa","Sonora"
"85222","Teachive","Ranchería","Navojoa","Sonora"
"85222","Adolfo de la Huerta","Ejido","Navojoa","Sonora"
"85222","Agua Nueva","Ranchería","Navojoa","Sonora"
"85222","Hacienda San Antonio","Rancho","Navojoa","Sonora"
"85222","Jusibampito","Ranchería","Navojoa","Sonora"
"85222","La Aguja","Ranchería","Navojoa","Sonora"
"85222","La Esmeralda","Ranchería","Navojoa","Sonora"
"85222","Las Milpas","Ranchería","Navojoa","Sonora"
"85222","Las Víboras","Ranchería","Navojoa","Sonora"
"85222","Planta NOROTOSA","Ranchería","Navojoa","Sonora"
"85222","Atalaya","Rancho","Navojoa","Sonora"
"85222","Nuevo","Rancho","Navojoa","Sonora"
"85222","Torocoba","Ranchería","Navojoa","Sonora"
"85222","Yopari","Rancho","Navojoa","Sonora"
"85223","El Campito","Rancho","Navojoa","Sonora"
"85223","Bacabachi","Colonia","Navojoa","Sonora"
"85223","Los Buayums","Pueblo","Navojoa","Sonora"
"85223","El Saneal","Colonia","Navojoa","Sonora"
"85223","Francisco I Madero Dos","Ejido","Navojoa","Sonora"
"85223","Licenciado Luis Echeverría Álvarez","Ejido","Navojoa","Sonora"
"85223","Alfredo Karam","Ranchería","Navojoa","Sonora"
"85223","Álvarez Hermanos","Ranchería","Navojoa","Sonora"
"85223","Álvarez Hermanos","Ejido","Navojoa","Sonora"
"85223","Álvarez Hermanos","Rancho","Navojoa","Sonora"
"85223","Amador Almada","Ranchería","Navojoa","Sonora"
"85223","Bacabachi (La Granja)","Granja","Navojoa","Sonora"
"85223","Campo Girasol","Rancho","Navojoa","Sonora"
"85223","Canuto Aguilar (Campo Canuto)","Ranchería","Navojoa","Sonora"
"85223","El Reparo","Ranchería","Navojoa","Sonora"
"85223","El Saneal (La Granja)","Granja","Navojoa","Sonora"
"85223","La Esperanza","Ranchería","Navojoa","Sonora"
"85223","La Esquina Valdez (Puente Valdez)","Ranchería","Navojoa","Sonora"
"85223","La Potable","Rancho","Navojoa","Sonora"
"85223","La Potable","Ranchería","Navojoa","Sonora"
"85223","Las Bombas","Ranchería","Navojoa","Sonora"
"85223","Las Caballerizas (Campo Ruiz)","Ranchería","Navojoa","Sonora"
"85223","Macías","Ranchería","Navojoa","Sonora"
"85223","Macías","Ejido","Navojoa","Sonora"
"85223","Plano Oriente","Ranchería","Navojoa","Sonora"
"85223","Puente San Ignacio","Ranchería","Navojoa","Sonora"
"85223","San Juan (La Noria)","Ranchería","Navojoa","Sonora"
"85223","San Martín Chuachora","Rancho","Navojoa","Sonora"
"85223","Tiqui Torres","Ranchería","Navojoa","Sonora"
"85224","Chirajobampo","Colonia","Navojoa","Sonora"
"85224","Sinahuisa","Colonia","Navojoa","Sonora"
"85224","Antonio Rosales (Las Ánimas)","Ejido","Navojoa","Sonora"
"85224","Los Jitos","Granja","Navojoa","Sonora"
"85224","Boza [Agropecuaria]","Ranchería","Navojoa","Sonora"
"85224","Arturo Almada","Ranchería","Navojoa","Sonora"
"85224","Bachoco","Ranchería","Navojoa","Sonora"
"85224","Bórquez","Ranchería","Navojoa","Sonora"
"85224","Campo Bojórquez","Ranchería","Navojoa","Sonora"
"85224","Campo Chacón","Ranchería","Navojoa","Sonora"
"85224","Campo de Jesús Almada","Ranchería","Navojoa","Sonora"
"85224","Campo Roberto Rosas","Ranchería","Navojoa","Sonora"
"85224","Campo Santa Mónica","Ranchería","Navojoa","Sonora"
"85224","Capetamaya","Ranchería","Navojoa","Sonora"
"85224","Capetamaya Granja Rosita (La Rosita)","Ranchería","Navojoa","Sonora"
"85224","Casa Blanca","Ranchería","Navojoa","Sonora"
"85224","Compuerta Treinta y Ocho","Ranchería","Navojoa","Sonora"
"85224","DER Agrícola","Ranchería","Navojoa","Sonora"
"85224","Primero de Abril","Ranchería","Navojoa","Sonora"
"85224","El Abajeño [Restaurante]","Ranchería","Navojoa","Sonora"
"85224","El Barrial","Ranchería","Navojoa","Sonora"
"85224","El Ciclón [Avícola]","Ranchería","Navojoa","Sonora"
"85224","El Cuatro","Ranchería","Navojoa","Sonora"
"85224","El Abajeño","Ranchería","Navojoa","Sonora"
"85224","El Milagro","Ranchería","Navojoa","Sonora"
"85224","El Papalote","Ranchería","Navojoa","Sonora"
"85224","Rábago [Campo Agrícola]","Ranchería","Navojoa","Sonora"
"85224","Germán Corral","Ranchería","Navojoa","Sonora"
"85224","Arturo Almada","Rancho","Navojoa","Sonora"
"85224","La Huerta","Ranchería","Navojoa","Sonora"
"85224","Lolita","Ranchería","Navojoa","Sonora"
"85224","Los Bórquez","Ranchería","Navojoa","Sonora"
"85224","Los Pinos","Ranchería","Navojoa","Sonora"
"85224","Martínez","Ranchería","Navojoa","Sonora"
"85224","Mazolay","Ranchería","Navojoa","Sonora"
"85224","Molino de Almada","Ranchería","Navojoa","Sonora"
"85224","Nacapul","Ranchería","Navojoa","Sonora"
"85224","Norisina","Ranchería","Navojoa","Sonora"
"85224","Pedro Almada","Ranchería","Navojoa","Sonora"
"85224","Ramón Zazueta","Ranchería","Navojoa","Sonora"
"85224","De los González","Rancho","Navojoa","Sonora"
"85224","Rodolfo Rosas","Ranchería","Navojoa","Sonora"
"85224","Santa Isabel (Los Cocos)","Ranchería","Navojoa","Sonora"
"85224","Saucobe","Ranchería","Navojoa","Sonora"
"85224","Tetacruz","Ranchería","Navojoa","Sonora"
"85224","Tres Jitos (Los Carrazco)","Ranchería","Navojoa","Sonora"
"85224","Veintisiete","Ranchería","Navojoa","Sonora"
"85224","Fernando Yépiz Rosas","Ranchería","Navojoa","Sonora"
"85224","Yorimayo","Ranchería","Navojoa","Sonora"
"85225","Sapochopo","Ranchería","Navojoa","Sonora"
"85225","El Barrial","Ranchería","Navojoa","Sonora"
"85225","Ucamayo [Algodonera]","Ranchería","Navojoa","Sonora"
"85225","San Alfonso","Ranchería","Navojoa","Sonora"
"85225","Rubén Valenzuela","Ranchería","Navojoa","Sonora"
"85226","Chinotahueca","Ranchería","Navojoa","Sonora"
"85226","El Jopo","Ranchería","Navojoa","Sonora"
"85226","Sapomora","Ranchería","Navojoa","Sonora"
"85226","5 de Junio","Ejido","Navojoa","Sonora"
"85226","Aldegundo","Ranchería","Navojoa","Sonora"
"85226","Héctor Arreola","Ranchería","Navojoa","Sonora"
"85226","Buenavista","Ranchería","Navojoa","Sonora"
"85226","Campo Aguadulce","Ranchería","Navojoa","Sonora"
"85226","Campo de Guillermo Giesecke","Ranchería","Navojoa","Sonora"
"85226","Campo Valenzuela","Ranchería","Navojoa","Sonora"
"85226","Campo Zazueta","Ranchería","Navojoa","Sonora"
"85226","Abraham Mendívil Portillo","Ranchería","Navojoa","Sonora"
"85226","Colegio del Pacífico","Equipamiento","Navojoa","Sonora"
"85226","El Barrial","Ranchería","Navojoa","Sonora"
"85226","El Barrial Kilómetro Doce","Ranchería","Navojoa","Sonora"
"85226","Guadalupe","Ranchería","Navojoa","Sonora"
"85226","Don Pepe","Exhacienda","Navojoa","Sonora"
"85226","Héctor Arreola","Rancho","Navojoa","Sonora"
"85226","Jupacobe","Ranchería","Navojoa","Sonora"
"85226","Kilómetro Catorce","Ranchería","Navojoa","Sonora"
"85226","La Bomba","Ranchería","Navojoa","Sonora"
"85226","Las Carolinas (Cahurara) [Huerta]","Ranchería","Navojoa","Sonora"
"85226","Las Dos Palmas","Ranchería","Navojoa","Sonora"
"85226","Los Arvizu","Ranchería","Navojoa","Sonora"
"85226","Epifanio Zazueta","Ranchería","Navojoa","Sonora"
"85226","Los Pinos","Ranchería","Navojoa","Sonora"
"85226","Manuel Godínez","Ranchería","Navojoa","Sonora"
"85226","Navarro","Ranchería","Navojoa","Sonora"
"85226","Los Parosis","Ranchería","Navojoa","Sonora"
"85226","Ada [Planta Procesadora de Granos]","Ranchería","Navojoa","Sonora"
"85226","Robinson","Ranchería","Navojoa","Sonora"
"85226","San Gerardo","Ranchería","Navojoa","Sonora"
"85226","San José","Ejido","Navojoa","Sonora"
"85226","San José Chinotahueca","Ranchería","Navojoa","Sonora"
"85226","Santa Anita","Ranchería","Navojoa","Sonora"
"85226","Santa Isabel","Ranchería","Navojoa","Sonora"
"85226","Sicoma","Ranchería","Navojoa","Sonora"
"85226","Sicoma (Bachoco)","Ranchería","Navojoa","Sonora"
"85227","Batayaqui","Ejido","Navojoa","Sonora"
"85227","San José","Rancho","Navojoa","Sonora"
"85227","Junelancahui (Joconas)","Ejido","Navojoa","Sonora"
"85227","Aquimulato","Ranchería","Navojoa","Sonora"
"85227","Casa Blanca","Ranchería","Navojoa","Sonora"
"85227","Chinobampo","Ranchería","Navojoa","Sonora"
"85227","El Chilicote","Ranchería","Navojoa","Sonora"
"85227","El Tecolote","Ranchería","Navojoa","Sonora"
"85227","El Viejo Batayaqui","Ranchería","Navojoa","Sonora"
"85227","Etchomocha","Ranchería","Navojoa","Sonora"
"85227","SONMEX [Industrias]","Zona industrial","Navojoa","Sonora"
"85227","Jusibampo","Ranchería","Navojoa","Sonora"
"85227","Las Chivas","Ranchería","Navojoa","Sonora"
"85227","Los Cuatro","Rancho","Navojoa","Sonora"
"85227","Masubampo (Nasubampo)","Ranchería","Navojoa","Sonora"
"85227","Miguel Hidalgo","Ejido","Navojoa","Sonora"
"85227","Porcina Cocutec","Granja","Navojoa","Sonora"
"85227","San Alfonso","Granja","Navojoa","Sonora"
"85227","La Soledad","Rancho","Navojoa","Sonora"
"85227","San Juan","Granja","Navojoa","Sonora"
"85227","Singapur","Ranchería","Navojoa","Sonora"
"85228","Rancho Camargo","Ranchería","Navojoa","Sonora"
"85228","El Recodo","Colonia","Navojoa","Sonora"
"85228","Nachuquis (San Antonio Nachuquis)","Colonia","Navojoa","Sonora"
"85228","Rancho del Padre","Ejido","Navojoa","Sonora"
"85228","Punta de la Laguna","Ejido","Navojoa","Sonora"
"85228","Algodonera","Ranchería","Navojoa","Sonora"
"85228","Bacerán","Rancho","Navojoa","Sonora"
"85228","Cohuirimpo","Ranchería","Navojoa","Sonora"
"85228","Cutataila","Rancho","Navojoa","Sonora"
"85228","Daniel Camacho","Ranchería","Navojoa","Sonora"
"85228","El Cumbro","Ranchería","Navojoa","Sonora"
"85228","Familia Ozuna Ayala","Ranchería","Navojoa","Sonora"
"85228","Francisco Clemen Bretano","Ranchería","Navojoa","Sonora"
"85228","Kutantaka","Ranchería","Navojoa","Sonora"
"85228","Huerta","Ranchería","Navojoa","Sonora"
"85228","Las Tierritas","Ranchería","Navojoa","Sonora"
"85228","Mario Ramírez Rincón","Ranchería","Navojoa","Sonora"
"85228","Santa Isabel","Ranchería","Navojoa","Sonora"
"85228","Querobabi [Campo Agrícola]","Ranchería","Navojoa","Sonora"
"85228","Tesotahueca","Ranchería","Navojoa","Sonora"
"85228","Torobene","Ranchería","Navojoa","Sonora"
"85229","Bemelabampo","Ranchería","Navojoa","Sonora"
"85229","Chihuahuita","Ranchería","Navojoa","Sonora"
"85229","Cuchilla de Bahuises","Ranchería","Navojoa","Sonora"
"85229","El Siviral","Ranchería","Navojoa","Sonora"
"85229","Corrales la Quince","Ranchería","Navojoa","Sonora"
"85229","El Árbol Caído [Restaurante]","Ranchería","Navojoa","Sonora"
"85229","El Campito","Ranchería","Navojoa","Sonora"
"85229","El Dátil","Ranchería","Navojoa","Sonora"
"85229","El Limón","Ranchería","Navojoa","Sonora"
"85229","Mezquital de Abajo","Ranchería","Navojoa","Sonora"
"85229","El Molino","Ranchería","Navojoa","Sonora"
"85229","El Rancho","Equipamiento","Navojoa","Sonora"
"85229","El Saucito","Ranchería","Navojoa","Sonora"
"85229","El Sauz","Ranchería","Navojoa","Sonora"
"85229","Huerta Aguilera","Ranchería","Navojoa","Sonora"
"85229","Josonteco","Ranchería","Navojoa","Sonora"
"85229","La Quince","Rancho","Navojoa","Sonora"
"85229","Los Aguacates [Huerta]","Ranchería","Navojoa","Sonora"
"85229","Los Briseño","Ranchería","Navojoa","Sonora"
"85229","Los Limones","Rancho","Navojoa","Sonora"
"85229","Margarita","Ranchería","Navojoa","Sonora"
"85229","Margarita","Ejido","Navojoa","Sonora"
"85229","Pedro [Porcina]","Ranchería","Navojoa","Sonora"
"85229","Quinta Angelina","Ranchería","Navojoa","Sonora"
"85229","Santa Anita","Ranchería","Navojoa","Sonora"
"85229","Santa María","Ranchería","Navojoa","Sonora"
"85230","Los Bahuises","Pueblo","Navojoa","Sonora"
"85230","Guaymitas","Ranchería","Navojoa","Sonora"
"85230","La Cruz de Rosales","Ranchería","Navojoa","Sonora"
"85230","Santa Bárbara","Ranchería","Navojoa","Sonora"
"85230","Valle Buey","Ranchería","Navojoa","Sonora"
"85232","Basiabampo","Ranchería","Navojoa","Sonora"
"85232","General Gabriel Leyva Solano (Gabriel Leyva)","Ranchería","Navojoa","Sonora"
"85232","Agropecuaria Tecorahui","Ranchería","Navojoa","Sonora"
"85232","Alinsumos","Ranchería","Navojoa","Sonora"
"85232","Babójori","Ranchería","Navojoa","Sonora"
"85232","El Dolar","Ranchería","Navojoa","Sonora"
"85232","El Pollín","Ranchería","Navojoa","Sonora"
"85232","El Tori","Ranchería","Navojoa","Sonora"
"85232","Las Iguanas","Ranchería","Navojoa","Sonora"
"85232","Los Cuates","Ranchería","Navojoa","Sonora"
"85232","Margarita","Ranchería","Navojoa","Sonora"
"85232","San Martín","Ranchería","Navojoa","Sonora"
"85233","Engorda Fundición","Granja","Navojoa","Sonora"
"85233","Etchohuaquila","Colonia","Navojoa","Sonora"
"85233","Fundición","Colonia","Navojoa","Sonora"
"85233","Guadalupe de Juárez","Pueblo","Navojoa","Sonora"
"85233","Jostahueca","Hacienda","Navojoa","Sonora"
"85233","Musuabampo","Ranchería","Navojoa","Sonora"
"85233","Agiabampo","Ranchería","Navojoa","Sonora"
"85233","Tessenderlo Kerley","Ranchería","Navojoa","Sonora"
"85233","Caseta de Cobro","Ranchería","Navojoa","Sonora"
"85233","Engorda Yoreme","Rancho","Navojoa","Sonora"
"85233","El Retiro","Ranchería","Navojoa","Sonora"
"85233","El Retiro","Ejido","Navojoa","Sonora"
"85233","Elsa","Ranchería","Navojoa","Sonora"
"85233","Engorda Campoy","Ranchería","Navojoa","Sonora"
"85233","Esperancita","Ejido","Navojoa","Sonora"
"85233","Estación de FFCC Sección Dieciocho","Ranchería","Navojoa","Sonora"
"85233","Estación Velderráin","Ranchería","Navojoa","Sonora"
"85233","Eugenia","Ranchería","Navojoa","Sonora"
"85233","Gabriela","Ranchería","Navojoa","Sonora"
"85233","Genes","Ranchería","Navojoa","Sonora"
"85233","Granja Sonqui (La Tuna)","Ranchería","Navojoa","Sonora"
"85233","Guadalupe Sonqui","Ranchería","Navojoa","Sonora"
"85233","La Bombita","Ranchería","Navojoa","Sonora"
"85233","La Choya 4","Ranchería","Navojoa","Sonora"
"85233","La Sandía","Ranchería","Navojoa","Sonora"
"85233","Loma Linda","Ranchería","Navojoa","Sonora"
"85233","Los Batequis","Ranchería","Navojoa","Sonora"
"85233","Los Buhitos","Ranchería","Navojoa","Sonora"
"85233","Los Magueyes","Ranchería","Navojoa","Sonora"
"85233","San Francisco","Ranchería","Navojoa","Sonora"
"85233","San Germán","Ranchería","Navojoa","Sonora"
"85233","San Ricardo","Ranchería","Navojoa","Sonora"
"85233","Santa María del Buaraje","Colonia","Navojoa","Sonora"
"85233","Susana","Ranchería","Navojoa","Sonora"
"85233","Tamazula","Ranchería","Navojoa","Sonora"
"85234","Buáraje Viejo","Ejido","Navojoa","Sonora"
"85234","El Sifón (Sifón Canal Alto)","Ranchería","Navojoa","Sonora"
"85234","Joaquín Amaro","Ejido","Navojoa","Sonora"
"85234","Avícola Sonqui","Ranchería","Navojoa","Sonora"
"85234","Bachoco Veinticinco Diecisiete","Ranchería","Navojoa","Sonora"
"85234","Oviáchic 2","Ranchería","Navojoa","Sonora"
"85234","Familia Félix Cervantes","Ranchería","Navojoa","Sonora"
"85234","Campo Antonio Zazueta (Las Ruinas)","Ranchería","Navojoa","Sonora"
"85234","Campo Arvizu","Ranchería","Navojoa","Sonora"
"85234","Campo Cuauhtémoc","Ranchería","Navojoa","Sonora"
"85234","Campo del Gringo","Ranchería","Navojoa","Sonora"
"85234","Ignacio Pablos","Ranchería","Navojoa","Sonora"
"85234","Campo José Gastélum","Ranchería","Navojoa","Sonora"
"85234","Che Guevara","Ranchería","Navojoa","Sonora"
"85234","Revolución Mexicana","Ejido","Navojoa","Sonora"
"85234","El Gachupín","Ranchería","Navojoa","Sonora"
"85234","El Invernadero","Ranchería","Navojoa","Sonora"
"85234","Feriva","Ranchería","Navojoa","Sonora"
"85234","La Laguna Mondaca","Ranchería","Navojoa","Sonora"
"85234","Lamberto Arvizu","Ranchería","Navojoa","Sonora"
"85234","Licenciado Miguel de la Madrid Hurtado","Ranchería","Navojoa","Sonora"
"85234","Miguel de la Madrid Dos","Ranchería","Navojoa","Sonora"
"85234","Miguel de la Madrid Dos","Ejido","Navojoa","Sonora"
"85234","Miguel de la Madrid Uno","Ranchería","Navojoa","Sonora"
"85234","Oviáchic","Ranchería","Navojoa","Sonora"
"85234","Planta de Aguamonia","Ranchería","Navojoa","Sonora"
"85234","Tres Arbolitos","Ranchería","Navojoa","Sonora"
"85235","Santa Rosa","Hacienda","Navojoa","Sonora"
"85235","El Jijiri","Ranchería","Navojoa","Sonora"
"85235","Tetapeche","Ranchería","Navojoa","Sonora"
"85235","Tierra Blanca","Ranchería","Navojoa","Sonora"
"85235","La Pera","Ranchería","Navojoa","Sonora"
"85235","Altamira","Ranchería","Navojoa","Sonora"
"85235","Barebampo","Ranchería","Navojoa","Sonora"
"85235","Casa Blanca","Ranchería","Navojoa","Sonora"
"85235","Cuchujaqui","Ranchería","Navojoa","Sonora"
"85235","El Chapulín","Ranchería","Navojoa","Sonora"
"85235","El Core","Ranchería","Navojoa","Sonora"
"85235","Graciano Sánchez (Yorigibe)","Ranchería","Navojoa","Sonora"
"85235","Jaitaca","Ranchería","Navojoa","Sonora"
"85235","Juan Diego","Ranchería","Navojoa","Sonora"
"85235","Jusibampo","Ranchería","Navojoa","Sonora"
"85235","La Labor de Santa Rosa","Ranchería","Navojoa","Sonora"
"85235","La Perita","Ranchería","Navojoa","Sonora"
"85235","Las Lajas","Ranchería","Navojoa","Sonora"
"85235","Las Pilas","Ranchería","Navojoa","Sonora"
"85235","Palo Blanco","Ranchería","Navojoa","Sonora"
"85235","Ranchería","Ranchería","Navojoa","Sonora"
"85235","Jaitaca","Rancho","Navojoa","Sonora"
"85235","Las Granjas","Rancho","Navojoa","Sonora"
"85235","Ojeda","Rancho","Navojoa","Sonora"
"85235","Santa María","Ranchería","Navojoa","Sonora"
"85236","Navomora","Ejido","Navojoa","Sonora"
"85236","Pueblo Mayo","Pueblo","Navojoa","Sonora"
"85236","Avícola Rancho Grande","Granja","Navojoa","Sonora"
"85236","Bacame Nuevo","Ranchería","Navojoa","Sonora"
"85236","Gilberto Barceló","Ranchería","Navojoa","Sonora"
"85236","Ignacio Pesqueira","Ejido","Navojoa","Sonora"
"85236","La Batalla","Ejido","Navojoa","Sonora"
"85236","Pozo Dulce","Ranchería","Navojoa","Sonora"
"85236","Raymundo López","Ranchería","Navojoa","Sonora"
"85236","Linda Vista","Ranchería","Navojoa","Sonora"
"85237","Tres Hermanos","Ranchería","Navojoa","Sonora"
"85237","Camoa","Ejido","Navojoa","Sonora"
"85237","Barrio Cantúa","Colonia","Navojoa","Sonora"
"85237","Santa Bárbara","Ejido","Navojoa","Sonora"
"85237","Siquisiva","Granja","Navojoa","Sonora"
"85237","Las Pilas","Rancho","Navojoa","Sonora"
"85237","Barrio Corral","Ranchería","Navojoa","Sonora"
"85237","El Sabino","Ranchería","Navojoa","Sonora"
"85237","El Tablón","Ranchería","Navojoa","Sonora"
"85237","El Tecolote","Ranchería","Navojoa","Sonora"
"85237","Las Bombas","Ranchería","Navojoa","Sonora"
"85238","Crianza Tesia","Granja","Navojoa","Sonora"
"85238","La Laguna de Tesia","Ranchería","Navojoa","Sonora"
"85238","Chibucú","Ranchería","Navojoa","Sonora"
"85238","El Chapote","Ranchería","Navojoa","Sonora"
"85238","Mezquital de Tesia","Ranchería","Navojoa","Sonora"
"85238","Sibacobe","Ranchería","Navojoa","Sonora"
"85238","Tesia","Pueblo","Navojoa","Sonora"
"85238","Los Limones","Ranchería","Navojoa","Sonora"
"85238","El Alamito","Ranchería","Navojoa","Sonora"
"85238","El Sahueso","Rancho","Navojoa","Sonora"
"85238","Las Guásimas (El Japonés)","Ranchería","Navojoa","Sonora"
"85238","Las Guásimas","Rancho","Navojoa","Sonora"
"85238","Las Hurracas","Ranchería","Navojoa","Sonora"
"85238","San Carlos Cuatro [Porcina]","Ranchería","Navojoa","Sonora"
"85238","San Carlos Tres [Porcina]","Ranchería","Navojoa","Sonora"
"85238","San Francisco","Ranchería","Navojoa","Sonora"
"85238","Santa Isabel","Ranchería","Navojoa","Sonora"
"85239","Agiabampo","Ejido","Navojoa","Sonora"
"85239","Buiyacusi","Ranchería","Navojoa","Sonora"
"85239","Capohuiza","Ranchería","Navojoa","Sonora"
"85239","Loma del Refugio","Ranchería","Navojoa","Sonora"
"85239","Mezquital de Buiyacusi","Ranchería","Navojoa","Sonora"
"85239","Rosales","Ranchería","Navojoa","Sonora"
"85239","Buenos Aires","Ranchería","Navojoa","Sonora"
"85239","El Triunfo","Ranchería","Navojoa","Sonora"
"85239","Juan Carlos Cuevas [Empacadora]","Ranchería","Navojoa","Sonora"
"85239","Fitosanitaria (Estación Cuarentenaria)","Ranchería","Navojoa","Sonora"
"85239","Las Pilitas","Ranchería","Navojoa","Sonora"
"85239","Agiabampo","Ranchería","Navojoa","Sonora"
"85239","San Juan","Ranchería","Navojoa","Sonora"
"85239","Turi Kowi","Ranchería","Navojoa","Sonora"
"85239","Túcuri de Abajo","Ranchería","Navojoa","Sonora"
"85239","Vivajímari","Ranchería","Navojoa","Sonora"
"85239","Yorentamehua","Ranchería","Navojoa","Sonora"
"85240","Citaváro","Ejido","Huatabampo","Sonora"
"85240","Etchoropo","Colonia","Huatabampo","Sonora"
"85240","La Reforma","Hacienda","Huatabampo","Sonora"
"85240","La Unión (Cuadro Once)","Rancho","Huatabampo","Sonora"
"85240","Las Parras","Ejido","Huatabampo","Sonora"
"85240","Moroncárit","Pueblo","Huatabampo","Sonora"
"85240","Pozo Dulce","Ejido","Huatabampo","Sonora"
"85240","Sahuaral de Otero (Sahuaral de Abajo)","Ejido","Huatabampo","Sonora"
"85240","Agropecuaria Jupateco","Ranchería","Huatabampo","Sonora"
"85240","El Dátil","Ranchería","Huatabampo","Sonora"
"85240","El Naranjo","Ranchería","Huatabampo","Sonora"
"85240","Estero Aquiropo","Ranchería","Huatabampo","Sonora"
"85240","Huirojara","Ranchería","Huatabampo","Sonora"
"85240","Janitzio","Ranchería","Huatabampo","Sonora"
"85240","Jinamaqui","Ranchería","Huatabampo","Sonora"
"85240","Jupagojori","Ranchería","Huatabampo","Sonora"
"85240","Las Parritas (El Changuito)","Ranchería","Huatabampo","Sonora"
"85240","Morelos","Ranchería","Huatabampo","Sonora"
"85240","Pozo Dulce","Ranchería","Huatabampo","Sonora"
"85240","De Anguis","Rancho","Huatabampo","Sonora"
"85241","Baburo","Colonia","Huatabampo","Sonora"
"85241","El Caro","Ejido","Huatabampo","Sonora"
"85241","El Sufragio","Ranchería","Huatabampo","Sonora"
"85241","Zamicarit","Ranchería","Huatabampo","Sonora"
"85241","El Caro","Ranchería","Huatabampo","Sonora"
"85241","El Chinalito","Ranchería","Huatabampo","Sonora"
"85241","El Vigía","Ranchería","Huatabampo","Sonora"
"85241","Jupateco","Ranchería","Huatabampo","Sonora"
"85241","La Alameda","Ranchería","Huatabampo","Sonora"
"85241","La Cochera","Rancho","Huatabampo","Sonora"
"85241","La Rueda (Morelos)","Rancho","Huatabampo","Sonora"
"85241","La Trinidad","Ranchería","Huatabampo","Sonora"
"85243","El Porvenir","Ranchería","Huatabampo","Sonora"
"85243","El Alto San Cristóbal","Ranchería","Huatabampo","Sonora"
"85243","La Línea","Ranchería","Huatabampo","Sonora"
"85243","La Mielera","Ranchería","Huatabampo","Sonora"
"85243","La Rosita","Colonia","Huatabampo","Sonora"
"85243","Palo Verde","Ranchería","Huatabampo","Sonora"
"85243","Agropecuaria Rampar","Ranchería","Huatabampo","Sonora"
"85243","Rosas","Ranchería","Huatabampo","Sonora"
"85243","Legumbres de los Arellanes","Ranchería","Huatabampo","Sonora"
"85243","Serna","Ranchería","Huatabampo","Sonora"
"85244","La China","Ranchería","Huatabampo","Sonora"
"85244","La Galera","Hacienda","Huatabampo","Sonora"
"85244","Las Mamias","Ranchería","Huatabampo","Sonora"
"85244","Capazeta (Buelna)","Ranchería","Huatabampo","Sonora"
"85244","El Gato","Ranchería","Huatabampo","Sonora"
"85244","La Esquina","Ranchería","Huatabampo","Sonora"
"85245","30 de Abril","Colonia","Huatabampo","Sonora"
"85245","Buiyarumo","Ranchería","Huatabampo","Sonora"
"85245","Huepaco","Rancho","Huatabampo","Sonora"
"85245","Júpare","Colonia","Huatabampo","Sonora"
"85245","La Primavera","Ejido","Huatabampo","Sonora"
"85245","Las Flores","Ranchería","Huatabampo","Sonora"
"85245","Navobaxia","Colonia","Huatabampo","Sonora"
"85245","Pueblo Viejo","Colonia","Huatabampo","Sonora"
"85245","17 de Octubre","Colonia","Huatabampo","Sonora"
"85245","Agropecuaria Faromo","Ranchería","Huatabampo","Sonora"
"85245","Bracamontes","Ranchería","Huatabampo","Sonora"
"85245","Chijubampo","Ranchería","Huatabampo","Sonora"
"85245","Cicivari","Ranchería","Huatabampo","Sonora"
"85245","El Chapote","Ranchería","Huatabampo","Sonora"
"85245","El Embarcadero","Ranchería","Huatabampo","Sonora"
"85245","El Juparito (Huepaco)","Ranchería","Huatabampo","Sonora"
"85245","El Marro","Ranchería","Huatabampo","Sonora"
"85245","Huerta Linda","Ranchería","Huatabampo","Sonora"
"85245","La Colonita","Ranchería","Huatabampo","Sonora"
"85245","La Hacienda de los Vey (Los Chinos)","Ranchería","Huatabampo","Sonora"
"85245","La Laguna","Ranchería","Huatabampo","Sonora"
"85245","La Primavera Sur","Ranchería","Huatabampo","Sonora"
"85245","La Primavera","Rancho","Huatabampo","Sonora"
"85245","La Quinta Chía","Ranchería","Huatabampo","Sonora"
"85245","Pablo Gómez Cota (La Primavera)","Ranchería","Huatabampo","Sonora"
"85245","Santa Rosa (La Piocha)","Ranchería","Huatabampo","Sonora"
"85246","El Tábare","Ejido","Huatabampo","Sonora"
"85246","Las Milpas","Ranchería","Huatabampo","Sonora"
"85246","El Mazaray","Ranchería","Huatabampo","Sonora"
"85246","Aquichopo","Ranchería","Huatabampo","Sonora"
"85246","Camajoa","Ranchería","Huatabampo","Sonora"
"85246","La Arenita","Ranchería","Huatabampo","Sonora"
"85246","La Esquina","Ranchería","Huatabampo","Sonora"
"85246","Oraba","Ejido","Huatabampo","Sonora"
"85247","Bachantahui","Ejido","Huatabampo","Sonora"
"85247","Los Buitbores","Colonia","Huatabampo","Sonora"
"85247","La Cuchilla del Etchoropo","Ranchería","Huatabampo","Sonora"
"85247","La Escalera","Ranchería","Huatabampo","Sonora"
"85247","La Esperanza","Rancho","Huatabampo","Sonora"
"85247","Loma de Etchoropo","Pueblo","Huatabampo","Sonora"
"85247","Mochibampo","Ranchería","Huatabampo","Sonora"
"85247","La Sábila","Colonia","Huatabampo","Sonora"
"85247","El Riíto","Ejido","Huatabampo","Sonora"
"85247","6 de Enero","Colonia","Huatabampo","Sonora"
"85247","Adrián Anguamea","Ranchería","Huatabampo","Sonora"
"85247","Agroinsumos Urrea","Ranchería","Huatabampo","Sonora"
"85247","Bacapaco","Ranchería","Huatabampo","Sonora"
"85247","Cautebe","Ranchería","Huatabampo","Sonora"
"85247","Chapultepec","Ranchería","Huatabampo","Sonora"
"85247","El Riíto de Mazaray (Riíto Muerto)","Ranchería","Huatabampo","Sonora"
"85247","Estero Santa Bárbara","Ranchería","Huatabampo","Sonora"
"85247","Huacaporo","Ranchería","Huatabampo","Sonora"
"85247","Juliantabampo","Rancho","Huatabampo","Sonora"
"85247","Las Guayabitas","Ranchería","Huatabampo","Sonora"
"85247","Los Boquivos","Ranchería","Huatabampo","Sonora"
"85247","Estrella","Rancho","Huatabampo","Sonora"
"85247","Santini","Ranchería","Huatabampo","Sonora"
"85247","Sepobampo","Ranchería","Huatabampo","Sonora"
"85247","Torocoba","Ranchería","Huatabampo","Sonora"
"85248","Loma de Moroncárit","Colonia","Huatabampo","Sonora"
"85249","Campo Diecinueve","Colonia","Huatabampo","Sonora"
"85249","San Antonio","Ranchería","Huatabampo","Sonora"
"85249","Alto de Silverio","Ranchería","Huatabampo","Sonora"
"85249","Campo de Arturo Martínez","Ranchería","Huatabampo","Sonora"
"85249","Campo de Eduardo Santini","Ranchería","Huatabampo","Sonora"
"85249","Campo Gutiérrez","Ranchería","Huatabampo","Sonora"
"85249","Campo Miguel Alatorre","Ranchería","Huatabampo","Sonora"
"85249","Campo Romo","Ranchería","Huatabampo","Sonora"
"85249","Campo San Francisco","Ranchería","Huatabampo","Sonora"
"85249","Campo Trini Rosas","Ranchería","Huatabampo","Sonora"
"85249","Campo Urrea Mumuncuera","Ranchería","Huatabampo","Sonora"
"85249","El Gallo","Ranchería","Huatabampo","Sonora"
"85249","El Martillo","Ranchería","Huatabampo","Sonora"
"85249","Jojurari","Rancho","Huatabampo","Sonora"
"85249","Héctor Urrea","Ranchería","Huatabampo","Sonora"
"85249","La Choya","Ranchería","Huatabampo","Sonora"
"85249","La Cuchilla de San Antonio","Ejido","Huatabampo","Sonora"
"85249","La Curva","Ranchería","Huatabampo","Sonora"
"85249","La Curva","Colonia","Huatabampo","Sonora"
"85249","La Paila","Ranchería","Huatabampo","Sonora"
"85249","La Pitahaya","Ranchería","Huatabampo","Sonora"
"85249","La Regla (Los Rodríguez)","Ranchería","Huatabampo","Sonora"
"85249","Larriñiga","Ranchería","Huatabampo","Sonora"
"85249","Los Cuates","Ranchería","Huatabampo","Sonora"
"85249","Los Elizondos","Ranchería","Huatabampo","Sonora"
"85249","Los Noventa","Ranchería","Huatabampo","Sonora"
"85249","Los Patos","Ranchería","Huatabampo","Sonora"
"85249","Los Pinos (Elías Karam)","Ranchería","Huatabampo","Sonora"
"85249","Luis Echeverría Zuno","Ejido","Huatabampo","Sonora"
"85249","Macías","Ranchería","Huatabampo","Sonora"
"85249","Martínez","Ranchería","Huatabampo","Sonora"
"85249","Mumuncuera","Ranchería","Huatabampo","Sonora"
"85249","Mumuncuera (Campo los Verdugo)","Ranchería","Huatabampo","Sonora"
"85249","Pascual Orozco","Ranchería","Huatabampo","Sonora"
"85249","Pitahaya (Arturo Martínez)","Ranchería","Huatabampo","Sonora"
"85249","Predio Mumuncuera","Ranchería","Huatabampo","Sonora"
"85249","Roberto Romo","Ranchería","Huatabampo","Sonora"
"85249","San Ignacio (La Bomba)","Ranchería","Huatabampo","Sonora"
"85249","San Javier","Ranchería","Huatabampo","Sonora"
"85249","Santa Julia","Ranchería","Huatabampo","Sonora"
"85249","Serbel","Rancho","Huatabampo","Sonora"
"85249","Tepahui Dos","Ranchería","Huatabampo","Sonora"
"85249","Tepahui Uno","Ranchería","Huatabampo","Sonora"
"85249","Unificación Campesina (Cola Seca)","Ejido","Huatabampo","Sonora"
"85249","Urrea (El Caballito)","Ranchería","Huatabampo","Sonora"
"85249","Yocupicio","Ranchería","Huatabampo","Sonora"
"85250","Las Bocas","Pueblo","Huatabampo","Sonora"
"85250","Estación Luis","Paraje","Huatabampo","Sonora"
"85250","Sirebampo","Colonia","Huatabampo","Sonora"
"85250","Las Ánimas","Ranchería","Huatabampo","Sonora"
"85250","Buiyagojo","Ranchería","Huatabampo","Sonora"
"85250","Cerco de Huico","Ranchería","Huatabampo","Sonora"
"85250","Chichibojoro","Ranchería","Huatabampo","Sonora"
"85250","Chichibojoro (Coteco)","Ranchería","Huatabampo","Sonora"
"85250","El Trailero [Restaurante]","Ranchería","Huatabampo","Sonora"
"85250","Guadalupe Estrella (Kilómetro Ciento Siete)","Ranchería","Huatabampo","Sonora"
"85250","Jitosiáric","Ranchería","Huatabampo","Sonora"
"85250","Kilómetro Ciento Uno","Ranchería","Huatabampo","Sonora"
"85250","La Bomba","Ranchería","Huatabampo","Sonora"
"85250","Loma de los Angelitos","Ranchería","Huatabampo","Sonora"
"85250","Lonchería Carolina","Ranchería","Huatabampo","Sonora"
"85250","Los Angelitos Reubicación","Ranchería","Huatabampo","Sonora"
"85250","Los Ortega","Ranchería","Huatabampo","Sonora"
"85250","Mario Yocupicio","Ranchería","Huatabampo","Sonora"
"85250","Míriam [Restaurante]","Ranchería","Huatabampo","Sonora"
"85250","Rosita [Restaurante]","Ranchería","Huatabampo","Sonora"
"85250","San Isidro","Ranchería","Huatabampo","Sonora"
"85250","Zenaida (Los Angelitos) [Restaurante]","Ranchería","Huatabampo","Sonora"
"85251","Bachoco","Ranchería","Huatabampo","Sonora"
"85251","Jambiolabampo Uno","Ejido","Huatabampo","Sonora"
"85251","Yavaritos","Ranchería","Huatabampo","Sonora"
"85251","Adolfo López Mateos","Ejido","Huatabampo","Sonora"
"85251","Bajerobeta (Playa Bachoco)","Ranchería","Huatabampo","Sonora"
"85251","El Apache","Ranchería","Huatabampo","Sonora"
"85251","El Crucero","Ranchería","Huatabampo","Sonora"
"85251","Faustino Félix Serna","Ranchería","Huatabampo","Sonora"
"85251","Jambiolabampo Dos (Los Pollos)","Ranchería","Huatabampo","Sonora"
"85251","Playa la Ballena","Ranchería","Huatabampo","Sonora"
"85251","Playa Tojahui","Ranchería","Huatabampo","Sonora"
"85251","Tojahui","Ranchería","Huatabampo","Sonora"
"85252","Bawe See e (Arena de Mar)","Fraccionamiento","Huatabampo","Sonora"
"85252","Aquaprim","Granja","Huatabampo","Sonora"
"85252","Yavaros (Isla las Viejas)","Pueblo","Huatabampo","Sonora"
"85252","Miramar","Colonia","Huatabampo","Sonora"
"85252","La Técnica","Ranchería","Huatabampo","Sonora"
"85252","Playa Huatabampito","Equipamiento","Huatabampo","Sonora"
"85253","Camahuiroa","Ejido","Huatabampo","Sonora"
"85253","Bachimojaqui","Ranchería","Huatabampo","Sonora"
"85253","El Santo (Bachomojaqui)","Ranchería","Huatabampo","Sonora"
"85253","Playa Bachomojaqui","Ranchería","Huatabampo","Sonora"
"85253","Playa Camahuiroa","Colonia","Huatabampo","Sonora"
"85254","10 de Abril","Ejido","Huatabampo","Sonora"
"85254","Tierra y Libertad","Ejido","Huatabampo","Sonora"
"85254","Benito Juárez","Ejido","Huatabampo","Sonora"
"85254","Café Lupita (Luchy)","Ranchería","Huatabampo","Sonora"
"85254","El Abrileño [Restaurante]","Ranchería","Huatabampo","Sonora"
"85254","La Loma de Estación Luis (Las Vías)","Ranchería","Huatabampo","Sonora"
"85255","Juan Escutia","Ejido","Huatabampo","Sonora"
"85255","Los Toltecas","Ejido","Huatabampo","Sonora"
"85255","Guadalupe Victoria","Ejido","Huatabampo","Sonora"
"85255","El Ranchito (Yujumary)","Ranchería","Huatabampo","Sonora"
"85255","Jubarebampo","Ranchería","Huatabampo","Sonora"
"85255","Lucía","Ranchería","Huatabampo","Sonora"
"85256","Francisco Sarabia","Ejido","Huatabampo","Sonora"
"85256","Sonora Sinaloa (Bamocha)","Ejido","Huatabampo","Sonora"
"85256","Manuel Caudillo","Ejido","Huatabampo","Sonora"
"85256","24 de Febrero","Ejido","Huatabampo","Sonora"
"85256","Agropecuaria Villa Hermosa","Ranchería","Huatabampo","Sonora"
"85256","Cerrillos","Ranchería","Huatabampo","Sonora"
"85256","Emiliano Zapata Dos","Ranchería","Huatabampo","Sonora"
"85256","María Emma","Ranchería","Huatabampo","Sonora"
"85256","Masobampo","Ranchería","Huatabampo","Sonora"
"85256","Porcina Soles","Ranchería","Huatabampo","Sonora"
"85257","Juan de la Barrera","Ejido","Huatabampo","Sonora"
"85257","Totoliboqui","Ejido","Huatabampo","Sonora"
"85257","El Palomo","Ranchería","Huatabampo","Sonora"
"85257","Fuerte Mayo [Acuícola]","Ranchería","Huatabampo","Sonora"
"85257","Las Águilas","Ranchería","Huatabampo","Sonora"
"85257","Navopatía","Ranchería","Huatabampo","Sonora"
"85257","Playa los Baños","Ranchería","Huatabampo","Sonora"
"85258","Agiabampo Uno","Ejido","Huatabampo","Sonora"
"85258","Álvaro Obregón","Ejido","Huatabampo","Sonora"
"85258","Melchor Ocampo","Ejido","Huatabampo","Sonora"
"85258","Plutarco Elías Calles","Ejido","Huatabampo","Sonora"
"85258","Acuícola Clej","Granja","Huatabampo","Sonora"
"85258","Área Comercial los Toltecas","Ranchería","Huatabampo","Sonora"
"85258","El Nacapul","Ejido","Huatabampo","Sonora"
"85258","Lucio Blanco","Ranchería","Huatabampo","Sonora"
"85258","Bamocha","Rancho","Huatabampo","Sonora"
"85259","Venustiano Carranza","Ejido","Huatabampo","Sonora"
"85259","Agiabampo Dos","Ejido","Huatabampo","Sonora"
"85259","Don Gerardo Alamea","Paraje","Huatabampo","Sonora"
"85259","Emiliano Zapata Uno","Ejido","Huatabampo","Sonora"
"85259","Agiabampo Dos (El Cuadrado)","Ranchería","Huatabampo","Sonora"
"85259","Agiabampo Número Dos (El Campito)","Ejido","Huatabampo","Sonora"
"85259","Emiliano Zapata","Ranchería","Huatabampo","Sonora"
"85259","Estación Don","Ranchería","Huatabampo","Sonora"
"85259","Estación Fitopecuaria","Ranchería","Huatabampo","Sonora"
"85259","Insurgentes de Pueblo Yaqui","Colonia","Huatabampo","Sonora"
"85259","La Panchita [Restaurante]","Ranchería","Huatabampo","Sonora"
"85259","Mayo Fuerte","Ejido","Huatabampo","Sonora"
"85259","Porcina Carranza","Ranchería","Huatabampo","Sonora"
"85259","Torocobampo","Ejido","Huatabampo","Sonora"
"85260","Gardenias","Colonia","Bácum","Sonora"
"85260","Nueva Creación","Colonia","Bácum","Sonora"
"85260","Santa Rosa","Colonia","Bácum","Sonora"
"85260","Tu Casa Bácum","Colonia","Bácum","Sonora"
"85260","VIVAH Bácum","Fraccionamiento","Bácum","Sonora"
"85260","Bácum","Pueblo","Bácum","Sonora"
"85260","Sepúlveda","Rancho","Bácum","Sonora"
"85265","Rosario Osuna","Colonia","Bácum","Sonora"
"85265","VIVAH San José de Bácum","Colonia","Bácum","Sonora"
"85265","La Cooperativa","Ranchería","Bácum","Sonora"
"85265","San José de Bácum Centro","Pueblo","Bácum","Sonora"
"85265","La Escuelita (La Cooperativa)","Ranchería","Bácum","Sonora"
"85268","Manuel Solís","Ranchería","Bácum","Sonora"
"85268","Santa Teresa","Ejido","Bácum","Sonora"
"85268","Campo Aurora (Aurora)","Ranchería","Bácum","Sonora"
"85270","Diana Laura Riojas","Colonia","Bácum","Sonora"
"85270","Félix Barra García","Colonia","Bácum","Sonora"
"85270","Loma Blanca","Colonia","Bácum","Sonora"
"85270","Luis Donaldo Colosio","Colonia","Bácum","Sonora"
"85270","Pueblo Nuevo","Colonia","Bácum","Sonora"
"85270","VIVAH Francisco Javier Mina","Colonia","Bácum","Sonora"
"85270","Francisco Javier Mina (Campo 60)","Pueblo","Bácum","Sonora"
"85275","Pablo Borquez (Seis y Nueve)","Rancho","Bácum","Sonora"
"85275","Cortines","Ejido","Bácum","Sonora"
"85275","El Juvani","Ejido","Bácum","Sonora"
"85275","Miguel Alemán (La Noria)","Ejido","Bácum","Sonora"
"85275","Primero de Mayo (Campo 77)","Ejido","Bácum","Sonora"
"85275","Independencia (Campo 104)","Ejido","Bácum","Sonora"
"85275","La Ocho","Ranchería","Bácum","Sonora"
"85276","Loma de Bácum","Ranchería","Bácum","Sonora"
"85276","Bataconcica (Museo Chopocuni)","Ranchería","Bácum","Sonora"
"85276","La Bomba (Juan Maldonado Tetabiate)","Ranchería","Bácum","Sonora"
"85276","Chucari","Ranchería","Bácum","Sonora"
"85276","Jori","Ranchería","Bácum","Sonora"
"85276","La Caída","Ranchería","Bácum","Sonora"
"85276","La Miseria (Loma Chiquitita)","Ranchería","Bácum","Sonora"
"85277","La Tina","Ranchería","Bácum","Sonora"
"85277","Atotonilco","Ejido","Bácum","Sonora"
"85277","Villa Guadalupe","Ejido","Bácum","Sonora"
"85277","San José","Ranchería","Bácum","Sonora"
"85278","Agua Caliente","Ranchería","Bácum","Sonora"
"85280","13 de Octubre","Colonia","Etchojoa","Sonora"
"85280","14 de Febrero","Colonia","Etchojoa","Sonora"
"85280","Armando López Nogales","Colonia","Etchojoa","Sonora"
"85280","Beltrones","Colonia","Etchojoa","Sonora"
"85280","El Crucero","Colonia","Etchojoa","Sonora"
"85280","El Jito","Colonia","Etchojoa","Sonora"
"85280","El Panteón","Colonia","Etchojoa","Sonora"
"85280","El Rastro","Colonia","Etchojoa","Sonora"
"85280","Independiente","Colonia","Etchojoa","Sonora"
"85280","Laura Alicia Frías de López Nogales","Colonia","Etchojoa","Sonora"
"85280","Leobardo Ibarra Gandara","Colonia","Etchojoa","Sonora"
"85280","Nueva Reubicación","Colonia","Etchojoa","Sonora"
"85280","Nueva Tosalicarit","Colonia","Etchojoa","Sonora"
"85280","Obrera","Colonia","Etchojoa","Sonora"
"85280","Olegario Carrillo","Colonia","Etchojoa","Sonora"
"85280","Pueblo Viejo","Colonia","Etchojoa","Sonora"
"85280","Solidaridad","Colonia","Etchojoa","Sonora"
"85280","Nueva Esperanza","Colonia","Etchojoa","Sonora"
"85280","Salvador Valenzuela","Colonia","Etchojoa","Sonora"
"85280","Etchojoa","Pueblo","Etchojoa","Sonora"
"85280","Luis Donaldo Colosio","Fraccionamiento","Etchojoa","Sonora"
"85280","19 de Julio","Colonia","Etchojoa","Sonora"
"85280","Progresista","Colonia","Etchojoa","Sonora"
"85283","Abelino Fernández","Ranchería","Etchojoa","Sonora"
"85283","Guaytana","Ranchería","Etchojoa","Sonora"
"85283","Lázaro Cárdenas (Mayojusálit)","Ejido","Etchojoa","Sonora"
"85283","Las Boras","Rancho","Etchojoa","Sonora"
"85283","Agustín Melgar","Ejido","Etchojoa","Sonora"
"85283","Bacame Nuevo","Colonia","Etchojoa","Sonora"
"85283","Familia Acosta Ruiz","Ranchería","Etchojoa","Sonora"
"85283","Iniciación Número 2","Granja","Etchojoa","Sonora"
"85283","Enrique Cambustón Litera","Ejido","Etchojoa","Sonora"
"85283","Joel Navarro Montoya","Ranchería","Etchojoa","Sonora"
"85283","Los Rodríguez","Ranchería","Etchojoa","Sonora"
"85283","Familia Ruiz Tapia","Ranchería","Etchojoa","Sonora"
"85283","Genovevo de la O","Ejido","Etchojoa","Sonora"
"85283","Los Laureles","Ranchería","Etchojoa","Sonora"
"85283","Santo Tomás","Rancho","Etchojoa","Sonora"
"85283","Campo de los Fuertes","Ejido","Etchojoa","Sonora"
"85283","Santa Fe","Ranchería","Etchojoa","Sonora"
"85283","San Jorge","Granja","Etchojoa","Sonora"
"85283","Aurora","Granja","Etchojoa","Sonora"
"85283","Bretaña","Granja","Etchojoa","Sonora"
"85283","Lázaro Cárdenas","Ejido","Etchojoa","Sonora"
"85283","Don Cirilo","Ranchería","Etchojoa","Sonora"
"85283","Casa del Sanjero","Ranchería","Etchojoa","Sonora"
"85283","Bachoco el Alto","Ranchería","Etchojoa","Sonora"
"85283","Siete Leguas","Ejido","Etchojoa","Sonora"
"85283","Bacame [Crianza]","Ranchería","Etchojoa","Sonora"
"85283","Esperancita 14","Granja","Etchojoa","Sonora"
"85283","25 de Junio","Ranchería","Etchojoa","Sonora"
"85283","Campo Astiazarán","Ejido","Etchojoa","Sonora"
"85284","El Retiro Viejo","Rancho","Etchojoa","Sonora"
"85284","El Campito (Campo Número Tres)","Hacienda","Etchojoa","Sonora"
"85284","España (Campo Número Uno)","Ranchería","Etchojoa","Sonora"
"85284","Bacajaquía","Ranchería","Etchojoa","Sonora"
"85284","Bayajorit","Ejido","Etchojoa","Sonora"
"85284","Buaysiacobe","Colonia","Etchojoa","Sonora"
"85284","El Retirito","Ranchería","Etchojoa","Sonora"
"85284","El Salitral","Colonia","Etchojoa","Sonora"
"85284","Huiroachaca","Ranchería","Etchojoa","Sonora"
"85284","El Rodeo","Rancho","Etchojoa","Sonora"
"85284","El Juchica","Ranchería","Etchojoa","Sonora"
"85284","Aquichivo","Ranchería","Etchojoa","Sonora"
"85284","Campo Rochín","Ejido","Etchojoa","Sonora"
"85284","Campo Marcos Aguilera","Ejido","Etchojoa","Sonora"
"85284","Tacirocome","Ranchería","Etchojoa","Sonora"
"85284","El Nuevo Retiro","Ranchería","Etchojoa","Sonora"
"85284","Campos los Yoyomos","Ranchería","Etchojoa","Sonora"
"85284","Los Dátiles","Ranchería","Etchojoa","Sonora"
"85284","Rosas (Ojai)","Ranchería","Etchojoa","Sonora"
"85284","El Vivero","Ranchería","Etchojoa","Sonora"
"85284","Dos Arbolitos","Ranchería","Etchojoa","Sonora"
"85284","El Tapón","Ranchería","Etchojoa","Sonora"
"85285","Aquisahuali","Ranchería","Etchojoa","Sonora"
"85285","El Chapote","Ranchería","Etchojoa","Sonora"
"85285","Puente Roto (La Treinta y Dos)","Ranchería","Etchojoa","Sonora"
"85285","Sicome","Granja","Etchojoa","Sonora"
"85285","Campo León","Hacienda","Etchojoa","Sonora"
"85285","Tejabanes Viejos","Colonia","Etchojoa","Sonora"
"85285","Aquichopo","Ranchería","Etchojoa","Sonora"
"85285","El Baburo","Rancho","Etchojoa","Sonora"
"85285","Bacame Viejo","Hacienda","Etchojoa","Sonora"
"85285","El Centenario","Ranchería","Etchojoa","Sonora"
"85285","Jitonhueca","Ranchería","Etchojoa","Sonora"
"85285","Burabampo","Ranchería","Etchojoa","Sonora"
"85285","Chucarit","Ranchería","Etchojoa","Sonora"
"85285","El Quinto","Equipamiento","Etchojoa","Sonora"
"85285","Navolato","Barrio","Etchojoa","Sonora"
"85285","San Pedro Nuevo","Pueblo","Etchojoa","Sonora"
"85285","San Pedro Viejo","Pueblo","Etchojoa","Sonora"
"85285","Gildardo Morales Soto","Ranchería","Etchojoa","Sonora"
"85285","Mocochopo (Yemovari)","Ranchería","Etchojoa","Sonora"
"85285","Yemobari","Ranchería","Etchojoa","Sonora"
"85285","Santa Bárbara","Ranchería","Etchojoa","Sonora"
"85285","Campo Peraza","Ranchería","Etchojoa","Sonora"
"85285","Barrio Pacheco","Ranchería","Etchojoa","Sonora"
"85285","Nacozari","Colonia","Etchojoa","Sonora"
"85285","El Mezquital de Burabampo","Ranchería","Etchojoa","Sonora"
"85285","Campo Número 18","Ejido","Etchojoa","Sonora"
"85285","Campo Número 13","Ranchería","Etchojoa","Sonora"
"85285","La Herradura","Ranchería","Etchojoa","Sonora"
"85285","Macochín","Ranchería","Etchojoa","Sonora"
"85285","El Quinto Viejo (El Culebrón)","Ranchería","Etchojoa","Sonora"
"85285","Casa Blanca","Ranchería","Etchojoa","Sonora"
"85285","San Fernando","Granja","Etchojoa","Sonora"
"85285","Campo de Santini","Ejido","Etchojoa","Sonora"
"85285","Marcela","Granja","Etchojoa","Sonora"
"85285","Gloria Elena","Granja","Etchojoa","Sonora"
"85286","Agropecuaria Bainorillo","Granja","Etchojoa","Sonora"
"85286","Campo Catorce","Ranchería","Etchojoa","Sonora"
"85286","Plan Oriente","Ejido","Etchojoa","Sonora"
"85286","Mochipaco Nuevo","Ejido","Etchojoa","Sonora"
"85286","Sebampo","Rancho","Etchojoa","Sonora"
"85286","Mochipaco","Colonia","Etchojoa","Sonora"
"85286","La Vasconia (Del Apellido Vasco)","Ejido","Etchojoa","Sonora"
"85286","Baynorillo","Ranchería","Etchojoa","Sonora"
"85286","Mabejaqui","Colonia","Etchojoa","Sonora"
"85286","Las Playitas","Ranchería","Etchojoa","Sonora"
"85286","Talamante (Colonia Talamante)","Ranchería","Etchojoa","Sonora"
"85286","Campo de Abelino Fernández","Ejido","Etchojoa","Sonora"
"85286","Jorge Larraguivel","Ranchería","Etchojoa","Sonora"
"85286","Kilómetro Diecisiete (Sicome Norte)","Ranchería","Etchojoa","Sonora"
"85286","De Humberto Gutiérrez","Granja","Etchojoa","Sonora"
"85286","La Casa Verde","Ranchería","Etchojoa","Sonora"
"85286","Campo Bárcenas Barrial","Ejido","Etchojoa","Sonora"
"85286","Joconabampo","Ranchería","Etchojoa","Sonora"
"85286","Guayabitas (La Sábila)","Ranchería","Etchojoa","Sonora"
"85286","Soto (Caurará)","Colonia","Etchojoa","Sonora"
"85286","El Tanque (El Tanque Colorado)","Ranchería","Etchojoa","Sonora"
"85286","Porcícola Pilarica","Ranchería","Etchojoa","Sonora"
"85286","Rosas Rochín","Ranchería","Etchojoa","Sonora"
"85286","La Trinidad","Ranchería","Etchojoa","Sonora"
"85286","Cañedo","Ranchería","Etchojoa","Sonora"
"85286","Sebampo (Roberto Rosas)","Ranchería","Etchojoa","Sonora"
"85286","Eduardo Parra","Ranchería","Etchojoa","Sonora"
"85286","El Chori (El Choya)","Ranchería","Etchojoa","Sonora"
"85286","San Martín (Ramón Martínez Rosas)","Ranchería","Etchojoa","Sonora"
"85286","Campo Canario (Ingeniero José Almada)","Ranchería","Etchojoa","Sonora"
"85286","Pilarica","Ranchería","Etchojoa","Sonora"
"85286","Caurajaqui","Ranchería","Etchojoa","Sonora"
"85286","Puente Chueco","Ranchería","Etchojoa","Sonora"
"85286","Kilómetro Veinte (El Uno)","Ejido","Etchojoa","Sonora"
"85287","El Comparto","Colonia","Etchojoa","Sonora"
"85287","Barraza","Colonia","Etchojoa","Sonora"
"85287","El Alhuate","Colonia","Etchojoa","Sonora"
"85287","El Panteón","Colonia","Etchojoa","Sonora"
"85287","El Rastro","Colonia","Etchojoa","Sonora"
"85287","El Resbalón","Colonia","Etchojoa","Sonora"
"85287","El Rincón","Barrio","Etchojoa","Sonora"
"85287","El Sifón","Colonia","Etchojoa","Sonora"
"85287","Luis Donaldo Colosio","Colonia","Etchojoa","Sonora"
"85287","San Ángel","Colonia","Etchojoa","Sonora"
"85287","Invasión las Guayabas","Ranchería","Etchojoa","Sonora"
"85287","El Caimanero","Rancho","Etchojoa","Sonora"
"85287","El Alto Guayparín","Colonia","Etchojoa","Sonora"
"85287","Federico Zazueta","Colonia","Etchojoa","Sonora"
"85287","Las Arboledas","Colonia","Etchojoa","Sonora"
"85287","Las Malvinas","Colonia","Etchojoa","Sonora"
"85287","Luz María Rodríguez","Colonia","Etchojoa","Sonora"
"85287","Campo 9","Colonia","Etchojoa","Sonora"
"85287","Villa Tres Cruces","Ranchería","Etchojoa","Sonora"
"85287","Bacobampo","Pueblo","Etchojoa","Sonora"
"85287","Basconcobe","Pueblo","Etchojoa","Sonora"
"85287","Mil Hectáreas","Rancho","Etchojoa","Sonora"
"85287","Sahuaral","Colonia","Etchojoa","Sonora"
"85287","Tiriscohuasa","Ranchería","Etchojoa","Sonora"
"85287","Campanichaca","Ranchería","Etchojoa","Sonora"
"85287","El Huitchaca","Hacienda","Etchojoa","Sonora"
"85287","Los Viejos","Ranchería","Etchojoa","Sonora"
"85287","La Bocana","Colonia","Etchojoa","Sonora"
"85287","Las Guayabas","Colonia","Etchojoa","Sonora"
"85287","El Pilfo","Ranchería","Etchojoa","Sonora"
"85287","La Cuchilla","Barrio","Etchojoa","Sonora"
"85287","La Línea (La Línea de Basconcobe)","Ranchería","Etchojoa","Sonora"
"85287","San Francisco","Ranchería","Etchojoa","Sonora"
"85287","Cruz Verde","Ranchería","Etchojoa","Sonora"
"85287","El Caracol (Ejido de las Guayabas)","Ranchería","Etchojoa","Sonora"
"85287","Terminel","Ranchería","Etchojoa","Sonora"
"85287","Cristóbal Campos","Ranchería","Etchojoa","Sonora"
"85287","Salitral","Ranchería","Etchojoa","Sonora"
"85287","El Capusarit","Ranchería","Etchojoa","Sonora"
"85287","Guayparín","Ranchería","Etchojoa","Sonora"
"85287","El Carrizal (El Bacar)","Ranchería","Etchojoa","Sonora"
"85287","Carlos Escalante","Ranchería","Etchojoa","Sonora"
"85287","Silvio Duarte (El Sabino)","Ranchería","Etchojoa","Sonora"
"85287","La Escondida","Ranchería","Etchojoa","Sonora"
"85287","El Salitral","Ranchería","Etchojoa","Sonora"
"85287","Bellavista","Fraccionamiento","Etchojoa","Sonora"
"85287","Salubridad","Colonia","Etchojoa","Sonora"
"85287","Los Jardines","Colonia","Etchojoa","Sonora"
"85288","Campo de Abelino Fernández","Ranchería","Etchojoa","Sonora"
"85288","Mocorúa","Ranchería","Etchojoa","Sonora"
"85288","Las Cucas","Rancho","Etchojoa","Sonora"
"85288","Las Mayas (Colonia Agrícola Basconcobe)","Colonia","Etchojoa","Sonora"
"85288","Mayocahui","Ranchería","Etchojoa","Sonora"
"85288","La Escuadra (Campo Valencia)","Ranchería","Etchojoa","Sonora"
"85288","La Cochera","Ranchería","Etchojoa","Sonora"
"85288","El Castillo","Ranchería","Etchojoa","Sonora"
"85288","Campo Agricola MB","Ranchería","Etchojoa","Sonora"
"85288","Campo de Filiberto Gracia Ruiz","Ejido","Etchojoa","Sonora"
"85288","Judas Tadeo","Ranchería","Etchojoa","Sonora"
"85288","Calle Veintiocho","Ranchería","Etchojoa","Sonora"
"85288","El Chichivo","Ranchería","Etchojoa","Sonora"
"85288","Campo de Rosario Millanes","Ejido","Etchojoa","Sonora"
"85288","Joyateve","Ranchería","Etchojoa","Sonora"
"85288","Campo Toño Leyva","Ejido","Etchojoa","Sonora"
"85288","Campo Liborio Moroyoqui","Ejido","Etchojoa","Sonora"
"85288","Campo de Jesús González","Ejido","Etchojoa","Sonora"
"85288","Campo de Jorge Campoy","Ejido","Etchojoa","Sonora"
"85288","Solovino","Ranchería","Etchojoa","Sonora"
"85288","Joaquinillo Muñoz","Ranchería","Etchojoa","Sonora"
"85288","Campo Raúl Ramírez","Ejido","Etchojoa","Sonora"
"85290","Palma Real","Colonia","Benito Juárez","Sonora"
"85290","El Vivero","Colonia","Benito Juárez","Sonora"
"85290","López Reynoso","Colonia","Benito Juárez","Sonora"
"85290","Villa del Sol","Colonia","Benito Juárez","Sonora"
"85290","Villa Juárez","Colonia","Benito Juárez","Sonora"
"85290","Ley Echeverría","Colonia","Benito Juárez","Sonora"
"85293","Arroyo Cocoraque","Ranchería","Benito Juárez","Sonora"
"85293","Campo Arvizu","Ejido","Benito Juárez","Sonora"
"85293","Campo Carlos Laugher","Ejido","Benito Juárez","Sonora"
"85293","Cuatro Caminos","Ranchería","Benito Juárez","Sonora"
"85293","Los Cipreses","Ranchería","Benito Juárez","Sonora"
"85293","Campo Gildardo Vega","Ejido","Benito Juárez","Sonora"
"85293","Calle 19","Ejido","Benito Juárez","Sonora"
"85293","Campo Arreola","Ranchería","Benito Juárez","Sonora"
"85293","Campo Ballesteros","Ejido","Benito Juárez","Sonora"
"85293","Campo de la Viuda","Ejido","Benito Juárez","Sonora"
"85293","Campo Córdova","Ejido","Benito Juárez","Sonora"
"85293","La Aviación","Ranchería","Benito Juárez","Sonora"
"85293","Campo Reyna","Ejido","Benito Juárez","Sonora"
"85293","Campo Castelo","Ejido","Benito Juárez","Sonora"
"85293","Campo Rivera","Ejido","Benito Juárez","Sonora"
"85293","Primero de Mayo","Ejido","Benito Juárez","Sonora"
"85293","Sánchez","Rancho","Benito Juárez","Sonora"
"85294","Jecopaco","Colonia","Benito Juárez","Sonora"
"85294","Campo del Gringo","Ejido","Benito Juárez","Sonora"
"85294","Marco Antonio Gutiérrez","Ejido","Benito Juárez","Sonora"
"85294","Campo Don Rufino","Ejido","Benito Juárez","Sonora"
"85294","Salazar","Ranchería","Benito Juárez","Sonora"
"85294","Esquer","Ranchería","Benito Juárez","Sonora"
"85294","Peñuñuri","Ejido","Benito Juárez","Sonora"
"85294","Campo Aída Puertas","Ejido","Benito Juárez","Sonora"
"85294","Idalia Mejía","Ranchería","Benito Juárez","Sonora"
"85294","Marco Mejía","Ranchería","Benito Juárez","Sonora"
"85294","Joaquín Preciado","Ejido","Benito Juárez","Sonora"
"85294","Bachoco","Granja","Benito Juárez","Sonora"
"85295","Agua Blanca","Colonia","Benito Juárez","Sonora"
"85295","Bachoco","Ranchería","Benito Juárez","Sonora"
"85295","Fernando Navarro","Ejido","Benito Juárez","Sonora"
"85295","Malbaso","Ranchería","Benito Juárez","Sonora"
"85295","Campo de Pedro Dueñas","Ejido","Benito Juárez","Sonora"
"85295","Raúl Gutiérrez","Ranchería","Benito Juárez","Sonora"
"85295","Chávez","Ranchería","Benito Juárez","Sonora"
"85295","15 de Mayo","Ejido","Benito Juárez","Sonora"
"85295","Fito","Ranchería","Benito Juárez","Sonora"
"85295","Campo Miranda","Ejido","Benito Juárez","Sonora"
"85295","Predio de la Familia Siqueiros","Ejido","Benito Juárez","Sonora"
"85295","Chema Pérez","Ranchería","Benito Juárez","Sonora"
"85295","Campo de Rubén Dorame","Ejido","Benito Juárez","Sonora"
"85295","Campo Gil","Ejido","Benito Juárez","Sonora"
"85295","Bachoco","Granja","Benito Juárez","Sonora"
"85295","Campo de Anselmo Cubedo","Ejido","Benito Juárez","Sonora"
"85295","Almacén Bonfil","Ejido","Benito Juárez","Sonora"
"85296","Batevito (Colonia Irrigación)","Ejido","Benito Juárez","Sonora"
"85296","Costa Rica (Mayojusali)","Rancho","Benito Juárez","Sonora"
"85296","San Salvador Barneche","Ranchería","Benito Juárez","Sonora"
"85296","Miguel Hidalgo (El Moño)","Ranchería","Benito Juárez","Sonora"
"85296","Lora","Ranchería","Benito Juárez","Sonora"
"85296","Campo de Jesús Saldívar","Ejido","Benito Juárez","Sonora"
"85296","Campo Gutiérrez","Ejido","Benito Juárez","Sonora"
"85296","Santa María (Costa Rica)","Ranchería","Benito Juárez","Sonora"
"85296","Niños Héroes","Ranchería","Benito Juárez","Sonora"
"85296","Vargas","Ranchería","Benito Juárez","Sonora"
"85296","Alfonso Souque","Ranchería","Benito Juárez","Sonora"
"85296","Costa Rica (Mayojusali)","Ejido","Benito Juárez","Sonora"
"85296","Aquiles Souque","Ejido","Benito Juárez","Sonora"
"85296","Juan Souque","Ranchería","Benito Juárez","Sonora"
"85296","Costa Rica (El Quirino)","Ranchería","Benito Juárez","Sonora"
"85296","Campo Parada (Costa Rica)","Ejido","Benito Juárez","Sonora"
"85296","El Chaleco (Miguel Hidalgo)","Ranchería","Benito Juárez","Sonora"
"85296","Ramiro Almada","Ranchería","Benito Juárez","Sonora"
"85296","Fernando Gándara","Ranchería","Benito Juárez","Sonora"
"85297","Paredoncito","Colonia","Benito Juárez","Sonora"
"85297","El Tobarito","Ranchería","Benito Juárez","Sonora"
"85297","Chinotagueca la Loma","Ranchería","Benito Juárez","Sonora"
"85297","Rosarito","Ranchería","Benito Juárez","Sonora"
"85297","Campo de Antonio Fuerte","Ejido","Benito Juárez","Sonora"
"85297","Corea","Ranchería","Benito Juárez","Sonora"
"85297","Joselito","Ranchería","Benito Juárez","Sonora"
"85297","Campo de Alfonso Hermosillo","Ejido","Benito Juárez","Sonora"
"85297","Campo Liborio Rodríguez","Ejido","Benito Juárez","Sonora"
"85297","Vicente Suárez","Colonia","Benito Juárez","Sonora"
"85297","Campo de Jesús Gutiérrez","Ejido","Benito Juárez","Sonora"
"85297","La Azteca","Colonia","Benito Juárez","Sonora"
"85297","Benito Escalante","Ranchería","Benito Juárez","Sonora"
"85297","Aceitunitas (Sube y Baja)","Colonia","Benito Juárez","Sonora"
"85297","Los Primeros de Costa Rica","Ejido","Benito Juárez","Sonora"
"85297","Alfredo V Bonfil","Ejido","Benito Juárez","Sonora"
"85298","Paredón Colorado (Paredón Viejo)","Pueblo","Benito Juárez","Sonora"
"85300","Empalme Centro","Colonia","Empalme","Sonora"
"85310","Pesqueira","Colonia","Empalme","Sonora"
"85310","Pitic","Colonia","Empalme","Sonora"
"85319","Residencial Sahuaro","Fraccionamiento","Empalme","Sonora"
"85319","Ronaldo Camacho Durán","Colonia","Empalme","Sonora"
"85320","Bellavista","Colonia","Empalme","Sonora"
"85330","Moderna","Colonia","Empalme","Sonora"
"85338","La Piedrera","Ranchería","Empalme","Sonora"
"85338","Juárez","Colonia","Empalme","Sonora"
"85339","Moderna Norte","Colonia","Empalme","Sonora"
"85340","Luis Donaldo Colosio (Gobernación)","Colonia","Empalme","Sonora"
"85340","Parque Industrial Bella Vista","Zona industrial","Empalme","Sonora"
"85340","Sector Poniente Km 2","Colonia","Empalme","Sonora"
"85347","Ignacio Chávez","Colonia","Empalme","Sonora"
"85349","Sector Oriente Km 2","Colonia","Empalme","Sonora"
"85350","Oriente","Colonia","Empalme","Sonora"
"85360","Ortiz Rubio","Colonia","Empalme","Sonora"
"85370","Libertad","Colonia","Empalme","Sonora"
"85385","Los Portales","Fraccionamiento","Empalme","Sonora"
"85385","29 de Septiembre","Colonia","Empalme","Sonora"
"85385","Revolución","Fraccionamiento","Empalme","Sonora"
"85385","Villa Dorada","Fraccionamiento","Empalme","Sonora"
"85386","Prado Bonito","Fraccionamiento","Empalme","Sonora"
"85386","INFONAVIT Bahía del Sol","Fraccionamiento","Empalme","Sonora"
"85388","INFONAVIT Guadalupe","Colonia","Empalme","Sonora"
"85388","Guadalupe","Colonia","Empalme","Sonora"
"85388","7 de Enero","Colonia","Empalme","Sonora"
"85388","Nuevo Empalme","Colonia","Empalme","Sonora"
"85389","Abelardo Galáz Aizpuro","Ranchería","Empalme","Sonora"
"85389","Agemar","Zona industrial","Empalme","Sonora"
"85389","Parque Industrial","Zona industrial","Empalme","Sonora"
"85390","Jordán","Colonia","Empalme","Sonora"
"85397","Sahuaral","Colonia","Empalme","Sonora"
"85398","Jacarandas","Colonia","Empalme","Sonora"
"85398","Palmares","Fraccionamiento","Empalme","Sonora"
"85398","Lindavista","Colonia","Empalme","Sonora"
"85399","Ladrillera","Colonia","Empalme","Sonora"
"85400","Heroica Guaymas Centro","Colonia","Guaymas","Sonora"
"85405","La Cantera","Colonia","Guaymas","Sonora"
"85406","San José","Fraccionamiento","Guaymas","Sonora"
"85406","Yucatán","Colonia","Guaymas","Sonora"
"85409","Aeropuerto Internacional de Guaymas","Aeropuerto","Guaymas","Sonora"
"85410","Adolfo de la Huerta","Colonia","Guaymas","Sonora"
"85410","Guarida del Tigre","Colonia","Guaymas","Sonora"
"85410","Colinas de Fátima","Colonia","Guaymas","Sonora"
"85410","El Rinconcito","Colonia","Guaymas","Sonora"
"85420","Campo de Tiro","Colonia","Guaymas","Sonora"
"85420","Burócrata","Colonia","Guaymas","Sonora"
"85420","La Aurora","Colonia","Guaymas","Sonora"
"85420","Loma Linda","Colonia","Guaymas","Sonora"
"85420","Ampliación Burócrata","Colonia","Guaymas","Sonora"
"85420","Aeropuerto","Fraccionamiento","Guaymas","Sonora"
"85420","El Cielo","Fraccionamiento","Guaymas","Sonora"
"85423","Fuente de Piedra","Fraccionamiento","Guaymas","Sonora"
"85423","Las Acacias","Fraccionamiento","Guaymas","Sonora"
"85423","Villa Zarina","Fraccionamiento","Guaymas","Sonora"
"85423","Nuevo Horizonte","Fraccionamiento","Guaymas","Sonora"
"85423","El Mirador","Fraccionamiento","Guaymas","Sonora"
"85423","Versalles Residencial","Fraccionamiento","Guaymas","Sonora"
"85423","Las Praderas","Fraccionamiento","Guaymas","Sonora"
"85423","Linda Vista","Fraccionamiento","Guaymas","Sonora"
"85423","San Germán","Fraccionamiento","Guaymas","Sonora"
"85423","Carlos Romero Deschamps","Colonia","Guaymas","Sonora"
"85423","Valle Bonito","Colonia","Guaymas","Sonora"
"85423","Arrecifes Residencial","Fraccionamiento","Guaymas","Sonora"
"85423","Misioneros","Colonia","Guaymas","Sonora"
"85423","Atardeceres","Fraccionamiento","Guaymas","Sonora"
"85423","El Roble","Colonia","Guaymas","Sonora"
"85423","Villas del Puerto","Fraccionamiento","Guaymas","Sonora"
"85423","Monte Bello","Fraccionamiento","Guaymas","Sonora"
"85423","El Diamante","Fraccionamiento","Guaymas","Sonora"
"85423","Valle del Mar","Fraccionamiento","Guaymas","Sonora"
"85424","San Germán","Colonia","Guaymas","Sonora"
"85424","Luis Donaldo Colosio","Colonia","Guaymas","Sonora"
"85424","Vista Dorada","Colonia","Guaymas","Sonora"
"85424","Juan Francisco Patrón Marquez","Colonia","Guaymas","Sonora"
"85424","Privada los Vergeles","Fraccionamiento","Guaymas","Sonora"
"85424","Cerrada Las Torres","Fraccionamiento","Guaymas","Sonora"
"85424","Los Prados","Fraccionamiento","Guaymas","Sonora"
"85425","San Jeronimo","Fraccionamiento","Guaymas","Sonora"
"85425","San Germán Sector Ocotillo 2","Fraccionamiento","Guaymas","Sonora"
"85425","Guaymas Norte","Colonia","Guaymas","Sonora"
"85425","San Germán Sector Ocotillo","Fraccionamiento","Guaymas","Sonora"
"85425","El Pedregal","Fraccionamiento","Guaymas","Sonora"
"85425","Los Lagos","Fraccionamiento","Guaymas","Sonora"
"85426","San Marino","Fraccionamiento","Guaymas","Sonora"
"85426","San Sebastián","Fraccionamiento","Guaymas","Sonora"
"85426","Pradera Dorada","Fraccionamiento","Guaymas","Sonora"
"85426","Colinas del Sol","Fraccionamiento","Guaymas","Sonora"
"85426","Perla Marina","Fraccionamiento","Guaymas","Sonora"
"85426","La Cholla","Fraccionamiento","Guaymas","Sonora"
"85427","Las Delicias","Colonia","Guaymas","Sonora"
"85430","Golondrinas","Colonia","Guaymas","Sonora"
"85430","Punta Arena","Colonia","Guaymas","Sonora"
"85430","Punta de Lastre","Colonia","Guaymas","Sonora"
"85430","Termoeléctrica","Colonia","Guaymas","Sonora"
"85430","Monte Lolita","Colonia","Guaymas","Sonora"
"85430","Las Batuecas","Colonia","Guaymas","Sonora"
"85440","Cerro Gandareño","Colonia","Guaymas","Sonora"
"85440","Las Américas","Colonia","Guaymas","Sonora"
"85440","Las Juntas","Colonia","Guaymas","Sonora"
"85440","Las Plazas","Colonia","Guaymas","Sonora"
"85440","Sonora","Colonia","Guaymas","Sonora"
"85440","29 de Noviembre","Colonia","Guaymas","Sonora"
"85440","FOVISSSTE","Unidad habitacional","Guaymas","Sonora"
"85440","Guadalupe","Colonia","Guaymas","Sonora"
"85440","Las Villas","Colonia","Guaymas","Sonora"
"85440","Los Ríos","Colonia","Guaymas","Sonora"
"85440","Rodríguez Alcaine","Colonia","Guaymas","Sonora"
"85440","Mariana","Fraccionamiento","Guaymas","Sonora"
"85444","Villas del Parque","Fraccionamiento","Guaymas","Sonora"
"85444","Antorchista","Colonia","Guaymas","Sonora"
"85444","Colinas de Guaymas","Colonia","Guaymas","Sonora"
"85444","Playa de Cortés","Fraccionamiento","Guaymas","Sonora"
"85444","Colinas de Miramar","Colonia","Guaymas","Sonora"
"85447","Popular","Colonia","Guaymas","Sonora"
"85447","El Periodista","Colonia","Guaymas","Sonora"
"85448","Quintas Guaymas","Colonia","Guaymas","Sonora"
"85448","Loma Dorada","Colonia","Guaymas","Sonora"
"85448","Los Álamos","Colonia","Guaymas","Sonora"
"85448","Las Flores","Fraccionamiento","Guaymas","Sonora"
"85448","Las Brisas","Fraccionamiento","Guaymas","Sonora"
"85448","Santa Fe","Fraccionamiento","Guaymas","Sonora"
"85448","Villa Sofía Residencial","Fraccionamiento","Guaymas","Sonora"
"85450","Puerta Marina","Fraccionamiento","Guaymas","Sonora"
"85450","Vista Miramar","Fraccionamiento","Guaymas","Sonora"
"85450","Brisas de Miramar","Fraccionamiento","Guaymas","Sonora"
"85450","Privada Miramar","Fraccionamiento","Guaymas","Sonora"
"85450","Privadas de Cortez Segunda Etapa","Fraccionamiento","Guaymas","Sonora"
"85450","Privadas de Cortez Tercera Etapa","Fraccionamiento","Guaymas","Sonora"
"85450","Privadas del Mar","Fraccionamiento","Guaymas","Sonora"
"85450","Residencial de Cortés","Fraccionamiento","Guaymas","Sonora"
"85450","Brisas de Miramar II","Fraccionamiento","Guaymas","Sonora"
"85450","Lomas de Cortés","Colonia","Guaymas","Sonora"
"85450","Lomas de Miramar","Colonia","Guaymas","Sonora"
"85450","Miramar","Colonia","Guaymas","Sonora"
"85450","Privada de Cortez Residencial","Fraccionamiento","Guaymas","Sonora"
"85450","Privadas de Miramar","Fraccionamiento","Guaymas","Sonora"
"85450","Cerrada Playa Vista","Fraccionamiento","Guaymas","Sonora"
"85450","Playa Vista","Fraccionamiento","Guaymas","Sonora"
"85450","Cerrada de las Cabrillas","Fraccionamiento","Guaymas","Sonora"
"85450","Puerto Náutico de Bacochibampo","Fraccionamiento","Guaymas","Sonora"
"85450","Las Perlas","Fraccionamiento","Guaymas","Sonora"
"85450","Real de Cortés","Fraccionamiento","Guaymas","Sonora"
"85454","Punta Arrecifes Residencial","Fraccionamiento","Guaymas","Sonora"
"85454","Las Tinajas","Colonia","Guaymas","Sonora"
"85455","El Dorado","Colonia","Guaymas","Sonora"
"85455","Villas de Miramar","Fraccionamiento","Guaymas","Sonora"
"85456","Villas del Tular","Fraccionamiento","Guaymas","Sonora"
"85456","Los Pinos","Colonia","Guaymas","Sonora"
"85456","Petrolera","Colonia","Guaymas","Sonora"
"85456","Femosa o el Tular","Colonia","Guaymas","Sonora"
"85456","Marsella Residencial","Fraccionamiento","Guaymas","Sonora"
"85456","Niza Residencial","Fraccionamiento","Guaymas","Sonora"
"85456","18 de Marzo","Colonia","Guaymas","Sonora"
"85457","Parque Industrial Roca Fuerte","Zona industrial","Guaymas","Sonora"
"85460","El Rastro","Colonia","Guaymas","Sonora"
"85460","San Bernardo","Colonia","Guaymas","Sonora"
"85463","Vista Azul","Fraccionamiento","Guaymas","Sonora"
"85463","22 de Noviembre","Colonia","Guaymas","Sonora"
"85463","Costa Azul","Colonia","Guaymas","Sonora"
"85465","Villas del Mirador","Fraccionamiento","Guaymas","Sonora"
"85465","Miguel Hidalgo (La Antena)","Colonia","Guaymas","Sonora"
"85465","San Vicente","Colonia","Guaymas","Sonora"
"85467","San Gilberto","Colonia","Guaymas","Sonora"
"85470","5 de Mayo","Colonia","Guaymas","Sonora"
"85470","Los Pescadores","Colonia","Guaymas","Sonora"
"85470","Ramón Gil Samaniego","Colonia","Guaymas","Sonora"
"85470","Las Palmas","Colonia","Guaymas","Sonora"
"85470","100 Casas","Colonia","Guaymas","Sonora"
"85470","23 de Marzo","Colonia","Guaymas","Sonora"
"85470","18 de Noviembre","Colonia","Guaymas","Sonora"
"85477","Nacionalización del Golfo de California","Colonia","Guaymas","Sonora"
"85480","Península","Colonia","Guaymas","Sonora"
"85480","Las Playitas","Colonia","Guaymas","Sonora"
"85484","Adolfo López Mateos","Colonia","Guaymas","Sonora"
"85484","Fuentes Rodriguez","Colonia","Guaymas","Sonora"
"85486","El Mirador","Colonia","Guaymas","Sonora"
"85488","Zona Naval Militar","Zona militar","Guaymas","Sonora"
"85489","Parque Industrial Pesquero Rodolfo Sánchez Taboada","Zona industrial","Guaymas","Sonora"
"85490","Bicentenario","Fraccionamiento","Guaymas","Sonora"
"85490","Rancho Blancarte","Colonia","Guaymas","Sonora"
"85490","Misión del Sol","Colonia","Guaymas","Sonora"
"85490","Independencia","Colonia","Guaymas","Sonora"
"85490","Sahuaripa","Colonia","Guaymas","Sonora"
"85490","Manuel R Bobadilla","Colonia","Guaymas","Sonora"
"85490","Ampliación Independencia","Colonia","Guaymas","Sonora"
"85499","Sahuari","Colonia","Guaymas","Sonora"
"85499","Loma Bonita","Colonia","Guaymas","Sonora"
"85499","Secretaría de Marina","Colonia","Guaymas","Sonora"
"85499","Centinela","Colonia","Guaymas","Sonora"
"85499","Tetabiate","Fraccionamiento","Guaymas","Sonora"
"85499","Héroes del 13 de Julio","Fraccionamiento","Guaymas","Sonora"
"85499","Campestre","Fraccionamiento","Guaymas","Sonora"
"85500","Aranjuez","Fraccionamiento","Guaymas","Sonora"
"85500","El Arroyo","Ranchería","Guaymas","Sonora"
"85500","La Salvación","Ejido","Guaymas","Sonora"
"85500","Ortiz","Ejido","Guaymas","Sonora"
"85500","Santa Mónica","Ranchería","Guaymas","Sonora"
"85500","Campo Nuevo","Ranchería","Guaymas","Sonora"
"85500","El Sueño","Ranchería","Guaymas","Sonora"
"85500","La Cuadrita","Pueblo","Guaymas","Sonora"
"85500","San José de Guaymas","Ranchería","Guaymas","Sonora"
"85500","Buenos Aires","Ranchería","Guaymas","Sonora"
"85500","El Valiente Kilómetro Veinte (Libramiento)","Ranchería","Guaymas","Sonora"
"85500","Santa Clara","Ranchería","Guaymas","Sonora"
"85500","La Herradura","Fraccionamiento","Guaymas","Sonora"
"85500","Lomas de Colosio","Ejido","Guaymas","Sonora"
"85503","Los Arrieros","Ranchería","Guaymas","Sonora"
"85503","San Carlos Plaza","Equipamiento","Guaymas","Sonora"
"85503","La Manga (Campo Pesquero la Manga)","Ranchería","Guaymas","Sonora"
"85503","La Manga Dos","Ranchería","Guaymas","Sonora"
"85503","Costa del Mar","Fraccionamiento","Guaymas","Sonora"
"85503","Puesta del Sol","Fraccionamiento","Guaymas","Sonora"
"85503","Residencial Villas California","Fraccionamiento","Guaymas","Sonora"
"85503","Marina Real","Colonia","Guaymas","Sonora"
"85503","Algodones Residencial","Fraccionamiento","Guaymas","Sonora"
"85503","Vista Real","Fraccionamiento","Guaymas","Sonora"
"85503","La Manga Tres","Ranchería","Guaymas","Sonora"
"85503","Punta del Desierto","Fraccionamiento","Guaymas","Sonora"
"85503","Belo Horizonte","Fraccionamiento","Guaymas","Sonora"
"85503","Bahía Esmeralda","Fraccionamiento","Guaymas","Sonora"
"85503","Bahía el Encanto","Fraccionamiento","Guaymas","Sonora"
"85503","Playa Blanca","Condominio","Guaymas","Sonora"
"85503","Rio Azul Nacapule","Colonia","Guaymas","Sonora"
"85503","Rio Azul San Carlos","Colonia","Guaymas","Sonora"
"85503","Serene","Fraccionamiento","Guaymas","Sonora"
"85503","Terrazas San Carlos","Condominio","Guaymas","Sonora"
"85505","General Felipe Ángeles","Ejido","Guaymas","Sonora"
"85505","Punta de Agua","Ranchería","Guaymas","Sonora"
"85505","General Esteban Baca Calderón (El Hecho)","Ejido","Guaymas","Sonora"
"85505","General Mariano Escobedo","Ejido","Guaymas","Sonora"
"85505","Las Norias","Ranchería","Guaymas","Sonora"
"85505","La Misa","Pueblo","Guaymas","Sonora"
"85505","Palo Verde","Ranchería","Guaymas","Sonora"
"85505","Profesor Graciano Sánchez","Ejido","Guaymas","Sonora"
"85505","General Lázaro Cárdenas","Ejido","Guaymas","Sonora"
"85506","Cosmos","Fraccionamiento","Guaymas","Sonora"
"85506","Hacienda de Cortez","Fraccionamiento","Guaymas","Sonora"
"85506","Loma Bonita","Fraccionamiento","Guaymas","Sonora"
"85506","Residencial Del Mar Vista","Fraccionamiento","Guaymas","Sonora"
"85506","Villa Mexicana","Fraccionamiento","Guaymas","Sonora"
"85506","Cantera Residencial","Fraccionamiento","Guaymas","Sonora"
"85506","De Anza","Fraccionamiento","Guaymas","Sonora"
"85506","Buenos Aires (Los Nápoles)","Ejido","Guaymas","Sonora"
"85506","Loma del Mar","Colonia","Guaymas","Sonora"
"85506","Villas Rocamar","Fraccionamiento","Guaymas","Sonora"
"85506","Condominios Coral","Fraccionamiento","Guaymas","Sonora"
"85506","Condominios Tetakawi","Fraccionamiento","Guaymas","Sonora"
"85506","Villas de Solimar","Fraccionamiento","Guaymas","Sonora"
"85506","Villas Marfil","Fraccionamiento","Guaymas","Sonora"
"85506","Vistas del Country","Fraccionamiento","Guaymas","Sonora"
"85506","El Renacimiento","Colonia","Guaymas","Sonora"
"85506","Bella Esperanza","Ranchería","Guaymas","Sonora"
"85506","Villa Bemela","Colonia","Guaymas","Sonora"
"85506","Campestre San Alberto","Colonia","Guaymas","Sonora"
"85506","Campestre Corceles","Colonia","Guaymas","Sonora"
"85506","Bahía Delfín","Condominio","Guaymas","Sonora"
"85506","Pilar","Condominio","Guaymas","Sonora"
"85506","Privada las Conchas","Fraccionamiento","Guaymas","Sonora"
"85506","Zeus Residencial","Fraccionamiento","Guaymas","Sonora"
"85506","Antares Hábitat","Fraccionamiento","Guaymas","Sonora"
"85506","Evamar","Condominio","Guaymas","Sonora"
"85506","Las Conchas II","Fraccionamiento","Guaymas","Sonora"
"85506","Costessa","Condominio","Guaymas","Sonora"
"85506","San Carlos (San Carlos Nuevo Guaymas)","Colonia","Guaymas","Sonora"
"85506","Country Club","Colonia","Guaymas","Sonora"
"85506","Villa Hermosa","Colonia","Guaymas","Sonora"
"85506","Bahía","Colonia","Guaymas","Sonora"
"85506","Caracol Península","Colonia","Guaymas","Sonora"
"85506","Caracol Turístico","Colonia","Guaymas","Sonora"
"85506","Ranchito Campestre","Colonia","Guaymas","Sonora"
"85506","Los Arcos","Colonia","Guaymas","Sonora"
"85506","El Crestón","Fraccionamiento","Guaymas","Sonora"
"85506","Lomas de San Carlos","Colonia","Guaymas","Sonora"
"85506","Villas Tetakawi","Fraccionamiento","Guaymas","Sonora"
"85506","Residencial Tetakawi","Fraccionamiento","Guaymas","Sonora"
"85506","Totonaka RV Parque","Equipamiento","Guaymas","Sonora"
"85506","Villa del Sol","Condominio","Guaymas","Sonora"
"85506","Villas Sirenas","Condominio","Guaymas","Sonora"
"85506","Tecalai Yori","Condominio","Guaymas","Sonora"
"85506","Palmares","Fraccionamiento","Guaymas","Sonora"
"85506","Colinas del Country","Fraccionamiento","Guaymas","Sonora"
"85506","Royal Golf Club","Fraccionamiento","Guaymas","Sonora"
"85506","Sexta Sección","Fraccionamiento","Guaymas","Sonora"
"85506","Lomas del Mar","Fraccionamiento","Guaymas","Sonora"
"85506","Tierra Bonita","Fraccionamiento","Guaymas","Sonora"
"85506","Villas de San Carlos","Fraccionamiento","Guaymas","Sonora"
"85506","Solimar","Fraccionamiento","Guaymas","Sonora"
"85507","Baugo (Guásimas)","Pueblo","Guaymas","Sonora"
"85507","Adolfo de la Huerta","Ejido","Guaymas","Sonora"
"85507","Guadalupe","Granja","Guaymas","Sonora"
"85507","Nuevo San Francisco","Ejido","Guaymas","Sonora"
"85507","Sonora","Ejido","Guaymas","Sonora"
"85507","General Álvaro Obregón","Ejido","Guaymas","Sonora"
"85507","Edmundo Sánchez (El Chorizo)","Ranchería","Guaymas","Sonora"
"85507","El Yaqui","Ranchería","Guaymas","Sonora"
"85507","Francisco Márquez","Ranchería","Guaymas","Sonora"
"85507","Guadalupe Victoria","Ranchería","Guaymas","Sonora"
"85507","Nicolás Bravo","Ranchería","Guaymas","Sonora"
"85507","Triunfo Santa Rosa","Ranchería","Guaymas","Sonora"
"85507","Guásimas (De Belem)","Pueblo","Guaymas","Sonora"
"85508","San Marcial","Ranchería","Guaymas","Sonora"
"85510","Vícam (Switch)","Pueblo","Guaymas","Sonora"
"85510","Estación Oroz (Oroz)","Paraje","Guaymas","Sonora"
"85513","Vícam Pueblo","Pueblo","Guaymas","Sonora"
"85513","Pitahaya (Belem)","Ranchería","Guaymas","Sonora"
"85513","Babojori","Ranchería","Guaymas","Sonora"
"85513","Casa Azul","Ranchería","Guaymas","Sonora"
"85513","La ETA","Ranchería","Guaymas","Sonora"
"85513","Coracepe","Ranchería","Guaymas","Sonora"
"85513","Barrio Platanal","Ranchería","Guaymas","Sonora"
"85513","Los Limones","Rancho","Guaymas","Sonora"
"85513","Casas Blancas","Ranchería","Guaymas","Sonora"
"85513","Huiribis","Pueblo","Guaymas","Sonora"
"85513","Pótam","Pueblo","Guaymas","Sonora"
"85513","Rahum","Pueblo","Guaymas","Sonora"
"85513","Chumampaco","Ranchería","Guaymas","Sonora"
"85513","El Castillo","Ranchería","Guaymas","Sonora"
"85513","Tórim","Pueblo","Guaymas","Sonora"
"85513","Compuertas","Ejido","Guaymas","Sonora"
"85513","Guasimitas","Ejido","Guaymas","Sonora"
"85513","Lencho","Paraje","Guaymas","Sonora"
"85514","África Sewa","Rancho","San Ignacio Río Muerto","Sonora"
"85514","La Curva","Ranchería","San Ignacio Río Muerto","Sonora"
"85514","Pueblo Nuevo (La Cuchilla)","Ranchería","San Ignacio Río Muerto","Sonora"
"85514","Singapur","Ranchería","San Ignacio Río Muerto","Sonora"
"85514","Calle Base y Veintiuno (Juan María Márquez)","Ejido","San Ignacio Río Muerto","Sonora"
"85514","Urbalejo","Ejido","San Ignacio Río Muerto","Sonora"
"85514","Tapirito","Ejido","San Ignacio Río Muerto","Sonora"
"85514","Juan León Villegas (Bloque 325)","Ejido","San Ignacio Río Muerto","Sonora"
"85514","Isidro González (Bloque 325)","Ejido","San Ignacio Río Muerto","Sonora"
"85514","Casas Blancas","Ejido","San Ignacio Río Muerto","Sonora"
"85514","Palo Verde (Calle 200 y 21)","Ejido","San Ignacio Río Muerto","Sonora"
"85514","Los Pérez","Ejido","San Ignacio Río Muerto","Sonora"
"85514","El Perico","Ejido","San Ignacio Río Muerto","Sonora"
"85514","El Nuevo Castillo","Colonia","San Ignacio Río Muerto","Sonora"
"85514","Campo de Rosario Serrano","Ejido","San Ignacio Río Muerto","Sonora"
"85514","Campo de Polo Castillo","Ejido","San Ignacio Río Muerto","Sonora"
"85514","Beatriz Herrera","Ejido","San Ignacio Río Muerto","Sonora"
"85514","Los Domínguez","Ejido","San Ignacio Río Muerto","Sonora"
"85514","Manuel Romero (Bloque 221)","Ejido","San Ignacio Río Muerto","Sonora"
"85514","Tomas Stewart","Ejido","San Ignacio Río Muerto","Sonora"
"85514","Luz María Ricaud (Bloque 423)","Ejido","San Ignacio Río Muerto","Sonora"
"85514","Campo la 21 (Bloque 423)","Ejido","San Ignacio Río Muerto","Sonora"
"85514","Campo de Miguel Olea (Bloque 421)","Ejido","San Ignacio Río Muerto","Sonora"
"85514","El Papalote","Ejido","San Ignacio Río Muerto","Sonora"
"85514","Bachoco (Postura Granja Pesada)","Ejido","San Ignacio Río Muerto","Sonora"
"85514","Manuel González","Ejido","San Ignacio Río Muerto","Sonora"
"85514","Chumampaco (Bloque 523)","Ejido","San Ignacio Río Muerto","Sonora"
"85514","Abelardo H Paredes Aldama (Bloque 521)","Rancho","San Ignacio Río Muerto","Sonora"
"85514","Hilario Calderón","Ejido","San Ignacio Río Muerto","Sonora"
"85514","Carmen Vázquez Cázares (Bloque 519)","Ejido","San Ignacio Río Muerto","Sonora"
"85514","Campo Calderón (Bloque 517)","Ejido","San Ignacio Río Muerto","Sonora"
"85514","María Luisa Ochoa Bórquez","Ejido","San Ignacio Río Muerto","Sonora"
"85514","El Tápiro","Ejido","San Ignacio Río Muerto","Sonora"
"85514","Carmen Morales (Bloque 527)","Ejido","San Ignacio Río Muerto","Sonora"
"85515","Doctores","Colonia","San Ignacio Río Muerto","Sonora"
"85515","La Sauceda","Colonia","San Ignacio Río Muerto","Sonora"
"85515","Beltrones","Colonia","San Ignacio Río Muerto","Sonora"
"85515","Jacinto López","Colonia","San Ignacio Río Muerto","Sonora"
"85515","Militar","Colonia","San Ignacio Río Muerto","Sonora"
"85515","San Ignacio Río Muerto Centro","Colonia","San Ignacio Río Muerto","Sonora"
"85515","Llano de Zaragoza","Colonia","San Ignacio Río Muerto","Sonora"
"85515","Rosendo Montaño","Colonia","San Ignacio Río Muerto","Sonora"
"85515","El Rastro","Colonia","San Ignacio Río Muerto","Sonora"
"85515","Arboleda","Colonia","San Ignacio Río Muerto","Sonora"
"85515","El Gallito","Colonia","San Ignacio Río Muerto","Sonora"
"85515","Humberto Quintana Loya (Bloque 621)","Ejido","San Ignacio Río Muerto","Sonora"
"85515","Los Dos Aguacates (Bloque 723)","Ejido","San Ignacio Río Muerto","Sonora"
"85515","Campo Flor del Valle","Ejido","San Ignacio Río Muerto","Sonora"
"85515","Campo María de la Luz Robles","Ejido","San Ignacio Río Muerto","Sonora"
"85515","Campo Robles (Bloque 621)","Ejido","San Ignacio Río Muerto","Sonora"
"85515","Los Flores","Ejido","San Ignacio Río Muerto","Sonora"
"85515","Los Venaditos (Bloque 721)","Ejido","San Ignacio Río Muerto","Sonora"
"85515","Rafael Ochoa (Bloque 621)","Ejido","San Ignacio Río Muerto","Sonora"
"85516","San Isidro (El Polvorón)","Ejido","San Ignacio Río Muerto","Sonora"
"85516","Demetrio Vallejo","Colonia","San Ignacio Río Muerto","Sonora"
"85516","Manuel Félix","Ejido","San Ignacio Río Muerto","Sonora"
"85516","Esteban López (Bloque 619)","Ejido","San Ignacio Río Muerto","Sonora"
"85516","Campo María Luisa Encinas (Bloque 625)","Ejido","San Ignacio Río Muerto","Sonora"
"85516","Ernesto Higuera (Bloque 625)","Ejido","San Ignacio Río Muerto","Sonora"
"85516","José Gerardo Badilla (Bloque 725)","Ejido","San Ignacio Río Muerto","Sonora"
"85516","Fernando Reynas Valenzuela (Bloque 723)","Ejido","San Ignacio Río Muerto","Sonora"
"85516","Campo de Guadalupe Quintana","Ejido","San Ignacio Río Muerto","Sonora"
"85516","Menual","Ejido","San Ignacio Río Muerto","Sonora"
"85516","Los Pinitos","Ejido","San Ignacio Río Muerto","Sonora"
"85516","Campo Terán","Ejido","San Ignacio Río Muerto","Sonora"
"85516","Gustavo Lugers Becerrín","Ejido","San Ignacio Río Muerto","Sonora"
"85516","El Chaparral","Ejido","San Ignacio Río Muerto","Sonora"
"85516","Liandro Parra (Bloque 617)","Ejido","San Ignacio Río Muerto","Sonora"
"85516","Gilberto Castro (Bloque 825)","Ejido","San Ignacio Río Muerto","Sonora"
"85516","Jorge Stewart (Bloque 823)","Ejido","San Ignacio Río Muerto","Sonora"
"85516","El Novillo (Bloque 821)","Ranchería","San Ignacio Río Muerto","Sonora"
"85516","Marielos Guerrero Rodríguez","Ranchería","San Ignacio Río Muerto","Sonora"
"85516","El Álamo","Ejido","San Ignacio Río Muerto","Sonora"
"85516","Alefel","Ejido","San Ignacio Río Muerto","Sonora"
"85516","San José el Tata","Ejido","San Ignacio Río Muerto","Sonora"
"85516","Feliciano Guzmán","Ejido","San Ignacio Río Muerto","Sonora"
"85516","Francisco Haro","Ejido","San Ignacio Río Muerto","Sonora"
"85516","Augusto Escamilla","Ejido","San Ignacio Río Muerto","Sonora"
"85516","San Martín","Ejido","San Ignacio Río Muerto","Sonora"
"85516","El Banco","Ejido","San Ignacio Río Muerto","Sonora"
"85516","Guadalupe Vega","Ejido","San Ignacio Río Muerto","Sonora"
"85516","El Alhuate","Ejido","San Ignacio Río Muerto","Sonora"
"85516","Rodolfo Pablos","Ejido","San Ignacio Río Muerto","Sonora"
"85516","Rafael Cárdenas","Ejido","San Ignacio Río Muerto","Sonora"
"85518","La Democracia","Ejido","San Ignacio Río Muerto","Sonora"
"85518","Bachomobampo","Ejido","San Ignacio Río Muerto","Sonora"
"85518","El Bateve","Ejido","San Ignacio Río Muerto","Sonora"
"85518","Enrique Landa B","Ejido","San Ignacio Río Muerto","Sonora"
"85518","Vicente Guerrero","Ejido","San Ignacio Río Muerto","Sonora"
"85518","Familia Pablos Cruz","Ejido","San Ignacio Río Muerto","Sonora"
"85518","Sergio Tellechea","Ejido","San Ignacio Río Muerto","Sonora"
"85518","Encinas Terrazas","Ejido","San Ignacio Río Muerto","Sonora"
"85518","Ricardo Sagarena","Ejido","San Ignacio Río Muerto","Sonora"
"85518","La Soledad","Ejido","San Ignacio Río Muerto","Sonora"
"85518","Isabel Cuen","Ejido","San Ignacio Río Muerto","Sonora"
"85518","Las Isabeles","Ejido","San Ignacio Río Muerto","Sonora"
"85518","La Doce (Bloque 1217)","Ejido","San Ignacio Río Muerto","Sonora"
"85518","Jesús Zúñiga","Ejido","San Ignacio Río Muerto","Sonora"
"85518","Bateve Segundo (2 de Marzo)","Ejido","San Ignacio Río Muerto","Sonora"
"85518","Vicente Guerrero","Colonia","San Ignacio Río Muerto","Sonora"
"85518","Los Hernández","Ejido","San Ignacio Río Muerto","Sonora"
"85518","Guzmán Gallegos","Ejido","San Ignacio Río Muerto","Sonora"
"85518","Rolando Navarro","Ejido","San Ignacio Río Muerto","Sonora"
"85518","Framagofa","Ejido","San Ignacio Río Muerto","Sonora"
"85518","Rogelio Velázquez","Ejido","San Ignacio Río Muerto","Sonora"
"85518","Los Médanos (Los Mélagos)","Rancho","San Ignacio Río Muerto","Sonora"
"85519","Tetabiate","Ranchería","San Ignacio Río Muerto","Sonora"
"85519","Bahía de Lobos","Colonia","San Ignacio Río Muerto","Sonora"
"85519","Seis y Treinta y Seis Colonia Sonora (Bloque 633)","Rancho","San Ignacio Río Muerto","Sonora"
"85519","Emiliano Zapata","Colonia","San Ignacio Río Muerto","Sonora"
"85519","Felizardo Ochoa","Ejido","San Ignacio Río Muerto","Sonora"
"85519","Sonora","Colonia","San Ignacio Río Muerto","Sonora"
"85519","Campo de Santiago Cosío","Ejido","San Ignacio Río Muerto","Sonora"
"85519","La Lomita","Ejido","San Ignacio Río Muerto","Sonora"
"85519","Agraristas de Ciudad Obregón","Ejido","San Ignacio Río Muerto","Sonora"
"85519","Bloque 837","Ejido","San Ignacio Río Muerto","Sonora"
"85519","San Francisco","Rancho","San Ignacio Río Muerto","Sonora"
"85519","Siete de Noviembre","Ejido","San Ignacio Río Muerto","Sonora"
"85519","Francisco García","Ejido","San Ignacio Río Muerto","Sonora"
"85519","Ricardo Jaime (Bloque 731)","Ejido","San Ignacio Río Muerto","Sonora"
"85519","Los Venaditos","Ejido","San Ignacio Río Muerto","Sonora"
"85519","El Porvenir de los Jaime","Ejido","San Ignacio Río Muerto","Sonora"
"85519","David Lamas Coronado","Ejido","San Ignacio Río Muerto","Sonora"
"85519","Campo Héctor Cervantes","Ejido","San Ignacio Río Muerto","Sonora"
"85519","San Francisco Río Muerto (Las Cachoras)","Ejido","San Ignacio Río Muerto","Sonora"
"85519","Los Hernández (Los Laureles)","Ejido","San Ignacio Río Muerto","Sonora"
"85519","Lauterio León Barraza","Ejido","San Ignacio Río Muerto","Sonora"
"85519","Luis Lizárraga Rodríguez","Ejido","San Ignacio Río Muerto","Sonora"
"85519","San Judas Tadeo","Ejido","San Ignacio Río Muerto","Sonora"
"85519","La Capilla (Bloque 733)","Ejido","San Ignacio Río Muerto","Sonora"
"85520","Cochórit","Ranchería","Empalme","Sonora"
"85520","Niño San Humberto [Casa Hogar]","Equipamiento","Empalme","Sonora"
"85523","Empalme el Águila (El Ranchito)","Ejido","Empalme","Sonora"
"85523","La Escondida (Agua Caliente)","Ranchería","Empalme","Sonora"
"85524","El Bateve","Rancho","Empalme","Sonora"
"85524","La Casita de Campo [Restaurant]","Equipamiento","Empalme","Sonora"
"85524","Margarita (Agrícola Omega)","Granja","Empalme","Sonora"
"85524","San Pablo Dos","Rancho","Empalme","Sonora"
"85524","Santa Cruz","Ranchería","Empalme","Sonora"
"85524","Sociedad Igualitaria","Ejido","Empalme","Sonora"
"85524","Sociedad Rubén Jaramillo (Campo Guaymas)","Ejido","Empalme","Sonora"
"85524","Cruz de Piedra","Colonia","Empalme","Sonora"
"85524","San Fernando de Guaymas","Ejido","Empalme","Sonora"
"85525","Los Chiltepines (San Juan)","Rancho","Empalme","Sonora"
"85525","Los Hoyos [Centro de Transferencia de Embriones]","Granja","Empalme","Sonora"
"85525","Los Venados","Rancho","Empalme","Sonora"
"85525","Roncalli","Ranchería","Empalme","Sonora"
"85525","El Morgan","Rancho","Empalme","Sonora"
"85525","San Enrique","Rancho","Empalme","Sonora"
"85525","Juan Rodríguez","Ejido","Empalme","Sonora"
"85526","Playa del Sol","Rancho","Empalme","Sonora"
"85526","San Antonio","Ranchería","Empalme","Sonora"
"85530","Buffalo Packing (Gringo Cebollero)","Ranchería","Empalme","Sonora"
"85530","Complementación Ejido Baca Calderón","Ranchería","Empalme","Sonora"
"85530","GAFERSA","Rancho","Empalme","Sonora"
"85530","Zaragoza (Santa Amelia)","Granja","Empalme","Sonora"
"85533","El Porvenir","Rancho","Empalme","Sonora"
"85533","La Palma","Pueblo","Empalme","Sonora"
"85533","Mi Patria es Primero","Ejido","Empalme","Sonora"
"85533","Fátima","Rancho","Empalme","Sonora"
"85533","Úrsulo Galván","Ejido","Empalme","Sonora"
"85534","Establo Fátima (Agroindustrial Vilo)","Rancho","Empalme","Sonora"
"85534","Pozo Nueve","Ranchería","Empalme","Sonora"
"85534","Ruiz","Ranchería","Empalme","Sonora"
"85534","Maytorena","Pueblo","Empalme","Sonora"
"85535","Cincuenta y Dos","Granja","Empalme","Sonora"
"85535","Las Tortolitas","Rancho","Empalme","Sonora"
"85535","Santa Anita","Granja","Empalme","Sonora"
"85535","José María Morelos y Pavón (La Atravezada)","Pueblo","Empalme","Sonora"
"85535","Santa María de Guaymas","Ejido","Empalme","Sonora"
"85536","Avestruces del Noroeste","Ranchería","Empalme","Sonora"
"85536","La Choya Dos","Rancho","Empalme","Sonora"
"85536","Narciso Mendoza","Ranchería","Empalme","Sonora"
"85536","Úrsulo Galván","Ranchería","Empalme","Sonora"
"85536","Antonio Rosales","Ejido","Empalme","Sonora"
"85537","El Mezquite (Terreno de Junelancahui)","Rancho","Empalme","Sonora"
"85537","La Florida","Rancho","Empalme","Sonora"
"85537","Vicente Guerrero","Ranchería","Empalme","Sonora"
"85537","Malichita","Zona industrial","Empalme","Sonora"
"85537","Junelancahui (El Mezquite)","Ejido","Empalme","Sonora"
"85540","La Colorada","Pueblo","La Colorada","Sonora"
"85545","La Virgen","Rancho","La Colorada","Sonora"
"85549","San José de Moradillas (El Cochi)","Ranchería","La Colorada","Sonora"
"85550","San José de Pimas","Ejido","La Colorada","Sonora"
"85550","Cobachi","Ejido","La Colorada","Sonora"
"85550","La Galera","Rancho","La Colorada","Sonora"
"85553","Tecoripa","Pueblo","La Colorada","Sonora"
"85556","Estación Torres (Estación Serdán)","Paraje","La Colorada","Sonora"
"85560","Loma Linda","Colonia","Mazatán","Sonora"
"85560","Las Playitas","Colonia","Mazatán","Sonora"
"85560","La Limpia","Colonia","Mazatán","Sonora"
"85560","Las Olas Altas","Colonia","Mazatán","Sonora"
"85560","Mazatán Centro","Colonia","Mazatán","Sonora"
"85563","La Otra Banda","Colonia","Mazatán","Sonora"
"85575","La Tasajera","Ejido","Mazatán","Sonora"
"85580","Suaqui Grande","Pueblo","Suaqui Grande","Sonora"
"85600","Bicentenario","Colonia","Sahuaripa","Sonora"
"85600","San José","Colonia","Sahuaripa","Sonora"
"85600","El Turacachi","Colonia","Sahuaripa","Sonora"
"85600","La Mesita del Cuajari (La Mesita)","Colonia","Sahuaripa","Sonora"
"85600","Sahuaripa Centro","Colonia","Sahuaripa","Sonora"
"85600","Santo Tomás","Ejido","Sahuaripa","Sonora"
"85600","Los Atardeceres","Colonia","Sahuaripa","Sonora"
"85600","Nuevo Sahuaripa","Colonia","Sahuaripa","Sonora"
"85600","Talamantes","Colonia","Sahuaripa","Sonora"
"85600","Trincheras","Colonia","Sahuaripa","Sonora"
"85600","Ricardo Duran","Colonia","Sahuaripa","Sonora"
"85600","Buchuari","Colonia","Sahuaripa","Sonora"
"85606","Natora (San José de Natora)","Ejido","Sahuaripa","Sonora"
"85608","Seguadehuachi","Ejido","Sahuaripa","Sonora"
"85610","Valle de Tacupeto","Pueblo","Sahuaripa","Sonora"
"85613","Cajón de Onapa","Ranchería","Sahuaripa","Sonora"
"85613","Guisamopa","Ejido","Sahuaripa","Sonora"
"85614","Matarachi","Ejido","Sahuaripa","Sonora"
"85614","Mulatos","Ejido","Sahuaripa","Sonora"
"85615","Trigo de Corodepe","Ranchería","Sahuaripa","Sonora"
"85618","La Iglesia","Ejido","Sahuaripa","Sonora"
"85620","San Javier","Pueblo","San Javier","Sonora"
"85640","Soyopa","Pueblo","Soyopa","Sonora"
"85641","El Novillo (Campamento el Águila)","Ranchería","Soyopa","Sonora"
"85641","La Estrella","Ejido","Soyopa","Sonora"
"85643","Rebeico","Ejido","Soyopa","Sonora"
"85650","Tónichi","Pueblo","Soyopa","Sonora"
"85656","San Antonio de la Huerta","Pueblo","Soyopa","Sonora"
"85660","Bacanora","Pueblo","Bacanora","Sonora"
"85670","Guaycora","Ejido","Bacanora","Sonora"
"85670","La Piedra Rajada","Ranchería","Bacanora","Sonora"
"85670","La Vinatería","Ranchería","Bacanora","Sonora"
"85673","El Bojori","Rancho","Bacanora","Sonora"
"85674","El Torreoncito","Rancho","Bacanora","Sonora"
"85674","La Joya","Ranchería","Bacanora","Sonora"
"85675","El Encinal","Ranchería","Bacanora","Sonora"
"85675","El Tule","Rancho","Bacanora","Sonora"
"85675","Milpillas","Ejido","Bacanora","Sonora"
"85675","Milpillitas","Rancho","Bacanora","Sonora"
"85676","El Destacamento","Ranchería","Bacanora","Sonora"
"85676","Santa Teresa","Ejido","Bacanora","Sonora"
"85676","La Plaza","Rancho","Bacanora","Sonora"
"85680","Arivechi","Pueblo","Arivechi","Sonora"
"85681","Pónida","Ranchería","Arivechi","Sonora"
"85690","Bámori","Pueblo","Arivechi","Sonora"
"85695","Tarachi","Pueblo","Arivechi","Sonora"
"85700","Rosario","Pueblo","Rosario","Sonora"
"85710","Tacupeto","Ejido","Rosario","Sonora"
"85710","La Dura (La Concentración)","Pueblo","Rosario","Sonora"
"85710","Río Chico (Real de Ostimuri)","Pueblo","Rosario","Sonora"
"85713","El Palmarito (San José del Palmarito)","Ranchería","Rosario","Sonora"
"85713","Las Amaviscas","Ranchería","Rosario","Sonora"
"85713","Campo el Sauz","Rancho","Rosario","Sonora"
"85713","Cuba","Ejido","Rosario","Sonora"
"85714","Alisoso","Ranchería","Rosario","Sonora"
"85714","El Nogal (Curúpaco)","Ranchería","Rosario","Sonora"
"85714","El Llano","Ranchería","Rosario","Sonora"
"85714","Paredones (El Saucito)","Ejido","Rosario","Sonora"
"85715","El Campito","Rancho","Rosario","Sonora"
"85715","Santa Ana de Padilla","Ejido","Rosario","Sonora"
"85715","La Estrella","Ejido","Rosario","Sonora"
"85715","Cedros","Pueblo","Rosario","Sonora"
"85716","El Sauz","Pueblo","Rosario","Sonora"
"85717","Movas","Pueblo","Rosario","Sonora"
"85717","Nuri","Pueblo","Rosario","Sonora"
"85717","Tarahumaris","Ranchería","Rosario","Sonora"
"85720","Quiriego","Pueblo","Quiriego","Sonora"
"85730","Santana","Rancho","Quiriego","Sonora"
"85730","Las Guásimas","Ranchería","Quiriego","Sonora"
"85733","El Naranjo","Rancho","Quiriego","Sonora"
"85733","Turos","Rancho","Quiriego","Sonora"
"85734","Basicorepa","Rancho","Quiriego","Sonora"
"85734","El Puerto","Ranchería","Quiriego","Sonora"
"85734","Los Bajíos (Ejido los Conejos)","Ejido","Quiriego","Sonora"
"85734","El Frijolar","Ejido","Quiriego","Sonora"
"85735","Machilibampo","Ranchería","Quiriego","Sonora"
"85735","El Mojarit","Ranchería","Quiriego","Sonora"
"85735","Bacusa","Ranchería","Quiriego","Sonora"
"85735","Goijaquía","Ranchería","Quiriego","Sonora"
"85735","Tepahui","Pueblo","Quiriego","Sonora"
"85735","El Frijol de Zazueta (El Frijol de Arriba)","Rancho","Quiriego","Sonora"
"85736","Cocoraque","Granja","Quiriego","Sonora"
"85736","General Pablo Macías (Los Vacitos)","Ejido","Quiriego","Sonora"
"85736","El Mexicano","Ejido","Quiriego","Sonora"
"85736","El Jíncori","Ejido","Quiriego","Sonora"
"85736","Cábora","Ejido","Quiriego","Sonora"
"85736","El Tanque","Ranchería","Quiriego","Sonora"
"85737","El Guayacán","Ranchería","Quiriego","Sonora"
"85737","Los Capomos","Rancho","Quiriego","Sonora"
"85737","Sibachicori","Rancho","Quiriego","Sonora"
"85737","Batacosa","Pueblo","Quiriego","Sonora"
"85740","Ónavas","Pueblo","Ónavas","Sonora"
"85746","Mesa de Galindo","Rancho","Ónavas","Sonora"
"85748","Cuba","Ranchería","Ónavas","Sonora"
"85760","Álamos Centro","Colonia","Álamos","Sonora"
"85764","El Barranco","Colonia","Álamos","Sonora"
"85764","Olas Altas","Colonia","Álamos","Sonora"
"85764","La Campana","Colonia","Álamos","Sonora"
"85764","Las Campas","Colonia","Álamos","Sonora"
"85764","La Estación","Colonia","Álamos","Sonora"
"85764","Chula Vista","Colonia","Álamos","Sonora"
"85764","El Rastro","Colonia","Álamos","Sonora"
"85764","Hacienda Vieja","Colonia","Álamos","Sonora"
"85764","Las Delicias","Colonia","Álamos","Sonora"
"85764","Real de Minas","Colonia","Álamos","Sonora"
"85764","La Huerta de los Ricos","Ranchería","Álamos","Sonora"
"85765","Los Cangrejos","Colonia","Álamos","Sonora"
"85765","Tacubaya","Colonia","Álamos","Sonora"
"85765","Loma de Guadalupe","Colonia","Álamos","Sonora"
"85765","La Colorada","Colonia","Álamos","Sonora"
"85765","Las Higueras","Colonia","Álamos","Sonora"
"85765","El Calvario","Colonia","Álamos","Sonora"
"85765","El Perico","Colonia","Álamos","Sonora"
"85765","El Volantín","Colonia","Álamos","Sonora"
"85765","Monte","Colonia","Álamos","Sonora"
"85766","Real de los Álamos","Colonia","Álamos","Sonora"
"85766","Los Guayparines","Colonia","Álamos","Sonora"
"85766","Churubusco","Colonia","Álamos","Sonora"
"85766","El Chalatón","Colonia","Álamos","Sonora"
"85766","Las Palmas","Colonia","Álamos","Sonora"
"85766","Nuevo Álamos","Colonia","Álamos","Sonora"
"85766","La Uvalama","Ranchería","Álamos","Sonora"
"85767","Bicentenario","Colonia","Álamos","Sonora"
"85767","Lomas Lindas","Colonia","Álamos","Sonora"
"85767","Constitución","Colonia","Álamos","Sonora"
"85767","Once de Octubre (Norbert)","Colonia","Álamos","Sonora"
"85767","DIF","Colonia","Álamos","Sonora"
"85767","La Capilla","Colonia","Álamos","Sonora"
"85767","Ferrocarril","Colonia","Álamos","Sonora"
"85767","Sonochihua","Colonia","Álamos","Sonora"
"85767","Nuevo Amanecer","Fraccionamiento","Álamos","Sonora"
"85767","Álamo Dorado","Colonia","Álamos","Sonora"
"85767","Aurora","Colonia","Álamos","Sonora"
"85767","El Mezquital","Colonia","Álamos","Sonora"
"85767","La Aviación","Colonia","Álamos","Sonora"
"85767","La Esmeralda","Colonia","Álamos","Sonora"
"85767","La Ladrillera","Colonia","Álamos","Sonora"
"85767","Los Vergeles","Colonia","Álamos","Sonora"
"85767","Nueva Creación","Colonia","Álamos","Sonora"
"85767","Nueva Esmeralda","Colonia","Álamos","Sonora"
"85767","La Huerta","Ranchería","Álamos","Sonora"
"85767","Los Bustillos","Ranchería","Álamos","Sonora"
"85770","Mexiquillo","Ranchería","Álamos","Sonora"
"85770","Techobampo","Pueblo","Álamos","Sonora"
"85770","Burapaco","Ranchería","Álamos","Sonora"
"85770","San Bernardo","Ranchería","Álamos","Sonora"
"85770","Macoyahui","Rancho","Álamos","Sonora"
"85770","Vado Cuate","Ejido","Álamos","Sonora"
"85770","Agua Blanca","Ranchería","Álamos","Sonora"
"85770","Agua Blanca","Ejido","Álamos","Sonora"
"85770","Aguaje del Chino","Ranchería","Álamos","Sonora"
"85770","Antonico","Ranchería","Álamos","Sonora"
"85770","Buenavista","Rancho","Álamos","Sonora"
"85770","Buenavista","Ranchería","Álamos","Sonora"
"85770","Campo Nuevo","Ranchería","Álamos","Sonora"
"85770","Chorijoa","Ranchería","Álamos","Sonora"
"85770","Cochuhuerito","Ranchería","Álamos","Sonora"
"85770","El Centro","Rancho","Álamos","Sonora"
"85770","El Centro","Ranchería","Álamos","Sonora"
"85770","El Coso","Ranchería","Álamos","Sonora"
"85770","El Mezquital","Ranchería","Álamos","Sonora"
"85770","El Tepehuaje","Ranchería","Álamos","Sonora"
"85770","Guajaray","Ranchería","Álamos","Sonora"
"85770","Guayparín","Ranchería","Álamos","Sonora"
"85770","Joconas","Ranchería","Álamos","Sonora"
"85770","La Chuna","Ranchería","Álamos","Sonora"
"85770","La Esperanza (Testapochi)","Ranchería","Álamos","Sonora"
"85770","La Hortaliza","Ranchería","Álamos","Sonora"
"85770","La Independencia","Ranchería","Álamos","Sonora"
"85770","La Junta","Ranchería","Álamos","Sonora"
"85770","La Lechería","Ranchería","Álamos","Sonora"
"85770","La Noria","Ranchería","Álamos","Sonora"
"85770","La Pionia","Ranchería","Álamos","Sonora"
"85770","La Tinajera","Ranchería","Álamos","Sonora"
"85770","La Toma de Agua","Ranchería","Álamos","Sonora"
"85770","La Tribuna (Cuernavaca)","Ranchería","Álamos","Sonora"
"85770","Las Choyitas","Ranchería","Álamos","Sonora"
"85770","Las Güijas","Ranchería","Álamos","Sonora"
"85770","Las Panelas","Ranchería","Álamos","Sonora"
"85770","Loma del Sabino","Ranchería","Álamos","Sonora"
"85770","Borbón","Rancho","Álamos","Sonora"
"85770","Los Becerros","Ranchería","Álamos","Sonora"
"85770","Los Coyotes","Ranchería","Álamos","Sonora"
"85770","Los Estrados","Ranchería","Álamos","Sonora"
"85770","Los Ganchos","Ranchería","Álamos","Sonora"
"85770","Los Molinos","Ranchería","Álamos","Sonora"
"85770","Los Sonogoris","Ranchería","Álamos","Sonora"
"85770","Los Valles","Ranchería","Álamos","Sonora"
"85770","Mascuragüi","Ranchería","Álamos","Sonora"
"85770","Mesa Colorada","Ranchería","Álamos","Sonora"
"85770","Miramar","Ranchería","Álamos","Sonora"
"85770","Mochibampo","Ranchería","Álamos","Sonora"
"85770","Nacapule","Ranchería","Álamos","Sonora"
"85770","Nahuibampo","Ranchería","Álamos","Sonora"
"85770","San Juan","Ranchería","Álamos","Sonora"
"85770","San Pablo","Ranchería","Álamos","Sonora"
"85770","San Pedro","Ranchería","Álamos","Sonora"
"85770","San Pedro","Ejido","Álamos","Sonora"
"85770","Sejaqui","Ranchería","Álamos","Sonora"
"85770","Tetacora","Ranchería","Álamos","Sonora"
"85770","Todos Santos","Ranchería","Álamos","Sonora"
"85770","Topiyeca","Ranchería","Álamos","Sonora"
"85771","El Sabino","Ranchería","Álamos","Sonora"
"85771","Agua Salada","Ranchería","Álamos","Sonora"
"85771","Chinajaque","Ranchería","Álamos","Sonora"
"85771","Cieneguita","Ranchería","Álamos","Sonora"
"85771","Corogüi","Ranchería","Álamos","Sonora"
"85771","El Bebedero","Ranchería","Álamos","Sonora"
"85771","El Chirivo","Ranchería","Álamos","Sonora"
"85771","El Reventón","Ranchería","Álamos","Sonora"
"85771","El Vado","Ranchería","Álamos","Sonora"
"85771","Gochico Nuevo","Ranchería","Álamos","Sonora"
"85771","Gochico Viejo","Ranchería","Álamos","Sonora"
"85771","Guadalupe","Ranchería","Álamos","Sonora"
"85771","Huicochic","Ranchería","Álamos","Sonora"
"85771","Jurinavo","Ranchería","Álamos","Sonora"
"85771","La Bebelama","Ranchería","Álamos","Sonora"
"85771","La Cañada del Agua","Ranchería","Álamos","Sonora"
"85771","La Vinatería","Ranchería","Álamos","Sonora"
"85771","Las Ánimas","Ranchería","Álamos","Sonora"
"85771","Las Canoas","Ranchería","Álamos","Sonora"
"85771","Los Otates","Ejido","Álamos","Sonora"
"85771","Ojo Prieto","Ranchería","Álamos","Sonora"
"85771","Pie de la Cuesta","Ranchería","Álamos","Sonora"
"85771","Sahuarivo","Ranchería","Álamos","Sonora"
"85771","San José","Ranchería","Álamos","Sonora"
"85771","San Rafael","Ranchería","Álamos","Sonora"
"85771","San Rafael del Sabino (El Sabinito)","Ranchería","Álamos","Sonora"
"85771","Táscate","Ranchería","Álamos","Sonora"
"85771","Taymuco","Ranchería","Álamos","Sonora"
"85771","Tepopa","Ranchería","Álamos","Sonora"
"85771","Tepopa","Ejido","Álamos","Sonora"
"85772","Chorijoa","Ejido","Álamos","Sonora"
"85772","Agua Blanca","Rancho","Álamos","Sonora"
"85772","Aquinavo","Ranchería","Álamos","Sonora"
"85772","Bavícora","Ranchería","Álamos","Sonora"
"85772","Burapaquito","Ranchería","Álamos","Sonora"
"85772","Chacari","Ranchería","Álamos","Sonora"
"85772","Chinahuiro","Ranchería","Álamos","Sonora"
"85772","Chinatopa","Ranchería","Álamos","Sonora"
"85772","Cuchuhueri","Ranchería","Álamos","Sonora"
"85772","El Charuco","Ranchería","Álamos","Sonora"
"85772","El Sauz","Ranchería","Álamos","Sonora"
"85772","El Tuburi","Ranchería","Álamos","Sonora"
"85772","Gocojaqui","Ranchería","Álamos","Sonora"
"85772","Goriego","Ranchería","Álamos","Sonora"
"85772","Guataturi","Ranchería","Álamos","Sonora"
"85772","Jecopaco (San Antonio)","Ranchería","Álamos","Sonora"
"85772","Jobegüi","Ranchería","Álamos","Sonora"
"85772","La Caña","Ranchería","Álamos","Sonora"
"85772","La Concepción","Ranchería","Álamos","Sonora"
"85772","La Sauceda","Ranchería","Álamos","Sonora"
"85772","La Ventana","Ranchería","Álamos","Sonora"
"85772","Las Ánimas","Ranchería","Álamos","Sonora"
"85772","Las Garzas","Ranchería","Álamos","Sonora"
"85772","Las Lajas","Ranchería","Álamos","Sonora"
"85772","Los Algodones","Ranchería","Álamos","Sonora"
"85772","Los Encinitos","Ranchería","Álamos","Sonora"
"85772","Los Mezcales","Ranchería","Álamos","Sonora"
"85772","Paraje Colorado","Rancho","Álamos","Sonora"
"85772","Potrerillos","Ranchería","Álamos","Sonora"
"85772","Nuevo","Rancho","Álamos","Sonora"
"85772","Viejo","Rancho","Álamos","Sonora"
"85772","Satajaqui","Ranchería","Álamos","Sonora"
"85772","Setajaqui (Setajaqui del Río)","Ranchería","Álamos","Sonora"
"85772","Tecoripa","Ranchería","Álamos","Sonora"
"85772","Tepara","Ranchería","Álamos","Sonora"
"85772","Tojibampo","Ranchería","Álamos","Sonora"
"85772","Zacatemato","Ranchería","Álamos","Sonora"
"85773","La Aduana","Pueblo","Álamos","Sonora"
"85773","Minas Nuevas","Rancho","Álamos","Sonora"
"85773","Cochibampo","Pueblo","Álamos","Sonora"
"85773","El Guamúchil","Pueblo","Álamos","Sonora"
"85773","El Tabelo (San José del Tabelo)","Pueblo","Álamos","Sonora"
"85773","La Higuera","Ranchería","Álamos","Sonora"
"85773","Las Minitas","Rancho","Álamos","Sonora"
"85773","San Antonio del Cupis","Ranchería","Álamos","Sonora"
"85773","Campamento las Casitas (El Mocúzarit)","Rancho","Álamos","Sonora"
"85773","El Frijol","Ejido","Álamos","Sonora"
"85773","La Vinata","Ranchería","Álamos","Sonora"
"85773","Los Camotes (San José del Palmar)","Ranchería","Álamos","Sonora"
"85773","El Mocúzari (Conicárit)","Ranchería","Álamos","Sonora"
"85773","La Tescalama","Ranchería","Álamos","Sonora"
"85773","Los Tanques","Rancho","Álamos","Sonora"
"85773","Nuevo Piedras Verdes","Ranchería","Álamos","Sonora"
"85773","Yoricarichic","Ejido","Álamos","Sonora"
"85773","Campo 24-A","Ejido","Álamos","Sonora"
"85773","Osobampo","Ejido","Álamos","Sonora"
"85773","Agua Fría","Ranchería","Álamos","Sonora"
"85773","Agua Salada","Ranchería","Álamos","Sonora"
"85773","Agua Tapada","Ranchería","Álamos","Sonora"
"85773","Argentina","Ranchería","Álamos","Sonora"
"85773","Bachaca","Ranchería","Álamos","Sonora"
"85773","Bachaca","Ejido","Álamos","Sonora"
"85773","Batarimocha","Ranchería","Álamos","Sonora"
"85773","Campamento de la CFE","Ranchería","Álamos","Sonora"
"85773","El Campamento de la CNA","Ranchería","Álamos","Sonora"
"85773","Casas Coloradas","Ranchería","Álamos","Sonora"
"85773","Crianza (Bachoco 3264)","Ranchería","Álamos","Sonora"
"85773","Cuchuhuari","Ranchería","Álamos","Sonora"
"85773","Dos Hermanos","Ranchería","Álamos","Sonora"
"85773","El Alamillo (Las Pitahayitas)","Ranchería","Álamos","Sonora"
"85773","El Amapal","Ranchería","Álamos","Sonora"
"85773","El Campamento Viejo de la CNA","Ranchería","Álamos","Sonora"
"85773","El Caracol","Ranchería","Álamos","Sonora"
"85773","El Carrizal","Ranchería","Álamos","Sonora"
"85773","El Cerco de Boon","Ranchería","Álamos","Sonora"
"85773","El Chicural (Aniceto)","Ranchería","Álamos","Sonora"
"85773","El Chiflido","Ranchería","Álamos","Sonora"
"85773","El Chiflido (El Chicural)","Ranchería","Álamos","Sonora"
"85773","El Chupadero","Ranchería","Álamos","Sonora"
"85773","El Churubusco","Ranchería","Álamos","Sonora"
"85773","El Dátil","Rancho","Álamos","Sonora"
"85773","El Dátil","Ranchería","Álamos","Sonora"
"85773","El Garabato (Los Dos Hermanos)","Ranchería","Álamos","Sonora"
"85773","El Gran Chaparral","Ranchería","Álamos","Sonora"
"85773","Cerro Blanco [El Gringo]","Ranchería","Álamos","Sonora"
"85773","El Palomar (Cañada)","Ranchería","Álamos","Sonora"
"85773","El Papalote","Ranchería","Álamos","Sonora"
"85773","El Peñasco Blanco","Ranchería","Álamos","Sonora"
"85773","El Porvenir","Ranchería","Álamos","Sonora"
"85773","El Potrillo","Ranchería","Álamos","Sonora"
"85773","El Ranchito","Ranchería","Álamos","Sonora"
"85773","El Ranchito","Ejido","Álamos","Sonora"
"85773","El Retiro","Ranchería","Álamos","Sonora"
"85773","El Rincón","Ranchería","Álamos","Sonora"
"85773","El Rincón","Ejido","Álamos","Sonora"
"85773","El Rincón Viejo","Ranchería","Álamos","Sonora"
"85773","El Sabinal (Arroyo Grande)","Ranchería","Álamos","Sonora"
"85773","El Tabelito","Ranchería","Álamos","Sonora"
"85773","El Tepustete","Ranchería","Álamos","Sonora"
"85773","El Tezal","Ranchería","Álamos","Sonora"
"85773","El Trigo","Ranchería","Álamos","Sonora"
"85773","El Vado","Ranchería","Álamos","Sonora"
"85773","General Francisco Villa","Ranchería","Álamos","Sonora"
"85773","General Francisco Villa División del Norte","Ranchería","Álamos","Sonora"
"85773","Las Gemelas","Ranchería","Álamos","Sonora"
"85773","Gran Chaparrón","Ranchería","Álamos","Sonora"
"85773","Guadalupe","Ranchería","Álamos","Sonora"
"85773","Guadalupe (Los Encinos)","Ranchería","Álamos","Sonora"
"85773","La Cabaña","Ranchería","Álamos","Sonora"
"85773","La Cuarentenaria","Ranchería","Álamos","Sonora"
"85773","La Cuchilla","Ranchería","Álamos","Sonora"
"85773","La Cuchilla","Rancho","Álamos","Sonora"
"85773","La Escondida","Ranchería","Álamos","Sonora"
"85773","La Haciendita","Ranchería","Álamos","Sonora"
"85773","La Laguna","Ranchería","Álamos","Sonora"
"85773","La Guayabita","Ranchería","Álamos","Sonora"
"85773","La Pasadita (Tres Marías)","Ranchería","Álamos","Sonora"
"85773","La Reforma","Ranchería","Álamos","Sonora"
"85773","La Zata","Ranchería","Álamos","Sonora"
"85773","Las Amapas [Agropecuaria]","Ranchería","Álamos","Sonora"
"85773","Las Burras","Ranchería","Álamos","Sonora"
"85773","Las Cebollas","Ranchería","Álamos","Sonora"
"85773","Las Chicuritas (Agua Cercada)","Ranchería","Álamos","Sonora"
"85773","Las Cuevas","Ranchería","Álamos","Sonora"
"85773","Las Lomas","Ranchería","Álamos","Sonora"
"85773","Las Pitahayitas","Ranchería","Álamos","Sonora"
"85773","Las Uvalamas","Ranchería","Álamos","Sonora"
"85773","Las Vinoramas","Ranchería","Álamos","Sonora"
"85773","Los Arenales","Ranchería","Álamos","Sonora"
"85773","Los Encinos","Ranchería","Álamos","Sonora"
"85773","Los Güicos","Ranchería","Álamos","Sonora"
"85773","Los Mezcales","Ranchería","Álamos","Sonora"
"85773","Los Mezcales","Ejido","Álamos","Sonora"
"85773","Maranatha (Argentina)","Ranchería","Álamos","Sonora"
"85773","Margarita Valenzuela","Ranchería","Álamos","Sonora"
"85773","Mútica","Ranchería","Álamos","Sonora"
"85773","Minas Nuevas","Ranchería","Álamos","Sonora"
"85773","Mochomobampo","Ranchería","Álamos","Sonora"
"85773","Monterrey (Bachoco 3265)","Ranchería","Álamos","Sonora"
"85773","Munihuasa","Ranchería","Álamos","Sonora"
"85773","Predio Santa Anita","Ranchería","Álamos","Sonora"
"85773","Presa de Corrales","Ranchería","Álamos","Sonora"
"85773","Presa de Denís","Ranchería","Álamos","Sonora"
"85773","Roberto Valenzuela","Ranchería","Álamos","Sonora"
"85773","Román Yocupicio (El Ranchito)","Ranchería","Álamos","Sonora"
"85773","San Agustín de la Palma","Ranchería","Álamos","Sonora"
"85773","San Alfonso (La Pasadita)","Ranchería","Álamos","Sonora"
"85773","San Andrés","Ranchería","Álamos","Sonora"
"85773","San Antonio","Ranchería","Álamos","Sonora"
"85773","San Antonio de los López","Ranchería","Álamos","Sonora"
"85773","San Martín","Ranchería","Álamos","Sonora"
"85773","San Nicolás","Ranchería","Álamos","Sonora"
"85773","San Pedro","Ranchería","Álamos","Sonora"
"85773","San Ramón (El Mezquital)","Ranchería","Álamos","Sonora"
"85773","San Vicente del Cupis","Ranchería","Álamos","Sonora"
"85773","Santa Amalia (El Toro)","Ranchería","Álamos","Sonora"
"85773","Santa Ana","Ranchería","Álamos","Sonora"
"85773","Santa Anita","Ranchería","Álamos","Sonora"
"85773","Santa Cruz","Ranchería","Álamos","Sonora"
"85773","Sobia","Ranchería","Álamos","Sonora"
"85773","Tabelojaqui","Ranchería","Álamos","Sonora"
"85773","Tres Marías","Ranchería","Álamos","Sonora"
"85773","Tres Marías (Bachoco 3261)","Ranchería","Álamos","Sonora"
"85773","Tres Marías (Bachoco 3262)","Ranchería","Álamos","Sonora"
"85773","Tres Marías (Bachoco 3263)","Ranchería","Álamos","Sonora"
"85773","Vinatería","Ranchería","Álamos","Sonora"
"85774","Agua Tapada","Ejido","Álamos","Sonora"
"85774","El Chiflido","Ejido","Álamos","Sonora"
"85774","El Paredón Blanco","Ranchería","Álamos","Sonora"
"85774","La Casita","Ranchería","Álamos","Sonora"
"85774","La Higuera","Ranchería","Álamos","Sonora"
"85774","San Isidro","Ranchería","Álamos","Sonora"
"85774","San Pedro","Ejido","Álamos","Sonora"
"85775","El Mezquital","Pueblo","Álamos","Sonora"
"85775","Agua Caliente de Antero (Agua Caliente)","Pueblo","Álamos","Sonora"
"85775","Baboyagui","Ranchería","Álamos","Sonora"
"85775","El Cajón","Pueblo","Álamos","Sonora"
"85775","El Potrero","Pueblo","Álamos","Sonora"
"85775","Huirocoba","Ranchería","Álamos","Sonora"
"85775","Potrero de Alcántar","Rancho","Álamos","Sonora"
"85775","El Guamuchil","Ranchería","Álamos","Sonora"
"85775","El Maquipo","Rancho","Álamos","Sonora"
"85775","El Zapote","Pueblo","Álamos","Sonora"
"85775","La Quintera","Pueblo","Álamos","Sonora"
"85775","La Cieneguita","Ejido","Álamos","Sonora"
"85775","La Laborcita","Ejido","Álamos","Sonora"
"85775","La Labor de Santa Lucía (El Mezquital)","Ejido","Álamos","Sonora"
"85775","La Gacela","Ranchería","Álamos","Sonora"
"85775","Agua Blanca","Ranchería","Álamos","Sonora"
"85775","Barumico","Ranchería","Álamos","Sonora"
"85775","Buenavista","Ranchería","Álamos","Sonora"
"85775","Choquinahui (El Cobre)","Ranchería","Álamos","Sonora"
"85775","Cuchujaqui","Ranchería","Álamos","Sonora"
"85775","El Babójori","Ranchería","Álamos","Sonora"
"85775","El Baiquillo","Ranchería","Álamos","Sonora"
"85775","El Barazón","Ranchería","Álamos","Sonora"
"85775","El Borbollón","Ranchería","Álamos","Sonora"
"85775","El Cajón del Sabino (El Cajón)","Ranchería","Álamos","Sonora"
"85775","El Cajoncito","Ranchería","Álamos","Sonora"
"85775","El Divisadero (El Mezquite Cuate)","Ranchería","Álamos","Sonora"
"85775","El Encino","Ranchería","Álamos","Sonora"
"85775","El Frijol","Ranchería","Álamos","Sonora"
"85775","El Guajolote","Ranchería","Álamos","Sonora"
"85775","El Guayabo","Ranchería","Álamos","Sonora"
"85775","El Mirasol","Ranchería","Álamos","Sonora"
"85775","El Porvenir","Ranchería","Álamos","Sonora"
"85775","El Reparo","Ranchería","Álamos","Sonora"
"85775","El Rodeo","Ranchería","Álamos","Sonora"
"85775","El Sabino Grande (El Sabino)","Ranchería","Álamos","Sonora"
"85775","El Salitral","Ranchería","Álamos","Sonora"
"85775","El Sauce","Ranchería","Álamos","Sonora"
"85775","El Sombrerito","Ranchería","Álamos","Sonora"
"85775","El Tacuache","Ranchería","Álamos","Sonora"
"85775","El Taray","Ranchería","Álamos","Sonora"
"85775","El Tepehuaje","Ranchería","Álamos","Sonora"
"85775","Fundición","Ranchería","Álamos","Sonora"
"85775","Gocopiro","Ranchería","Álamos","Sonora"
"85775","Guamuchilito","Ranchería","Álamos","Sonora"
"85775","La Batea","Ranchería","Álamos","Sonora"
"85775","La Concepción","Ranchería","Álamos","Sonora"
"85775","La Labor Grande","Ranchería","Álamos","Sonora"
"85775","La Majada","Ranchería","Álamos","Sonora"
"85775","La Mezcalera","Ranchería","Álamos","Sonora"
"85775","La Mina de la Cruz","Ranchería","Álamos","Sonora"
"85775","La Noria","Ranchería","Álamos","Sonora"
"85775","La Palma","Ranchería","Álamos","Sonora"
"85775","La Presa","Ranchería","Álamos","Sonora"
"85775","La Tinaja","Ranchería","Álamos","Sonora"
"85775","Las Algarrobas","Ranchería","Álamos","Sonora"
"85775","Las Cabras","Ranchería","Álamos","Sonora"
"85775","Las Cuevas","Ranchería","Álamos","Sonora"
"85775","Las Lajas","Ranchería","Álamos","Sonora"
"85775","Las Lajitas","Ranchería","Álamos","Sonora"
"85775","Las Mercedes","Ranchería","Álamos","Sonora"
"85775","Las Mojarras","Ranchería","Álamos","Sonora"
"85775","Las Plomosas","Ranchería","Álamos","Sonora"
"85775","Las Sardinas","Ranchería","Álamos","Sonora"
"85775","Las Tablas","Ranchería","Álamos","Sonora"
"85775","Las Viguitas","Ranchería","Álamos","Sonora"
"85775","Las Viruelas","Ranchería","Álamos","Sonora"
"85775","Los Amoles","Ranchería","Álamos","Sonora"
"85775","Los Llanos","Ranchería","Álamos","Sonora"
"85775","Los Llanos de Benito","Ranchería","Álamos","Sonora"
"85775","Los Mimbres (El Pinto)","Ranchería","Álamos","Sonora"
"85775","Los Otates","Ranchería","Álamos","Sonora"
"85775","Palmarito","Ranchería","Álamos","Sonora"
"85775","Palo Injerto","Ranchería","Álamos","Sonora"
"85775","Palos Chinos","Ranchería","Álamos","Sonora"
"85775","Paparique","Ranchería","Álamos","Sonora"
"85775","Potrerillos","Ranchería","Álamos","Sonora"
"85775","Potrero de Reuter","Ranchería","Álamos","Sonora"
"85775","Puerta de Mano","Ranchería","Álamos","Sonora"
"85775","Sabinito Sur","Ranchería","Álamos","Sonora"
"85775","San Antonio","Ranchería","Álamos","Sonora"
"85775","San Miguel","Ranchería","Álamos","Sonora"
"85775","San Pablo","Ranchería","Álamos","Sonora"
"85775","San Pedro","Ranchería","Álamos","Sonora"
"85775","Santa Bárbara","Ranchería","Álamos","Sonora"
"85775","Santa Fe","Ranchería","Álamos","Sonora"
"85775","Sotorijaqui","Ranchería","Álamos","Sonora"
"85776","La Isleta","Ranchería","Álamos","Sonora"
"85776","Tojibampo","Ranchería","Álamos","Sonora"
"85776","Yocojigua","Hacienda","Álamos","Sonora"
"85776","Arnoldo Acosta","Ranchería","Álamos","Sonora"
"85776","Chino Gordo","Ranchería","Álamos","Sonora"
"85776","Compostela de las Amapas","Ranchería","Álamos","Sonora"
"85776","Conisaca","Ranchería","Álamos","Sonora"
"85776","Cuesta Blanca","Ranchería","Álamos","Sonora"
"85776","El Chilar","Ranchería","Álamos","Sonora"
"85776","El Corcovado","Ranchería","Álamos","Sonora"
"85776","El Eucalipto","Ranchería","Álamos","Sonora"
"85776","El Garambullo","Ranchería","Álamos","Sonora"
"85776","El Molino","Ranchería","Álamos","Sonora"
"85776","El Palomo","Ranchería","Álamos","Sonora"
"85776","El Ranchito","Ranchería","Álamos","Sonora"
"85776","La Cieneguilla","Ranchería","Álamos","Sonora"
"85776","La Escondida","Ranchería","Álamos","Sonora"
"85776","La Mesa","Ranchería","Álamos","Sonora"
"85776","La Sierrita","Ranchería","Álamos","Sonora"
"85776","La Urraca","Ranchería","Álamos","Sonora"
"85776","Las Guásimas","Ranchería","Álamos","Sonora"
"85776","Aguaje Grande","Rancho","Álamos","Sonora"
"85776","Los Capomos","Ranchería","Álamos","Sonora"
"85776","Los Josos","Ranchería","Álamos","Sonora"
"85776","Los Norotes","Ranchería","Álamos","Sonora"
"85776","Paredones","Ranchería","Álamos","Sonora"
"85776","Piedras Blancas","Ranchería","Álamos","Sonora"
"85776","Piedras Blancas","Rancho","Álamos","Sonora"
"85776","Piedras Blancas","Ejido","Álamos","Sonora"
"85776","Rancherías","Ranchería","Álamos","Sonora"
"85776","Jayze","Rancho","Álamos","Sonora"
"85776","Piedras Blancas (La Presa)","Rancho","Álamos","Sonora"
"85776","Viejo","Rancho","Álamos","Sonora"
"85776","San Ignacio","Ranchería","Álamos","Sonora"
"85777","Gerocoa","Ranchería","Álamos","Sonora"
"85777","Gerocoa Chico (Los Plátanos)","Ranchería","Álamos","Sonora"
"85777","Gerocoa (Las Canillas)","Ejido","Álamos","Sonora"
"85777","San Vicente","Pueblo","Álamos","Sonora"
"85777","Cerro Colorado (El Colorado)","Pueblo","Álamos","Sonora"
"85777","El Chinal","Rancho","Álamos","Sonora"
"85777","Basiroa","Ranchería","Álamos","Sonora"
"85777","El Carrizal","Ranchería","Álamos","Sonora"
"85777","El Salado","Rancho","Álamos","Sonora"
"85777","Los Muertos","Hacienda","Álamos","Sonora"
"85777","Tapizuelas","Rancho","Álamos","Sonora"
"85777","Arroyo Hondo","Ranchería","Álamos","Sonora"
"85777","Bacamaya","Ranchería","Álamos","Sonora"
"85777","Capitahuasa","Ranchería","Álamos","Sonora"
"85777","Casanate","Ranchería","Álamos","Sonora"
"85777","Cuesta de Manojaqui","Ranchería","Álamos","Sonora"
"85777","El Chapote","Rancho","Álamos","Sonora"
"85777","El Maquipito","Ranchería","Álamos","Sonora"
"85777","El Paso","Ranchería","Álamos","Sonora"
"85777","El Recodo","Ranchería","Álamos","Sonora"
"85777","El Remudadero","Ranchería","Álamos","Sonora"
"85777","El Sabino","Ranchería","Álamos","Sonora"
"85777","Las Flores (Gerocoa)","Ranchería","Álamos","Sonora"
"85777","Guadalupe","Ranchería","Álamos","Sonora"
"85777","Guayparín","Ranchería","Álamos","Sonora"
"85777","Guayparín (Guayparime)","Ranchería","Álamos","Sonora"
"85777","Jamochihuasa","Ranchería","Álamos","Sonora"
"85777","La Ciénega","Ranchería","Álamos","Sonora"
"85777","La Colorada","Ranchería","Álamos","Sonora"
"85777","La Cuesta","Ranchería","Álamos","Sonora"
"85777","La Cuesta del Carrizal","Ranchería","Álamos","Sonora"
"85777","La Noria","Ranchería","Álamos","Sonora"
"85777","La Zata","Ranchería","Álamos","Sonora"
"85777","Las Ánimas","Ranchería","Álamos","Sonora"
"85777","Las Pilas","Ranchería","Álamos","Sonora"
"85777","Los Alamillos","Ranchería","Álamos","Sonora"
"85777","Los Batequis","Ranchería","Álamos","Sonora"
"85777","Los Brasiles","Ranchería","Álamos","Sonora"
"85777","Los Capomos","Ejido","Álamos","Sonora"
"85777","Paredón","Ranchería","Álamos","Sonora"
"85777","Providencia","Ranchería","Álamos","Sonora"
"85777","Viejo","Rancho","Álamos","Sonora"
"85777","Sivilimora","Ranchería","Álamos","Sonora"
"85778","Dolisa (Presa el Veranito)","Hacienda","Álamos","Sonora"
"85778","El Veranito","Ejido","Álamos","Sonora"
"85778","Abachapa","Ranchería","Álamos","Sonora"
"85778","Agua Nueva","Ranchería","Álamos","Sonora"
"85778","California (Santa Mónica)","Ranchería","Álamos","Sonora"
"85778","Chícoras","Ranchería","Álamos","Sonora"
"85778","Severino Ceniceros (Cerro Pelón)","Ejido","Álamos","Sonora"
"85778","El Chíchal","Ranchería","Álamos","Sonora"
"85778","El Guasimal","Ranchería","Álamos","Sonora"
"85778","El Nacapul","Ranchería","Álamos","Sonora"
"85778","El Sauce","Ranchería","Álamos","Sonora"
"85778","Huirubampo","Ranchería","Álamos","Sonora"
"85778","Juchica","Ranchería","Álamos","Sonora"
"85778","La Aceituna","Ranchería","Álamos","Sonora"
"85778","La Ladrillera","Ranchería","Álamos","Sonora"
"85778","Las Norias","Ranchería","Álamos","Sonora"
"85778","Las Rastras","Ranchería","Álamos","Sonora"
"85778","Las Víboras","Ranchería","Álamos","Sonora"
"85778","Los Mezquitos","Ranchería","Álamos","Sonora"
"85778","Nacapul","Ranchería","Álamos","Sonora"
"85778","Nasubampo","Ranchería","Álamos","Sonora"
"85778","Pozo Viejo","Ranchería","Álamos","Sonora"
"85778","San Antonio de los González","Ranchería","Álamos","Sonora"
"85778","San Manuel","Ranchería","Álamos","Sonora"
"85778","Tetacruz","Ranchería","Álamos","Sonora"
"85778","Tetagiosa","Ranchería","Álamos","Sonora"
"85778","Tobari","Ranchería","Álamos","Sonora"
"85779","Los Citahuis","Ranchería","Álamos","Sonora"
"85779","El Chino (San Antonio de los Chinos)","Ranchería","Álamos","Sonora"
"85779","La Providencia","Ranchería","Álamos","Sonora"
"85779","Anáhuac","Ejido","Álamos","Sonora"
"85779","21 de Marzo","Ejido","Álamos","Sonora"
"85779","21 de Marzo Uno","Ejido","Álamos","Sonora"
"85779","Belduque","Ranchería","Álamos","Sonora"
"85779","Bellavista","Ranchería","Álamos","Sonora"
"85779","California (La Asina)","Ranchería","Álamos","Sonora"
"85779","California (Sector Cuatro)","Ranchería","Álamos","Sonora"
"85779","Daniel Morales","Ranchería","Álamos","Sonora"
"85779","El Ave Negra Dos","Ranchería","Álamos","Sonora"
"85779","El Ave Negra I","Ranchería","Álamos","Sonora"
"85779","Francisco R Serrano","Ejido","Álamos","Sonora"
"85779","Francisco Solís","Ranchería","Álamos","Sonora"
"85779","Huiquibampo","Ranchería","Álamos","Sonora"
"85779","La Bandera","Ranchería","Álamos","Sonora"
"85779","La Esperanza","Ranchería","Álamos","Sonora"
"85779","La Iguana (La Iguana Norte)","Ranchería","Álamos","Sonora"
"85779","La Noria (Toribampo)","Ranchería","Álamos","Sonora"
"85779","Las Mayas (La Granadita)","Ranchería","Álamos","Sonora"
"85779","Las Pailas","Ranchería","Álamos","Sonora"
"85779","Los Arbolitos","Ranchería","Álamos","Sonora"
"85779","Los Bebederos (La Granada)","Ranchería","Álamos","Sonora"
"85779","Los Carneros","Ranchería","Álamos","Sonora"
"85779","Seco","Rancho","Álamos","Sonora"
"85779","Rosarito","Ranchería","Álamos","Sonora"
"85779","Rosarito Dos","Ranchería","Álamos","Sonora"
"85779","Rosarito Uno","Ranchería","Álamos","Sonora"
"85779","San Francisco","Ranchería","Álamos","Sonora"
"85779","San Isidro","Ranchería","Álamos","Sonora"
"85779","Santa Rosa","Ranchería","Álamos","Sonora"
"85779","Tonomino","Granja","Álamos","Sonora"
"85780","Yécora Centro","Colonia","Yécora","Sonora"
"85785","La Tijera","Rancho","Yécora","Sonora"
"85786","Pimas (Juan Diego de los Pimas)","Ranchería","Yécora","Sonora"
"85788","El Kipur","Pueblo","Yécora","Sonora"
"85789","Maycoba","Pueblo","Yécora","Sonora"
"85790","Santa Ana","Ejido","Yécora","Sonora"
"85790","Santa Rosa","Rancho","Yécora","Sonora"
"85793","Tepoca","Pueblo","Yécora","Sonora"
"85794","La Quema","Pueblo","Yécora","Sonora"
"85795","San Nicolás","Ejido","Yécora","Sonora"
"85796","Santa Rosa (Santa Rosa de Lima)","Pueblo","Yécora","Sonora"
"85796","La Trinidad (Real de la Trinidad)","Ejido","Yécora","Sonora"
"85797","Mesa del Campanero (Mesa de los Fraijo)","Rancho","Yécora","Sonora"
"85797","Guadalupe de Tayopa","Pueblo","Yécora","Sonora"
"85798","La Concepción","Ranchería","Yécora","Sonora"
"85800","Navojoa Centro","Colonia","Navojoa","Sonora"
"85810","Pueblo Nuevo","Colonia","Navojoa","Sonora"
"85810","Buenavista","Colonia","Navojoa","Sonora"
"85820","Constitución","Colonia","Navojoa","Sonora"
"85820","Tierra Blanca","Colonia","Navojoa","Sonora"
"85823","La Moraleja","Fraccionamiento","Navojoa","Sonora"
"85823","Navia Residencial","Fraccionamiento","Navojoa","Sonora"
"85823","Campestre","Fraccionamiento","Navojoa","Sonora"
"85823","Camino Real","Fraccionamiento","Navojoa","Sonora"
"85825","Los Arcos","Fraccionamiento","Navojoa","Sonora"
"85825","Villa Lourdes","Fraccionamiento","Navojoa","Sonora"
"85826","Hacienda Real","Fraccionamiento","Navojoa","Sonora"
"85826","San Ignacio Cohuirimpo","Colonia","Navojoa","Sonora"
"85826","Santa Fe","Colonia","Navojoa","Sonora"
"85826","Hacienda Vieja","Colonia","Navojoa","Sonora"
"85827","Tetanchopo","Colonia","Navojoa","Sonora"
"85830","La Encantada","Fraccionamiento","Navojoa","Sonora"
"85830","El Álamo","Fraccionamiento","Navojoa","Sonora"
"85830","Reforma","Colonia","Navojoa","Sonora"
"85830","Villa del Sol","Fraccionamiento","Navojoa","Sonora"
"85835","Residencial la Huerta","Fraccionamiento","Navojoa","Sonora"
"85835","La Toscana Residencial","Fraccionamiento","Navojoa","Sonora"
"85835","Los Naranjos","Fraccionamiento","Navojoa","Sonora"
"85835","Mezquital de Pueblo Viejo","Colonia","Navojoa","Sonora"
"85840","Aviación","Colonia","Navojoa","Sonora"
"85840","Hidalgo","Colonia","Navojoa","Sonora"
"85840","Moderna","Colonia","Navojoa","Sonora"
"85840","Nogalitos","Colonia","Navojoa","Sonora"
"85840","CTM Obrera","Fraccionamiento","Navojoa","Sonora"
"85843","Misión Salvatierra","Fraccionamiento","Navojoa","Sonora"
"85843","Finca Real","Fraccionamiento","Navojoa","Sonora"
"85843","Los Arroyos","Fraccionamiento","Navojoa","Sonora"
"85843","Misión Santa María","Fraccionamiento","Navojoa","Sonora"
"85843","Privada la Herradura","Fraccionamiento","Navojoa","Sonora"
"85843","Residencial Santa María","Fraccionamiento","Navojoa","Sonora"
"85843","La Herradura","Fraccionamiento","Navojoa","Sonora"
"85845","Pueblo Viejo","Colonia","Navojoa","Sonora"
"85850","Allende","Colonia","Navojoa","Sonora"
"85850","Mocúzarit","Colonia","Navojoa","Sonora"
"85850","Rosales","Colonia","Navojoa","Sonora"
"85850","Miravalle","Colonia","Navojoa","Sonora"
"85860","Beltrones II","Colonia","Navojoa","Sonora"
"85860","Central","Colonia","Navojoa","Sonora"
"85860","Deportiva","Colonia","Navojoa","Sonora"
"85860","ITSON","Colonia","Navojoa","Sonora"
"85860","Beltrones","Colonia","Navojoa","Sonora"
"85860","Ampliación Beltrones","Colonia","Navojoa","Sonora"
"85864","FOVISSSTESON","Fraccionamiento","Navojoa","Sonora"
"85864","Brisas del Valle","Fraccionamiento","Navojoa","Sonora"
"85864","FOVISSSTE","Fraccionamiento","Navojoa","Sonora"
"85865","Pradera Dorada","Fraccionamiento","Navojoa","Sonora"
"85870","Villas de Fátima","Fraccionamiento","Navojoa","Sonora"
"85870","Residencial Palermo","Fraccionamiento","Navojoa","Sonora"
"85870","Juárez","Colonia","Navojoa","Sonora"
"85870","Santa Bárbara","Fraccionamiento","Navojoa","Sonora"
"85874","Villa Dorada","Fraccionamiento","Navojoa","Sonora"
"85874","La Joya","Fraccionamiento","Navojoa","Sonora"
"85874","Bugambilias","Fraccionamiento","Navojoa","Sonora"
"85874","Los Laureles","Fraccionamiento","Navojoa","Sonora"
"85874","Los Girasoles","Fraccionamiento","Navojoa","Sonora"
"85880","Santa Clara","Colonia","Navojoa","Sonora"
"85880","Francisco Villa","Colonia","Navojoa","Sonora"
"85880","Jacarandas II","Colonia","Navojoa","Sonora"
"85880","Jacarandas","Fraccionamiento","Navojoa","Sonora"
"85880","Tierra y Libertad","Colonia","Navojoa","Sonora"
"85880","Licenciado Armando López Nogales","Colonia","Navojoa","Sonora"
"85880","Guadalupana","Colonia","Navojoa","Sonora"
"85880","Aeropuerto","Fraccionamiento","Navojoa","Sonora"
"85890","Sonora","Colonia","Navojoa","Sonora"
"85890","SOP","Colonia","Navojoa","Sonora"
"85890","INFONAVIT Sonora","Fraccionamiento","Navojoa","Sonora"
"85890","Arboledas","Fraccionamiento","Navojoa","Sonora"
"85890","Indeur","Fraccionamiento","Navojoa","Sonora"
"85890","Sonora Progresista","Colonia","Navojoa","Sonora"
"85890","Profesor Rosario Ruelas","Colonia","Navojoa","Sonora"
"85890","Minas de Arena","Colonia","Navojoa","Sonora"
"85890","Privada del Pedregal","Colonia","Navojoa","Sonora"
"85893","Nueva Generación","Colonia","Navojoa","Sonora"
"85893","16 de Junio","Colonia","Navojoa","Sonora"
"85894","Real del Álamo","Fraccionamiento","Navojoa","Sonora"
"85894","23 de Abril","Colonia","Navojoa","Sonora"
"85894","La Marqueza","Colonia","Navojoa","Sonora"
"85894","Las Torres","Colonia","Navojoa","Sonora"
"85894","Misión del Sol","Colonia","Navojoa","Sonora"
"85894","Tetaboca","Fraccionamiento","Navojoa","Sonora"
"85894","Misioneros del Sur","Fraccionamiento","Navojoa","Sonora"
"85894","Tepeyac","Colonia","Navojoa","Sonora"
"85894","Misioneros","Fraccionamiento","Navojoa","Sonora"
"85895","Industrial Park Navojoa","Zona industrial","Navojoa","Sonora"
"85895","16 de Septiembre","Colonia","Navojoa","Sonora"
"85896","Los Valles","Fraccionamiento","Navojoa","Sonora"
"85896","Valle Grande","Fraccionamiento","Navojoa","Sonora"
"85900","Huatabampo Centro","Colonia","Huatabampo","Sonora"
"85910","Ibarra","Colonia","Huatabampo","Sonora"
"85913","Del Valle","Colonia","Huatabampo","Sonora"
"85914","Las Abejas","Fraccionamiento","Huatabampo","Sonora"
"85914","El Porvenir","Colonia","Huatabampo","Sonora"
"85920","Lázaro Cárdenas","Colonia","Huatabampo","Sonora"
"85925","La Trinidad","Colonia","Huatabampo","Sonora"
"85930","14 de Enero","Colonia","Huatabampo","Sonora"
"85930","El Sauce","Colonia","Huatabampo","Sonora"
"85930","Muñoz","Colonia","Huatabampo","Sonora"
"85935","Las Palmas","Fraccionamiento","Huatabampo","Sonora"
"85935","Nuevo Amanecer","Colonia","Huatabampo","Sonora"
"85935","Parque Industrial","Zona industrial","Huatabampo","Sonora"
"85937","Nueva Esperanza","Colonia","Huatabampo","Sonora"
"85937","Los Naranjos","Colonia","Huatabampo","Sonora"
"85937","Independencia","Colonia","Huatabampo","Sonora"
"85938","Campo Larrinaga","Colonia","Huatabampo","Sonora"
"85940","El Alhuate","Colonia","Huatabampo","Sonora"
"85940","Pascual Orozco","Colonia","Huatabampo","Sonora"
"85940","Beltrones","Fraccionamiento","Huatabampo","Sonora"
"85940","Óscar López","Colonia","Huatabampo","Sonora"
"85943","Colosio","Colonia","Huatabampo","Sonora"
"85950","Obregón","Colonia","Huatabampo","Sonora"
"85960","La Ranchería","Colonia","Huatabampo","Sonora"
"85966","Santa Cruz","Colonia","Huatabampo","Sonora"
"85966","Nueva","Colonia","Huatabampo","Sonora"
"85967","Guadalupe Ríos","Colonia","Huatabampo","Sonora"
"85968","La Laguna","Colonia","Huatabampo","Sonora"
"85968","PRI 90","Colonia","Huatabampo","Sonora"
"85970","Díaz","Fraccionamiento","Huatabampo","Sonora"
"85970","Anselmo Macías","Colonia","Huatabampo","Sonora"
"85977","Los Juris","Fraccionamiento","Huatabampo","Sonora"
"85977","Privada Residencial La Hacienda","Fraccionamiento","Huatabampo","Sonora"
"85980","El Rastro Viejo","Colonia","Huatabampo","Sonora"
"85980","El Control","Colonia","Huatabampo","Sonora"
"85984","INFONAVIT Los Juris","Colonia","Huatabampo","Sonora"
"85984","El Trébol","Fraccionamiento","Huatabampo","Sonora"
"85984","Nueva Creación","Fraccionamiento","Huatabampo","Sonora"
"85990","La Cuchilla","Colonia","Huatabampo","Sonora"
"85990","Unidad Deportiva","Colonia","Huatabampo","Sonora"
"85994","La Unión","Colonia","Huatabampo","Sonora"
"85994","Instituto Tecnológico de Huatabampo","Equipamiento","Huatabampo","Sonora"
